-- MySQL dump 10.13  Distrib 8.0.43, for Win64 (x86_64)
--
-- Host: localhost    Database: mu_result_app
-- ------------------------------------------------------
-- Server version	8.1.0

/*!40101 SET @OLD_CHARACTER_SET_CLIENT=@@CHARACTER_SET_CLIENT */;
/*!40101 SET @OLD_CHARACTER_SET_RESULTS=@@CHARACTER_SET_RESULTS */;
/*!40101 SET @OLD_COLLATION_CONNECTION=@@COLLATION_CONNECTION */;
/*!50503 SET NAMES utf8 */;
/*!40103 SET @OLD_TIME_ZONE=@@TIME_ZONE */;
/*!40103 SET TIME_ZONE='+00:00' */;
/*!40014 SET @OLD_UNIQUE_CHECKS=@@UNIQUE_CHECKS, UNIQUE_CHECKS=0 */;
/*!40014 SET @OLD_FOREIGN_KEY_CHECKS=@@FOREIGN_KEY_CHECKS, FOREIGN_KEY_CHECKS=0 */;
/*!40101 SET @OLD_SQL_MODE=@@SQL_MODE, SQL_MODE='NO_AUTO_VALUE_ON_ZERO' */;
/*!40111 SET @OLD_SQL_NOTES=@@SQL_NOTES, SQL_NOTES=0 */;

--
-- Table structure for table `courses`
--

DROP TABLE IF EXISTS `courses`;
/*!40101 SET @saved_cs_client     = @@character_set_client */;
/*!50503 SET character_set_client = utf8mb4 */;
CREATE TABLE `courses` (
  `id` int NOT NULL AUTO_INCREMENT,
  `department_id` int NOT NULL,
  `level_id` int NOT NULL,
  `semester_id` int NOT NULL,
  `name` varchar(255) CHARACTER SET utf8mb4 COLLATE utf8mb4_general_ci NOT NULL,
  `code` varchar(50) CHARACTER SET utf8mb4 COLLATE utf8mb4_general_ci NOT NULL,
  `credit_load` int NOT NULL,
  `level` varchar(50) CHARACTER SET utf8mb4 COLLATE utf8mb4_general_ci DEFAULT NULL,
  `active` int DEFAULT '0',
  `created_at` timestamp NOT NULL DEFAULT CURRENT_TIMESTAMP,
  `updated_at` timestamp NOT NULL DEFAULT CURRENT_TIMESTAMP ON UPDATE CURRENT_TIMESTAMP,
  PRIMARY KEY (`id`),
  KEY `department_id` (`department_id`),
  KEY `level_id` (`level_id`),
  KEY `semester_id` (`semester_id`),
  CONSTRAINT `courses_ibfk_1` FOREIGN KEY (`department_id`) REFERENCES `departments` (`id`),
  CONSTRAINT `courses_ibfk_2` FOREIGN KEY (`level_id`) REFERENCES `levels` (`id`),
  CONSTRAINT `courses_ibfk_3` FOREIGN KEY (`semester_id`) REFERENCES `semesters` (`id`)
) ENGINE=InnoDB AUTO_INCREMENT=386 DEFAULT CHARSET=utf8mb4 COLLATE=utf8mb4_general_ci;
/*!40101 SET character_set_client = @saved_cs_client */;

--
-- Dumping data for table `courses`
--

LOCK TABLES `courses` WRITE;
/*!40000 ALTER TABLE `courses` DISABLE KEYS */;
INSERT INTO `courses` VALUES (1,14,2,1,'Practical Pharmaceutics (Dispensing I & 2)','PCT 215',1,'',1,'2025-02-07 09:14:25','2025-09-18 08:39:45'),(2,12,1,1,'General Biology I','BIO 101',2,'',1,'2025-02-07 09:14:25','2025-09-18 08:39:30'),(3,13,2,1,'Introductory Physiology and Blood','PIO 201A',2,'',1,'2025-02-07 09:14:25','2025-09-18 08:39:30'),(4,31,2,1,'Entrepreneurship and Innovation','ENT 211',2,'',1,'2025-02-07 09:14:25','2025-09-18 08:39:30'),(5,11,3,1,'Neurophysiology I','PIO 305',2,'',1,'2025-02-07 09:14:25','2025-09-18 08:39:30'),(6,6,2,1,'Engineering Mathematics I','GET 209',3,'',1,'2025-02-07 09:14:25','2025-09-18 08:39:30'),(7,14,2,1,'Pharmaceutics Calculations and Preparations','PCT 211',3,'',1,'2025-02-07 09:14:25','2025-09-18 08:39:30'),(8,16,2,1,'Mathematical Methods I','MTH 201',2,'',1,'2025-02-07 09:14:25','2025-09-18 08:39:30'),(9,1,1,1,'Principles of Public Relations','MCM 102',1,'',1,'2025-02-07 09:14:25','2025-09-18 08:39:30'),(10,1,1,1,'Introduction to Advertising','MCM 103',1,'',1,'2025-02-07 09:14:25','2025-09-18 08:39:30'),(11,1,2,1,'Writing for Public Relations','MCM 213',2,'',1,'2025-02-07 09:14:25','2025-09-18 08:39:30'),(12,16,2,1,'Computer Programming I','COS 201',3,'',1,'2025-02-07 09:14:25','2025-09-18 08:39:30'),(13,18,1,1,'Elementary Mathematics I','MTH 101',2,'',1,'2025-02-07 09:14:25','2025-09-18 08:39:30'),(14,31,1,1,'Fundamentals of Agricultural Practice','FAP 111',1,NULL,1,'2025-02-07 09:14:25','2025-09-18 08:39:30'),(15,13,2,1,'Anatomy of Upper and Lower Limb','ANA 201',3,'',1,'2025-02-07 09:14:25','2025-09-18 08:39:30'),(16,5,1,1,'Introduction to Mechatronics Engineering','MCE 101',2,'',1,'2025-02-07 09:14:25','2025-09-18 08:39:30'),(17,2,1,1,'Principles of Economics I','ECO 101',2,'',1,'2025-02-07 09:14:25','2025-09-18 08:39:30'),(18,1,1,1,'Foundations of broadcasting and film','MCM 101',2,'',1,'2025-02-07 09:14:25','2025-09-18 08:39:30'),(19,1,2,1,'Drama, Film and Documentary Production','MCM 209',2,'',1,'2025-02-07 09:14:25','2025-09-18 08:39:30'),(20,11,2,1,'Man and the Environment','COM 203',2,'',1,'2025-02-07 09:14:25','2025-09-18 08:39:30'),(21,27,1,1,'Introduction to Psychology','PSY 101',2,'',1,'2025-02-07 09:14:25','2025-09-18 08:39:30'),(22,3,2,1,'Introduction to Political analysis','IRL 203',2,NULL,1,'2025-02-07 09:14:25','2025-09-18 08:39:30'),(23,3,1,1,'The Rise of Nation States','IRL 104',2,'',1,'2025-02-07 09:14:25','2025-09-18 08:39:30'),(24,27,1,1,'Legal Methods I','PUL 101',2,'',1,'2025-02-07 09:14:25','2025-09-18 08:39:30'),(25,19,2,1,'Introduction to Cybersecurity and Strategy','CYB201',2,'',1,'2025-02-07 09:14:25','2025-09-18 08:39:30'),(26,1,1,1,'Introduction to human communication','CMS101',2,'',1,'2025-02-07 09:14:25','2025-09-18 08:39:30'),(27,2,2,1,'Mathematics for Economists','ECO 207',2,'',1,'2025-02-07 09:14:25','2025-09-18 08:39:30'),(28,27,2,1,'Dynamics of Transformational Thinking','DTT 211',1,'',1,'2025-02-07 09:14:25','2025-09-18 08:39:30'),(29,3,1,1,'Ancestors of the International System','IRL 101',2,'',1,'2025-02-07 09:14:25','2025-09-18 08:39:30'),(30,3,2,1,'Introduction to Computer and its Application','SSC 202',3,'',1,'2025-02-07 09:14:25','2025-09-18 08:39:30'),(31,15,2,1,'Applied Electricity Laboratory','GET 236',1,'',1,'2025-02-07 09:14:25','2025-09-18 08:39:30'),(32,2,2,1,'Introduction to Macroeconomics','ECO 203',2,'',1,'2025-02-07 09:14:25','2025-09-18 08:39:30'),(33,31,2,1,'Fundamentals of Agricultural Practice','FAP 211',1,'',1,'2025-02-07 09:14:25','2025-09-18 08:39:30'),(35,27,1,1,'English for Legal Writing','LAW 101',2,'',1,'2025-02-07 09:14:25','2025-09-18 08:39:30'),(36,27,2,1,'Nigerian Legal System I','PUL 203',4,'',1,'2025-02-07 09:14:25','2025-09-18 08:39:30'),(37,32,1,1,'Entrepreneurship and Innovation','GST 211',2,'',1,'2025-02-07 09:14:25','2025-09-18 08:39:30'),(38,6,2,1,'Fundamentals of Thermodynamics','GET 206',2,'',1,'2025-02-07 09:14:25','2025-09-18 08:39:30'),(39,14,2,1,'Physical Pharmaceutical Chemistry','PCH 231',3,'',1,'2025-02-07 09:14:25','2025-09-18 08:39:30'),(40,12,2,1,'Introduction to General Microbiology','MCB 201',2,'',1,'2025-02-07 09:14:25','2025-09-18 08:39:30'),(41,1,2,1,'History of Nigerian Media','CMS 201',2,'',1,'2025-02-07 09:14:25','2025-09-18 08:39:30'),(42,10,2,1,'Introduction to Microeconomics I','ECO 201',2,'',1,'2025-02-07 09:14:25','2025-09-18 08:39:30'),(43,2,1,1,'Introduction to Computing','AMS 103',2,'',1,'2025-02-07 09:14:25','2025-09-18 08:39:30'),(44,14,2,1,'Introductory Pharmacognosy (Pharmacognosy IA)','PCG 241',3,'',1,'2025-02-07 09:14:25','2025-09-18 08:39:30'),(45,15,1,1,'Introduction to Mechanical Engineering','MEE 101',2,'',1,'2025-02-07 09:14:25','2025-09-18 08:39:30'),(46,2,1,1,'Introductory Mathematics I','ECO 103',2,'',1,'2025-02-07 09:14:25','2025-09-18 08:39:30'),(47,10,1,1,'Principle of Management','AMS 101',1,'',1,'2025-02-07 09:14:25','2025-09-18 08:39:30'),(48,13,1,1,'Introduction to Computer Science','COS 101',1,'',1,'2025-02-07 09:14:25','2025-09-18 08:39:30'),(49,1,2,1,'Techniques in Book publishing','MCM 205',2,'',1,'2025-02-07 09:14:25','2025-09-18 08:39:30'),(50,3,1,1,'Constitutional Development','IRL 102',2,'',1,'2025-02-07 09:14:25','2025-09-18 08:39:30'),(51,13,2,1,'Introduction to Medical Psychology','COM 205',2,'',1,'2025-02-07 09:14:25','2025-09-18 08:39:30'),(52,6,2,1,'Students Workshop Practice','GET 204',2,'',1,'2025-02-07 09:14:25','2025-09-18 08:39:30'),(53,19,1,1,'Computer Application Packages I','CSC 111',2,'',1,'2025-02-07 09:14:25','2025-09-18 08:39:30'),(54,16,2,1,'Discrete Structures','CSC 203',2,'',1,'2025-02-07 09:14:25','2025-09-18 08:39:30'),(56,3,2,1,'Political Thought Since Hobbes','IRL 205',2,'',1,'2025-02-07 09:14:25','2025-09-18 08:39:30'),(57,18,2,1,'Digital Logic Design','IFT 211',2,'',1,'2025-02-07 09:14:25','2025-09-18 08:39:30'),(58,19,2,1,'Cybercrime, Law and Counter measures','CYB203',2,'',1,'2025-02-07 09:14:25','2025-09-18 08:39:30'),(59,1,2,1,'Feature Writing','MCM 203',2,'',1,'2025-02-07 09:14:25','2025-09-18 08:39:30'),(60,12,1,1,'General Biology Practical','BIO 107',1,'',1,'2025-02-07 09:14:25','2025-09-18 08:39:30'),(61,13,2,1,'Foundation of Nursing I','NSC 201',2,'',1,'2025-02-07 09:14:25','2025-09-18 08:39:30'),(62,2,2,1,'Elements of Managerial Economics','ECO 211',2,'',1,'2025-02-07 09:14:25','2025-09-18 08:39:30'),(63,6,2,1,'Engineering Graphics and Solid Modeling II','GET 203',2,'',1,'2025-02-07 09:14:25','2025-09-18 08:39:30'),(65,3,2,1,'New States in World Politics','IRL 207',2,'',1,'2025-02-07 09:14:25','2025-09-18 08:39:30'),(66,3,1,1,'Introduction to African Politics','IRL 103',2,'',1,'2025-02-07 09:14:25','2025-09-18 08:39:30'),(68,6,2,1,'Applied Mechanics Laboratory Practical','GET 239',1,'',1,'2025-02-07 09:14:25','2025-09-18 08:39:30'),(69,31,1,1,'Philosophy, Logic, and Human Existence','GST 212',2,'',1,'2025-02-07 09:14:25','2025-09-18 08:39:30'),(71,31,2,1,'Fundamentals of Leadership Development','FLD 211',1,'',1,'2025-02-07 09:14:25','2025-09-18 08:39:30'),(73,13,2,1,'Practical Biochemistry','BCH MBC291',1,'',1,'2025-02-07 09:14:25','2025-09-18 08:39:30'),(74,31,2,1,'Biographical Studies and Rapid Reading','BRR 211',1,'',1,'2025-02-07 09:14:25','2025-09-18 08:39:30'),(75,6,2,1,'Applied Electricity I','GET 201',3,'',1,'2025-02-07 09:14:25','2025-09-18 08:39:30'),(76,19,1,1,'General Mathematics','MTH 112',3,'',1,'2025-02-07 09:14:25','2025-09-18 08:39:30'),(77,19,1,1,'Use of English','GSP 102',2,'',1,'2025-02-07 09:14:25','2025-09-18 08:39:30'),(78,25,1,1,'Communication in English Language 1','GST 111',2,'',1,'2025-02-07 09:14:25','2025-09-18 08:39:30'),(79,23,1,1,'Fundamentals of  Leadership Development  ','FLD 111',1,'',1,'2025-02-07 09:14:25','2025-09-18 08:39:30'),(80,30,1,1,'LIE111','LIE111',1,'',1,'2025-02-07 09:14:25','2025-09-18 08:39:30'),(81,19,1,1,'Entrepreneurship & Wealth Creation ','EWC 111',1,'',1,'2025-02-07 09:14:25','2025-09-18 08:39:30'),(82,18,1,1,'Descriptive Statistics','STA 111',1,'',1,'2025-02-07 09:14:25','2025-09-18 08:39:30'),(84,8,1,1,'GET101','GET101',1,'',1,'2025-02-07 09:14:25','2025-09-18 08:39:30'),(85,8,1,1,'CHM107','CHM107',1,'',1,'2025-02-07 09:14:25','2025-09-18 08:39:30'),(87,11,1,1,'Biology Practical for Pharmacy','BIO 108',1,'',1,'2025-02-07 09:14:25','2025-09-18 08:39:30'),(89,9,1,1,'PUL101','PUL101',2,'',1,'2025-02-07 09:14:25','2025-09-18 08:39:30'),(90,9,1,1,'LAW101','LAW101',2,'',1,'2025-02-07 09:14:25','2025-09-18 08:39:30'),(92,7,1,1,'Introduction to Computer Engineering','CPE 101',2,'',1,'2025-02-07 09:14:25','2025-09-18 08:39:30'),(93,12,1,1,'CHM1107','CHM1107',1,'',1,'2025-02-07 09:14:25','2025-09-18 08:39:30'),(94,19,1,1,'Language of the Immediate Environment OR','LIE 111',1,'',1,'2025-02-07 09:14:25','2025-09-18 08:39:30'),(95,18,1,1,'Introduction to Computing Sciences','COS 101',2,'',1,'2025-02-07 09:14:25','2025-09-18 08:39:30'),(96,13,1,1,'MHT 101','MHT 101',1,'',1,'2025-02-07 09:14:25','2025-09-18 08:39:30'),(97,14,1,1,'Introduction to Pharmacy','PCY 101',2,'',1,'2025-02-07 09:14:25','2025-09-18 08:39:30'),(98,24,1,1,'GENERAL MATHEMATICS 1','MTH111',2,'',1,'2025-02-07 09:14:25','2025-09-18 08:39:30'),(99,19,1,1,'INTRODUCTION TO CYBER SECURITY','COM 120',3,'',1,'2025-02-07 09:14:25','2025-09-18 08:39:30'),(100,24,1,1,'GENERAL PHYSICS 2','PHY112',2,'',1,'2025-02-07 09:14:25','2025-09-18 08:39:30'),(101,25,2,1,'Philosophy,	Logic, and Human Existence','GST 212',2,'',1,'2025-02-07 09:14:25','2025-09-18 08:39:30'),(102,25,2,1,'Entrepreneurship and Innovation','ENT 211',2,'',1,'2025-02-07 09:14:25','2025-09-18 08:39:30'),(103,10,2,1,'Financial Accounting I','ACC 201',2,'',1,'2025-02-07 09:14:25','2025-09-18 08:39:30'),(104,10,2,1,'Corporate Governance & Accounting Ethics','ACC 203',2,'',1,'2025-02-07 09:14:25','2025-09-18 08:39:30'),(105,10,2,1,'Elements of Managerial Economics','ECO 211',2,'',1,'2025-02-07 09:14:25','2025-09-18 08:39:30'),(106,10,2,1,'Economics of Food Security','ECO 221',2,'',1,'2025-02-07 09:14:25','2025-09-18 08:39:30'),(107,10,2,1,'Treasury Management','ACC 211',2,'',1,'2025-02-07 09:14:25','2025-09-18 08:39:30'),(108,16,2,1,'Biographical Studies and Rapid Reading','BRR 211',1,'',1,'2025-02-07 09:14:25','2025-09-18 08:39:30'),(112,9,2,1,'Nigerian Legal System I','PUL 203',4,'',1,'2025-02-07 09:14:25','2025-09-18 08:39:30'),(113,9,2,1,'Law of Contract I','CIL 201',4,'',1,'2025-02-07 09:14:25','2025-09-18 08:39:30'),(114,9,2,1,'Dynamics of Transformational Thinking','DTT 211',1,'',1,'2025-02-07 09:14:25','2025-09-18 08:39:30'),(116,19,2,1,'Computer Programming I','COS 201',3,'',1,'2025-02-07 09:14:25','2025-09-18 08:39:30'),(118,18,2,1,'Programming with C++','CSC 211',2,'',1,'2025-02-07 09:14:25','2025-09-18 08:39:30'),(119,19,2,1,'Introduction	to Cybersecurity and Strategy','CYB201',3,'',1,'2025-02-07 09:14:25','2025-09-18 08:39:30'),(120,19,2,1,'Human Computer Interaction (HCI)','INS 202',2,'',1,'2025-02-07 09:14:25','2025-09-18 08:39:30'),(121,19,2,1,'Cybercrime, Law and Counter measures','CYB 203',2,'',1,'2025-02-07 09:14:25','2025-09-18 08:39:30'),(122,18,2,1,'Digital Logic Design','IFT 211',2,'',1,'2025-02-07 09:14:25','2025-09-18 08:39:30'),(123,17,2,1,'Mathematical Methods II','MTH 202',2,'',1,'2025-02-07 09:14:25','2025-09-18 08:39:30'),(124,18,2,1,'Fundamentals of Strategic Communication','FSC 211',1,'',1,'2025-02-07 09:14:25','2025-09-18 08:39:30'),(125,13,2,1,'Renal and Body Fluids Physiology','PIO 212',2,'',1,'2025-02-07 09:14:25','2025-09-18 08:39:30'),(126,13,2,1,'Anatomy of Thorax, Abdomen, Pelvis and Perinium','ANA 204',3,'',1,'2025-02-07 09:14:25','2025-09-18 08:39:30'),(127,13,2,1,'Biochemistry - General and Medical','BCH 201 A',2,'',1,'2025-02-07 09:14:25','2025-09-18 08:39:30'),(128,13,2,1,'Foundation of Nursing II','NSC 202',2,'',1,'2025-02-07 09:14:25','2025-09-18 08:39:30'),(129,13,2,1,'Introduction to Medical Psychology','COM 205',1,'',1,'2025-02-07 09:14:25','2025-09-18 08:39:30'),(130,14,2,1,'Anatomy of Upper and Lower Limbs','ANA 201',2,'',1,'2025-02-07 09:14:25','2025-09-18 08:39:30'),(131,11,2,1,'Introductory Physiology and Bl','PIO	210',1,'',1,'2025-02-07 09:14:25','2025-09-18 08:39:30'),(132,11,3,1,'Neurophysiology I','PIO 305',2,'',1,'2025-02-07 09:14:25','2025-09-18 08:39:30'),(133,11,2,1,'Electrophysics I','PHY 201',2,'',1,'2025-02-07 09:14:25','2025-09-18 08:39:30'),(134,11,2,1,'Introduction to Medical Sociology','COM 201',2,'',1,'2025-02-07 09:14:25','2025-09-18 08:39:30'),(135,11,2,1,'Man and the Environment','COM 203',2,'',1,'2025-02-07 09:14:25','2025-09-18 08:39:30'),(136,12,2,1,'Entrepreneurship and Innovations','ENT 212',2,'',1,'2025-02-07 09:14:25','2025-09-18 08:39:30'),(137,14,2,1,'General and Systemic Embryology','ANA 203',2,'',1,'2025-02-07 09:14:25','2025-09-18 08:39:30'),(138,12,2,1,'General Biochemistry Practical','BCH 203',1,'',1,'2025-02-07 09:14:25','2025-09-18 08:39:30'),(139,12,2,1,'Histology of Basic Tissues','ANA 202',2,'',1,'2025-02-07 09:14:25','2025-09-18 08:39:30'),(142,6,2,1,'General Chemistry I','CHM 101',2,'',1,'2025-02-07 09:14:25','2025-09-18 08:39:30'),(143,6,1,1,'General Practical Chemistry I','CHM107',1,'',1,'2025-02-07 09:14:25','2025-09-18 08:39:30'),(145,15,2,1,'Engineering Mathematics I','GET 209',3,'',1,'2025-02-07 09:14:25','2025-09-18 08:39:30'),(147,7,2,1,'Engineering Mathematics II','GET 210',3,'',1,'2025-02-07 09:14:25','2025-09-18 08:39:30'),(149,15,2,1,'Engineering Materials','GET 202',3,'',1,'2025-02-07 09:14:25','2025-09-18 08:39:30'),(150,5,2,1,'Applied Electricity Laboratory','GET 236',1,'',1,'2025-02-07 09:14:25','2025-09-18 08:39:30'),(151,14,2,1,'Introductory and Blood Physiology','PIO 201',3,'',1,'2025-02-07 09:14:25','2025-09-18 08:39:30'),(152,14,2,1,'Introduction to Pharmacognosy','PCG 201',3,'',1,'2025-02-07 09:14:25','2025-09-18 08:39:30'),(153,14,2,1,'Physical Pharmaceutical Chemistry','PCH 201',3,'',1,'2025-02-07 09:14:25','2025-09-18 08:39:30'),(154,14,2,1,'Pharmaceutics','PCT 201',2,'',1,'2025-02-07 09:14:25','2025-09-18 08:39:30'),(155,14,2,1,'Information and Communication Technology in Pharmacy I','ICT 201',2,'',1,'2025-02-07 09:14:25','2025-09-18 08:39:30'),(156,14,2,1,'Dispensing Practical I','PCT 203',1,'',1,'2025-02-07 09:14:25','2025-09-18 08:39:30'),(157,23,1,1,'Nigerian Peoples and Culture ','GST 112 ',2,'',1,'2025-02-07 09:14:25','2025-09-18 08:39:30'),(158,23,1,1,'Foreign Language Studies','FLS 111',1,'',1,'2025-02-07 09:14:25','2025-09-18 08:39:30'),(159,10,1,1,'Accounting and Financial Technology','ACC 111',2,'',1,'2025-02-07 09:14:25','2025-09-18 08:39:30'),(160,6,1,1,'General Physics I','PHY 101',2,'',1,'2025-02-07 09:14:25','2025-09-18 08:39:30'),(161,6,1,1,'General Physics IV','PHY 104',2,'',1,'2025-02-07 09:14:25','2025-09-18 08:39:30'),(162,27,2,1,'Constitutional Law I','PUL 201',4,'',1,'2025-02-07 09:14:25','2025-09-18 08:39:30'),(163,27,2,1,'Law of Contract I','CIL 201',4,'',1,'2025-02-07 09:14:25','2025-09-18 08:39:30'),(164,2,1,1,'Introduction to Accounting I','ACC101',2,'',1,'2025-02-07 09:14:25','2025-09-18 08:39:30'),(165,27,1,1,'Word Processing and Application Packages I','LAW 112',2,'',1,'2025-02-07 09:14:25','2025-09-18 08:39:30'),(166,6,1,1,'The Engineer in the Society','GET 101',1,'',1,'2025-02-07 09:14:25','2025-09-18 08:39:30'),(168,2,1,1,'Introduction to Political Science','POS 101',2,'',1,'2025-02-07 09:14:25','2025-09-18 08:39:30'),(170,27,1,1,'Introduction to Social and Political Philosophy','PHL 105',2,'',1,'2025-02-07 09:14:25','2025-09-18 08:39:30'),(171,3,1,1,'Introduction to International Relations','IRL 111',2,'',1,'2025-02-07 09:14:25','2025-09-18 08:39:30'),(172,27,2,1,'Law of Consumer Protection 1','CPL 211',1,'',1,'2025-02-07 09:14:25','2025-09-18 08:39:30'),(173,1,1,1,'Introduction to Word Processing','MCM 112',1,'',1,'2025-02-07 09:14:25','2025-09-18 08:39:30'),(174,1,2,1,'Introduction to Computer and its Application','SSC 201',3,'',1,'2025-02-07 09:14:25','2025-09-18 08:39:30'),(175,12,2,1,'Introduction to Medical Laboratory Science','MLS 201',2,'',1,'2025-02-07 09:14:25','2025-09-18 08:39:30'),(176,13,2,1,'Nursing Ethics','NSC 211',2,'',1,'2025-02-07 09:14:25','2025-09-18 08:39:30'),(177,6,1,1,'General Practical Physics I','PHY 107',1,'',1,'2025-02-07 09:14:25','2025-09-18 08:39:30'),(178,14,2,1,'Introduction to Pharmaceutics (Dispensing)','PCT 213',3,'',1,'2025-02-07 09:14:25','2025-09-18 08:39:30'),(179,6,2,1,'Applied Mechanics','GET 214',2,'',1,'2025-02-07 09:14:25','2025-09-18 08:39:30'),(180,2,2,1,'Structure of the Nigerian Economy','ECO 205',2,'',1,'2025-02-07 09:14:25','2025-09-18 08:39:30'),(182,1,2,1,'Radio/TV News Reporting and production','MCM 207',2,'',1,'2025-02-07 09:14:25','2025-09-18 08:39:30'),(183,2,1,1,'Economics of Human Development I','ECO 111',2,'',1,'2025-02-07 09:14:25','2025-09-18 08:39:30'),(184,14,2,1,'General Principles of Physiology, Blood & Homeostasis, renal, Endocrine and Excitable Tissues\r\n','PIO 201B',2,'1',1,'2025-02-27 07:47:57','2025-09-18 08:39:30'),(185,14,2,1,'Basic Anatomy and Histology','ANA 201B',2,'1',1,'2025-02-27 07:49:18','2025-09-18 08:39:30'),(186,14,2,1,'General Biochemistry	','BCH 201B',2,NULL,1,'2025-02-27 08:01:29','2025-09-18 08:39:30'),(187,18,2,1,'Introduction to software engineering ','SEN 201',2,NULL,1,'2025-02-27 08:03:09','2025-09-18 08:39:30'),(189,3,1,1,'Introduction to International Relations ','IRL 111',2,NULL,1,'2025-03-03 09:55:13','2025-09-18 08:39:30'),(190,3,2,1,'Introduction to Political Analysis','203',2,NULL,1,'2025-03-03 09:56:58','2025-09-18 08:39:30'),(191,12,2,1,'General Bio-Chemistry ','BCH 201C',3,'Level 200',1,'2025-03-11 05:57:19','2025-09-18 08:39:30'),(192,11,2,1,'General Bio-Chemistry ','BCH 201D',3,'Level 200',1,'2025-03-11 05:57:55','2025-09-18 08:39:30'),(194,31,1,2,'Communication in English Language 11','GST 121',2,'1',1,'2025-06-13 11:20:21','2025-09-18 08:39:30'),(195,31,1,2,'Nigeria and the Wider World','NWW 121',1,'1',1,'2025-06-13 11:20:21','2025-09-18 08:39:30'),(196,31,1,2,'Life skills and Healthy Living','LSH 121',1,'1',1,'2025-06-13 11:20:21','2025-09-18 08:39:30'),(197,31,1,2,'Entrepreneurship and Wealth Creation','EWC 121',1,'1',1,'2025-06-13 11:20:21','2025-09-18 08:39:30'),(198,31,1,2,'Fundamentals of Agricultural Practice','FAP 121',1,'1',1,'2025-06-13 11:20:21','2025-09-18 08:39:30'),(199,31,1,2,'Fundamentals of Leadership Development','FLD 121',1,'1',1,'2025-06-13 11:20:21','2025-09-18 08:39:30'),(200,31,1,2,'Principles of Management','AMS 102',2,'1',1,'2025-06-13 11:20:21','2025-09-18 08:39:30'),(201,31,1,2,'Principles of Project Management','AMS 104',2,'1',1,'2025-06-13 11:20:21','2025-09-18 08:39:30'),(202,31,1,2,'Introduction to Financial Accounting II','ACC102',2,'1',1,'2025-06-13 11:20:21','2025-09-18 08:39:30'),(203,31,1,2,'Principles of Finance 1','FIN 101',2,'1',1,'2025-06-13 11:20:21','2025-09-18 08:39:30'),(204,31,1,2,'Basic Accounting Laboratory and Workshop I','ACC 121',2,NULL,1,'2025-06-13 11:20:21','2025-09-18 08:39:30'),(205,31,1,2,'Introductory Mathematics II','ECO 104',2,'1',1,'2025-06-13 11:20:21','2025-09-18 08:39:30'),(206,31,1,2,'Accounting and Financial Technology','ACC 111',2,'1',1,'2025-06-13 11:20:21','2025-09-18 08:39:30'),(207,31,1,2,'Accounting Information systems','ACC 124',2,'1',1,'2025-06-13 11:20:21','2025-09-18 08:39:30'),(208,31,1,2,'Principles of Economics II','ECO 102',2,'1',1,'2025-06-13 11:20:21','2025-09-18 08:39:30'),(209,31,1,2,'Fundamentals of Data Analytics','ECO121',2,'1',1,'2025-06-13 11:20:21','2025-09-18 08:39:30'),(210,31,1,2,'Economics of Human Development II','ECO 122',2,'1',1,'2025-06-13 11:20:21','2025-09-18 08:39:30'),(211,31,1,2,'Introduction to African Politics','POS 102',2,'1',1,'2025-06-13 11:20:21','2025-09-18 08:39:30'),(212,31,1,2,'Foundations of Behaviour','PSY111',2,'1',1,'2025-06-13 11:20:21','2025-09-18 08:39:30'),(213,31,1,2,'International Political System','IRL 112',2,'1',1,'2025-06-13 11:20:21','2025-09-18 08:39:30'),(214,31,1,2,'History of Nigeria','IRL 105',2,'1',1,'2025-06-13 11:20:21','2025-09-18 08:39:30'),(215,31,1,2,'Evolution of the Contemporary International System','IRL 123',2,'1',1,'2025-06-13 11:20:21','2025-09-18 08:39:30'),(216,31,1,2,'Fundamentals of Strategic Studies','IRL 122',2,'1',1,'2025-06-13 11:20:21','2025-09-18 08:39:30'),(217,31,1,2,'Nigerian Legal System','IRL 124',2,'1',1,'2025-06-13 11:20:21','2025-09-18 08:39:30'),(218,31,1,2,'Basic Statistics for International Relations','IRL 121',2,'1',1,'2025-06-13 11:24:46','2025-09-18 08:39:30'),(219,31,1,2,'Introduction to Psychology','PSY122',2,'1',1,'2025-06-13 11:24:46','2025-09-18 08:39:30'),(220,31,1,2,'Economics of Human Development','ECO122',2,'1',1,'2025-06-13 11:24:46','2025-09-18 08:39:30'),(221,31,1,2,'Citizenship and State','IRL 125',2,'1',1,'2025-06-13 11:24:46','2025-09-18 08:39:30'),(222,31,1,2,'Introductory French','FRN 102',1,'1',1,'2025-06-13 11:24:46','2025-09-18 08:39:30'),(223,31,1,2,'Writing for the Mass Media','CMS 102',2,'1',1,'2025-06-13 11:24:46','2025-09-18 08:39:30'),(224,31,1,2,'Principles of Public Relations','MCM104',2,'1',1,'2025-06-13 11:24:46','2025-09-18 08:39:30'),(225,31,1,2,'Introduction to Book Publishing','MCM 105',2,'1',1,'2025-06-13 11:24:46','2025-09-18 08:39:30'),(226,31,1,2,'African Communication Systems','MCM 106',2,'1',1,'2025-06-13 11:24:46','2025-09-18 08:39:30'),(227,31,1,2,'Introduction to Photojournalism','MCM 107',2,'1',1,'2025-06-13 11:24:46','2025-09-18 08:39:30'),(228,31,1,2,'Introduction to Coding and programming','MCM 113',2,'1',1,'2025-06-13 11:24:46','2025-09-18 08:39:30'),(229,31,1,2,'African Traditional Advertising','MCM 122',2,'1',1,'2025-06-13 11:24:46','2025-09-18 08:39:30'),(230,31,1,2,'Introduction to social media','MCM 121',2,'1',1,'2025-06-13 11:24:46','2025-09-18 08:39:30'),(231,31,1,1,'Introduction to Civil Engineering','CEE 101',2,'1',1,'2025-06-13 11:24:46','2025-09-18 08:39:30'),(232,31,1,1,'General Chemistry II','CHM 102',2,'1',1,'2025-06-13 11:24:46','2025-09-18 08:39:30'),(233,31,1,1,'General Practical Chemistry II','CHM 108',1,'1',1,'2025-06-13 11:24:46','2025-09-18 08:39:30'),(234,31,1,1,'Elementary Mathematics II','MTH102',2,'1',1,'2025-06-13 11:24:46','2025-09-18 08:39:30'),(235,31,1,1,'Elementary Mathematics II','MTH 102',2,'1',1,'2025-06-13 11:24:46','2025-09-18 08:39:30'),(236,31,1,1,'Introduction to Statistics and Probability','MTH 112',2,'1',1,'2025-06-13 11:24:46','2025-09-18 08:39:30'),(237,31,1,1,'General Physics IV','PHY 104',2,'1',1,'2025-06-13 11:24:46','2025-09-18 08:39:30'),(238,31,1,1,'General Physics II','PHY 102',2,'1',1,'2025-06-13 11:24:46','2025-09-18 08:39:30'),(239,31,1,1,'Engineering Graphics and Solid Modelling','GET 102',2,'1',1,'2025-06-13 11:24:46','2025-09-18 08:39:30'),(240,31,1,1,'The Engineer in the Society','GET 101',1,'1',1,'2025-06-13 11:24:46','2025-09-18 08:39:30'),(241,31,1,1,'Human Computer Interaction','CSC 124',2,'1',1,'2025-06-13 11:24:46','2025-09-18 08:39:30'),(243,31,1,1,'General chemistry  Practical 11','CHM 108',1,'1',1,'2025-06-13 11:24:46','2025-09-18 08:39:30'),(244,31,1,1,'Descriptive Statistics II','STA 112',2,'1',1,'2025-06-13 11:24:46','2025-09-18 08:39:30'),(245,31,1,1,'Problem Solving','COS 102',2,'1',1,'2025-06-13 11:24:46','2025-09-18 08:39:30'),(246,31,1,1,'Introduction to Computational Biology','CSC 122',2,'1',1,'2025-06-13 11:24:46','2025-09-18 08:39:30'),(247,31,1,1,'Computer Application Packages II','CSC 121',2,'1',1,'2025-06-13 11:24:46','2025-09-18 08:39:30'),(248,31,1,1,'Computer Architecture and Organization','CSC 126',2,'1',1,'2025-06-13 11:24:46','2025-09-18 08:39:30'),(249,31,1,1,'Introduction to Electrical and Electronics Engineering','EEE 102',2,'1',1,'2025-06-13 11:24:46','2025-09-18 08:39:30'),(250,31,1,1,'Elementary Mathematics III','MTH103',2,'1',1,'2025-06-13 10:32:43','2025-09-18 08:39:30'),(251,31,1,1,'General Physics II','PHY 102',2,'1',1,'2025-06-13 10:32:43','2025-09-18 08:39:30'),(252,31,1,1,'Human Computer Interaction','CSC 124',2,'1',1,'2025-06-13 10:32:43','2025-09-18 08:39:30'),(253,31,1,1,'General Practical Physics II','PHY 108',1,'1',1,'2025-06-13 10:32:43','2025-09-18 08:39:30'),(254,31,1,1,'Problem Solving','COS 102',2,'1',1,'2025-06-13 10:32:43','2025-09-18 08:39:30'),(255,31,1,1,'Computer Application Packages II','CSC 121',2,'1',1,'2025-06-13 10:32:43','2025-09-18 08:39:30'),(256,31,1,1,'Introduction to Computational Biology','CSC 122',2,'1',1,'2025-06-13 10:32:43','2025-09-18 08:39:30'),(258,31,1,1,'General Chemistry II','CHEM 102',2,'1',1,'2025-06-13 10:32:43','2025-09-18 08:39:30'),(259,31,1,1,'General Practical Chemistry II','CHEM 108',1,'1',1,'2025-06-13 10:32:43','2025-09-18 08:39:30'),(260,31,1,1,'Elementary Mathematics III','MTH 103',2,'1',1,'2025-06-13 10:32:43','2025-09-18 08:39:30'),(261,31,1,1,'General Physics III','PHY 103',2,'1',1,'2025-06-13 10:32:43','2025-09-18 08:39:30'),(262,31,1,1,'General Physics IV','PHY 104',2,'1',1,'2025-06-13 10:32:43','2025-09-18 08:39:30'),(263,32,2,2,'Life Skills and Healthy Living','LSH 221',2,'1',1,'2025-06-13 11:53:56','2025-09-18 08:39:30'),(264,32,2,2,'Entrepreneurship and Wealth Creation','EWC 221',2,'1',1,'2025-06-13 11:53:56','2025-09-18 08:39:30'),(265,32,2,2,'Fundamentals of Agricultural Practices','FAP 221',2,'1',1,'2025-06-13 11:53:56','2025-09-18 08:39:30'),(266,32,2,2,'Fundamentals of Leadership Development','FLD 221',2,'1',1,'2025-06-13 11:53:56','2025-09-18 08:39:30'),(267,32,2,2,'Financial Accounting II','ACC 202',2,'1',1,'2025-06-13 11:53:56','2025-09-18 08:39:30'),(268,32,2,2,'Cost Accounting','ACC 204',2,'1',1,'2025-06-13 11:53:56','2025-09-18 08:39:30'),(270,32,2,2,'Introduction to Micro-economics II','ECO 202',2,'1',1,'2025-06-13 11:53:56','2025-09-18 08:39:30'),(271,32,2,2,'Principles of Management','AMS 102',2,'1',1,'2025-06-13 11:53:56','2025-09-18 08:39:30'),(272,32,2,2,'Basic Accounting Laboratory and Workshop 1','ACC 121',2,'1',1,'2025-06-13 11:53:56','2025-09-18 08:39:30'),(273,32,2,2,'Financial Statement Analysis','ACC 221',2,'1',1,'2025-06-13 11:53:56','2025-09-18 08:39:30'),(274,32,2,2,'Financial Accounting Theory','ACC 222',2,'1',1,'2025-06-13 11:53:56','2025-09-18 08:39:30'),(275,32,2,2,'Introduction to Macroeconomics II','ECO 204',2,'1',1,'2025-06-13 11:53:56','2025-09-18 08:39:30'),(276,32,2,2,'Statistics for Economists','ECO 206',2,'1',1,'2025-06-13 11:53:56','2025-09-18 08:39:30'),(277,32,2,2,'Economics of Food Security','ECO 221',2,'1',1,'2025-06-13 11:53:56','2025-09-18 08:39:30'),(278,32,2,2,'Economics for the Transport and Tourism Industry','ECO 222',2,'1',1,'2025-06-13 11:53:56','2025-09-18 08:39:30'),(279,32,2,2,'Economics and Population Dynamics','ECO 223',2,'1',1,'2025-06-13 11:53:56','2025-09-18 08:39:30'),(280,32,2,2,'Economics and Data Analysis','ECO 224',2,'1',1,'2025-06-13 11:53:56','2025-09-18 08:39:30'),(281,32,2,2,'Structure of International Society','IRL 202',2,NULL,1,'2025-06-13 11:53:56','2025-09-18 08:39:30'),(282,32,2,2,'Political Thought Plato-Machiavelli','IRL 204',2,NULL,1,'2025-06-13 11:53:56','2025-09-18 08:39:30'),(283,32,2,2,'Foundation of Political Economy','IRL 206',2,NULL,1,'2025-06-13 11:53:56','2025-09-18 08:39:30'),(284,32,2,2,'European Diplomatic Scene','IRL 222',2,'1',1,'2025-06-13 11:53:56','2025-09-18 08:39:30'),(285,32,2,2,'Democracy and the Civil Society','IRL 224',2,'1',1,'2025-06-13 11:53:56','2025-09-18 08:39:30'),(286,32,2,2,'International Terrorism','IRL 225',2,'1',1,'2025-06-13 11:53:56','2025-09-18 08:39:30'),(287,32,2,2,'The Politics of Energy Resources','IRL 226',2,'1',1,'2025-06-13 11:53:56','2025-09-18 08:39:30'),(288,32,2,2,'Introduction to Social and Political Philosophy','PHL 212',2,'1',1,'2025-06-13 11:53:56','2025-09-18 08:39:30'),(289,32,2,2,'Intermediate French','FRN 202',2,'1',1,'2025-06-13 11:53:56','2025-09-18 08:39:30'),(290,32,2,2,'Editing and Graphics of Communication','MCM 202',2,'1',1,'2025-06-13 11:53:56','2025-09-18 08:39:30'),(291,32,2,2,'Advanced and Specialized Reporting','MCM 204',2,'1',1,'2025-06-13 11:53:56','2025-09-18 08:39:30'),(292,32,2,2,'Manuscript Editing, Layout and Design in Book Publishing','MCM 206',2,'1',1,'2025-06-13 11:53:56','2025-09-18 08:39:30'),(293,32,2,2,'Radio/Television Programme Writing','MCM 208',2,'1',1,'2025-06-13 11:53:56','2025-09-18 08:39:30'),(294,32,2,2,'Presentation and Performance','MCM 210',2,'1',1,'2025-06-13 11:53:56','2025-09-18 08:39:30'),(295,32,2,2,'Marketing Foundations for Public Relations and Advertising','MCM 212',2,'1',1,'2025-06-13 11:53:56','2025-09-18 08:39:30'),(296,32,2,2,'Critical and Review Writing','MCM 221',2,'1',1,'2025-06-13 11:53:56','2025-09-18 08:39:30'),(297,32,2,2,'Advert Copy Writing','MCM 214',2,'1',1,'2025-06-13 11:53:56','2025-09-18 08:39:30'),(298,32,2,2,'Fundamentals of Media Relations','MCM 216',2,'1',1,'2025-06-13 11:53:56','2025-09-18 08:39:30'),(299,32,2,2,'Constitutional Law II','PPL 202',2,'1',1,'2025-06-13 11:55:30','2025-09-18 08:39:30'),(300,32,2,2,'Nigerian Legal System II','PPL 204',2,'1',1,'2025-06-13 11:55:30','2025-09-18 08:39:30'),(301,32,2,2,'Law of Contract II','CPL 202',2,'1',1,'2025-06-13 11:55:30','2025-09-18 08:39:30'),(302,32,2,2,'Law of Consumer Protection','CPL 212',2,'1',1,'2025-06-13 11:55:30','2025-09-18 08:39:30'),(303,32,2,2,'Theories of Negotiation','LAW 214',2,'1',1,'2025-06-13 11:55:30','2025-09-18 08:39:30'),(304,32,2,2,'Dynamics of Transformational Thinking II','DTT 212',2,'1',1,'2025-06-13 11:55:30','2025-09-18 08:39:30'),(305,32,2,2,'Elementary Differential Equations','MTH 202',2,'1',1,'2025-06-13 11:55:30','2025-09-18 08:39:30'),(306,32,2,2,'Computer Programming II','COS 202',2,'1',1,'2025-06-13 11:55:30','2025-09-18 08:39:30'),(307,32,2,2,'SIWES I','CSC 299',2,'1',1,'2025-06-13 11:55:30','2025-09-18 08:39:30'),(308,32,2,2,'Regression and Analysis of Variance','CSC 221',2,'1',1,'2025-06-13 11:55:30','2025-09-18 08:39:30'),(309,32,2,2,'Computer Architecture and Organization','IFT 212',2,'1',1,'2025-06-13 11:55:30','2025-09-18 08:39:30'),(310,32,2,2,'Introduction to Software Engineering','SEN 201',2,'1',1,'2025-06-13 11:55:30','2025-09-18 08:39:30'),(311,32,2,2,'Systems Analysis and Design','INS 204',2,'1',1,'2025-06-13 11:55:30','2025-09-18 08:39:30'),(312,32,2,2,'Python Programming Language I','CSC 224',2,'1',1,'2025-06-13 11:55:30','2025-09-18 08:39:30'),(313,32,2,2,'Fundamentals of Internet Programming','CSC 223',2,'1',1,'2025-06-13 11:55:30','2025-09-18 08:39:30'),(314,32,2,2,'Object-Oriented Programming','CSC 222',2,'1',1,'2025-06-13 11:55:30','2025-09-18 08:39:30'),(315,32,2,2,'Introduction to Networking','CYB 222',2,'1',1,'2025-06-13 11:55:30','2025-09-18 08:39:30'),(316,32,2,2,'Discrete Structures','CSC 203',2,'1',1,'2025-06-13 11:55:30','2025-09-18 08:39:30'),(317,32,2,2,'Gross Anatomy','ANA 221',2,'1',1,'2025-06-13 11:55:30','2025-09-18 08:39:30'),(318,32,2,2,'Embryology','ANA 223',2,'1',1,'2025-06-13 11:55:30','2025-09-18 08:39:30'),(319,32,2,2,'Physiology (Respiratory, ANS, GIT, Renals and Practical Physiology)','PIO 214',2,'1',1,'2025-06-13 11:55:30','2025-09-18 08:39:30'),(320,32,2,2,'Biochemistry – General and Medical II: Metabolism of Carbohydrates and Lipids','BCH 202',2,'1',1,'2025-06-13 11:55:30','2025-09-18 08:39:30'),(321,32,2,2,'Principles of Psycho–Social Nursing in Health–Related Professions','NSC 214',2,'1',1,'2025-06-13 11:55:30','2025-09-18 08:39:30'),(322,32,2,2,'Foundation of Nursing II','NSC 202',2,'1',1,'2025-06-13 11:55:30','2025-09-18 08:39:30'),(323,32,2,2,'Psychology in Nursing','NSC 212',2,'1',1,'2025-06-13 11:55:30','2025-09-18 08:39:30'),(324,32,2,2,'Basic Nutrition in Nursing','NSC 204',2,'1',1,'2025-06-13 11:55:30','2025-09-18 08:39:30'),(325,32,2,2,'Nursing Practicum/Clinical','NSC 262',2,'1',1,'2025-06-13 11:55:30','2025-09-18 08:39:30'),(326,32,2,2,'General and Cellular Pathology','NSC 206',2,'1',1,'2025-06-13 11:55:30','2025-09-18 08:39:30'),(327,32,2,2,'Histology','ANA 222',2,'1',1,'2025-06-13 11:56:39','2025-09-18 08:39:30'),(328,32,2,2,'Electro-physics II','PHY 202',2,'1',1,'2025-06-13 11:56:39','2025-09-18 08:39:30'),(329,32,2,2,'Introduction to Medical Psychology','COM 205',2,'1',1,'2025-06-13 11:56:39','2025-09-18 08:39:30'),(330,32,2,2,'Evolution and Development of Medical Education in Nigeria','MDH 203',2,'1',1,'2025-06-13 11:56:39','2025-09-18 08:39:30'),(331,32,2,2,'Clinical Skills','CSS 202',2,'1',1,'2025-06-13 11:56:39','2025-09-18 08:39:30'),(332,32,2,2,'Renal and Gastrointestinal Physiology','PIO 216',2,'1',1,'2025-06-13 11:56:39','2025-09-18 08:39:30'),(333,32,2,2,'Basic Practical Physiology II','PIO 292',2,'1',1,'2025-06-13 11:56:39','2025-09-18 08:39:30'),(334,32,2,2,'Biostatistics','STA 201',2,'1',1,'2025-06-13 11:56:39','2025-09-18 08:39:30'),(335,32,2,2,'Engineering Materials','GET 202',2,'1',1,'2025-06-13 11:56:39','2025-09-18 08:39:30'),(336,32,2,2,'Engineering Mathematics II','GET 210',2,'1',1,'2025-06-13 11:56:39','2025-09-18 08:39:30'),(337,32,2,2,'SIWES I: Students Work Experience Scheme','GET 299',2,'1',1,'2025-06-13 11:56:39','2025-09-18 08:39:30'),(338,32,2,2,'Strength of Materials','GET 208',2,'1',1,'2025-06-13 11:56:39','2025-09-18 08:39:30'),(339,32,2,2,'Computing and Software Engineering','GET 211',2,'1',1,'2025-06-13 11:56:39','2025-09-18 08:39:30'),(340,32,2,2,'Civil Engineering Drawing','CEE 201',2,'1',1,'2025-06-13 11:56:39','2025-09-18 08:39:30'),(341,32,2,2,'Students Workshop Practice','GET 204',2,'1',1,'2025-06-13 11:56:39','2025-09-18 08:39:30'),(342,32,2,2,'Applied Mechanics','GET 207',2,'1',1,'2025-06-13 11:56:39','2025-09-18 08:39:30'),(343,32,2,2,'Human Computer Interaction (HCI)','INS 202',2,'1',1,'2025-06-13 11:56:39','2025-09-18 08:39:30'),(344,32,2,2,'Fundamentals of Fluid Mechanics','GET 205',2,'1',1,'2025-06-13 11:56:39','2025-09-18 08:39:30'),(345,32,2,2,'Electrical Engineering Materials','EEE 204',2,'1',1,'2025-06-13 11:56:39','2025-09-18 08:39:30'),(346,32,2,2,'Disinfection and Sterilisation','PMB 224',2,'1',1,'2025-06-13 11:56:39','2025-09-18 08:39:30'),(347,32,2,2,'Renals, Gastrointestinal, Respiratory, Autonomic nervous system, Endocrinology, Reproductive, Neurophysiology','PIO 225',2,'1',1,'2025-06-13 11:56:39','2025-09-18 08:39:30'),(348,32,2,2,'Introduction to Industrial Pharmacy','PIP 212',2,'1',1,'2025-06-13 11:56:39','2025-09-18 08:39:30'),(349,32,2,2,'Practical Pharmaceutical Microbiology I','PMB 222',2,'1',1,'2025-06-13 11:56:39','2025-09-18 08:39:30'),(350,32,2,2,'Pharmaceutical Chemistry IB','PCH 232',2,'1',1,'2025-06-13 11:56:39','2025-09-18 08:39:30'),(351,32,2,2,'Practical Pharmaceutical Chemistry IB','PCH 234',2,'1',1,'2025-06-13 11:56:39','2025-09-18 08:39:30'),(352,32,2,2,'Indigenous Medicinal Plant (Pharmacognosy IB)','PCG 242',2,'1',1,'2025-06-13 11:56:39','2025-09-18 08:39:30'),(353,32,2,2,'Practical Pharmacognosy IB','PCG 244',2,'1',1,'2025-06-13 11:56:39','2025-09-18 08:39:30'),(354,32,2,2,'Introduction to Pharmacy','CPP 262',2,'1',1,'2025-06-13 11:56:39','2025-09-18 08:39:30'),(355,31,1,2,'Determinants of Behavior','PSY 102',2,'100',1,'2025-06-14 04:48:20','2025-09-18 08:39:30'),(356,31,1,2,'Cost Accounting','ACC 1204',2,'200',1,'2025-06-14 08:38:52','2025-09-18 08:39:30'),(357,32,2,1,'FLD','FLD 212',1,'',1,'2025-02-07 09:14:25','2025-09-18 08:39:30'),(358,31,1,1,'Introduction to Medical Sociology','COM 102',2,'100 Level',1,'2025-06-17 08:52:24','2025-09-18 08:39:30'),(359,11,1,2,'Computers in Medicine','MDH 104',2,'100 Level',1,'2025-06-17 08:52:24','2025-09-18 08:39:30'),(360,31,1,2,'PMB 102','PMB 102',2,'100 Level',1,'2025-02-07 09:14:25','2025-09-18 08:39:30'),(361,31,1,2,'PPL 102','PPL 102',2,'100 Level',1,'2025-02-07 09:14:25','2025-09-18 08:39:30'),(362,31,1,2,'SAT 112','SAT 112',2,'100 Level',1,'2025-02-07 09:14:25','2025-09-18 08:39:30'),(363,31,1,2,'SAT 112','SAT 112',2,'100 Level',1,'2025-02-07 09:14:25','2025-09-18 08:39:30'),(364,32,2,2,'Foundation of Political Economy','IRL 206',2,'1',1,'2025-06-13 11:56:39','2025-09-18 08:39:30'),(365,31,1,2,'ELEMENTS OF SUSTAINABLE DEVELOPMENT','LAW 127',2,'1',1,'2025-06-13 11:56:39','2025-09-18 08:39:30'),(366,32,2,2,'RESPIRATORY, ENDOCRINE, NEUROPHYSIOLOGY','PIO 202',2,'1',1,'2025-06-13 11:56:39','2025-09-18 08:39:30'),(367,31,1,2,'Computer Application Packages II','LAW 114',2,'1',1,'2025-06-13 11:56:39','2025-09-18 08:39:30'),(368,14,2,2,'General Biochemistry (Pharmacy)','BCH 202 (Pharm)',2,'1',1,'2025-06-13 11:56:39','2025-09-18 08:39:30'),(369,31,1,2,'General Biology II','BIO 102',2,'1',1,'2025-06-13 11:56:39','2025-09-18 08:39:30'),(370,31,2,2,'Gross Anatomy, Neoroanatomy and Embryology and Histology for Pharmacy','ANA 202 {Pharm)',2,'1',1,'2025-06-13 11:56:39','2025-09-18 08:39:30'),(371,31,1,1,'Nigeria and the Wider World (Reseat)','NWW 121 (Reseat)',2,'1',1,'2025-06-13 11:56:39','2025-09-18 08:39:30'),(372,32,2,1,'Lifestyle and Healthy Living (Reseat)','LSH 221 (Reseat)',2,'1',1,'2025-06-13 11:56:39','2025-09-18 08:39:30'),(373,31,1,1,'Lifestyle and Healthy Living (Reseat)','LSH 121 (Reseat)',2,'1',1,'2025-06-13 11:56:39','2025-09-18 08:39:30'),(374,31,1,1,'Communication in English II (Reseat)','GST 121 (Reseat)',2,'1',1,'2025-06-13 11:56:39','2025-09-18 08:39:30'),(375,32,2,1,'Fundamentals of Leadership Development (Reseat)','FLD 221 (Reseat)',2,'1',1,'2025-06-13 11:56:39','2025-09-18 08:39:30'),(376,32,2,1,'Fundamentals of Agricultural Practice (Reseat)','FAP 221 (Reseat)',2,'1',1,'2025-06-13 11:56:39','2025-09-18 08:39:30'),(377,31,1,1,'African Traditional Advertising (Reseat)','MCM 122 (Reseat)',2,'1',1,'2025-06-13 11:56:39','2025-09-18 08:39:30'),(378,32,2,1,'Introduction to Industrial Pharmacy (Reseat)','PIP 212 (Reseat)',2,'1',1,'2025-06-13 11:56:39','2025-09-18 08:39:30'),(379,32,2,2,'Accounting Laboratory','ACC 206',2,NULL,1,'2025-07-29 06:26:19','2025-09-18 08:39:30'),(380,31,1,2,'APPLY MECHANICS','GET 114',3,NULL,1,'2025-07-31 07:17:11','2025-09-18 08:39:30'),(384,30,3,2,'LIE323','LIE 323',1,NULL,1,'2025-09-18 09:14:16','2025-09-18 09:14:16'),(385,7,1,1,'tttttt','TST 111',11,NULL,1,'2025-09-22 17:25:51','2025-09-22 17:25:51');
/*!40000 ALTER TABLE `courses` ENABLE KEYS */;
UNLOCK TABLES;

--
-- Table structure for table `departments`
--

DROP TABLE IF EXISTS `departments`;
/*!40101 SET @saved_cs_client     = @@character_set_client */;
/*!50503 SET character_set_client = utf8mb4 */;
CREATE TABLE `departments` (
  `id` int NOT NULL AUTO_INCREMENT,
  `faculty_id` int NOT NULL,
  `name` varchar(255) CHARACTER SET utf8mb4 COLLATE utf8mb4_general_ci NOT NULL,
  `created_at` timestamp NOT NULL DEFAULT CURRENT_TIMESTAMP,
  `updated_at` timestamp NOT NULL DEFAULT CURRENT_TIMESTAMP ON UPDATE CURRENT_TIMESTAMP,
  PRIMARY KEY (`id`),
  KEY `faculty_id` (`faculty_id`),
  CONSTRAINT `departments_ibfk_1` FOREIGN KEY (`faculty_id`) REFERENCES `faculties` (`id`)
) ENGINE=InnoDB AUTO_INCREMENT=36 DEFAULT CHARSET=utf8mb4 COLLATE=utf8mb4_general_ci;
/*!40101 SET character_set_client = @saved_cs_client */;

--
-- Dumping data for table `departments`
--

LOCK TABLES `departments` WRITE;
/*!40000 ALTER TABLE `departments` DISABLE KEYS */;
INSERT INTO `departments` VALUES (1,2,'Mass Communication','2025-02-07 09:14:25','2025-02-19 00:56:38'),(2,2,'Economics','2025-02-07 09:14:25','2025-02-07 09:14:25'),(3,2,'International Relations','2025-02-07 09:14:25','2025-02-07 09:14:25'),(5,3,'Mechanical Engineering','2025-02-07 09:14:25','2025-02-07 09:14:25'),(6,3,'Civil Engineering','2025-02-07 09:14:25','2025-02-07 09:14:25'),(7,3,'Computer Engineering','2025-02-07 09:14:25','2025-02-07 09:14:25'),(8,3,'Electrical and Electronics Engineering','2025-02-07 09:14:25','2025-02-07 09:14:25'),(9,4,'Medicine and Surgery','2025-02-07 09:14:25','2025-02-07 09:14:25'),(10,2,'Accounting','2025-02-07 09:14:25','2025-02-26 04:14:06'),(11,6,'Physiotherapy','2025-02-07 09:14:25','2025-02-07 09:14:25'),(12,6,'Medical Laboratory Science','2025-02-07 09:14:25','2025-02-07 09:14:25'),(13,6,'Nursing','2025-02-07 09:14:25','2025-02-07 09:14:25'),(14,8,'Pharmacy','2025-02-07 09:14:25','2025-09-20 14:18:27'),(15,3,'Mechatronics Engineering','2025-02-07 09:14:25','2025-02-07 09:14:25'),(16,7,'Computer science','2025-02-07 09:14:25','2025-02-07 09:14:25'),(17,7,'Information Technology','2025-02-07 09:14:25','2025-02-07 09:14:25'),(18,7,'Software Engineering','2025-02-07 09:14:25','2025-02-07 09:14:25'),(19,7,'Cyber Security','2025-02-07 09:14:25','2025-02-07 09:14:25'),(23,6,'Public Health','2025-02-07 09:14:25','2025-02-07 09:14:25'),(24,6,'Radiography','2025-02-07 09:14:25','2025-02-07 09:14:25'),(25,9,'IJMB Department','2025-02-07 09:14:25','2025-02-07 09:14:25'),(27,1,'Law','2025-02-07 09:14:25','2025-02-07 09:14:25'),(28,10,'Demo Department','2025-02-07 07:12:15','2025-02-07 07:16:04'),(30,10,'All Departments','2025-02-07 07:14:00','2025-02-20 02:26:26'),(31,10,'All 100 Level','2025-02-07 07:14:25','2025-02-20 02:25:59'),(32,10,'All 200 Level','2025-02-07 07:14:25','2025-02-07 07:14:25'),(33,10,'All 300 Level','2025-02-07 07:14:37','2025-02-20 02:22:54'),(34,10,'All 400 Level','2025-02-07 07:14:52','2025-02-20 02:22:47'),(35,10,'All 500 Level','2025-02-07 07:15:17','2025-02-20 02:22:39');
/*!40000 ALTER TABLE `departments` ENABLE KEYS */;
UNLOCK TABLES;

--
-- Table structure for table `faculties`
--

DROP TABLE IF EXISTS `faculties`;
/*!40101 SET @saved_cs_client     = @@character_set_client */;
/*!50503 SET character_set_client = utf8mb4 */;
CREATE TABLE `faculties` (
  `id` int NOT NULL AUTO_INCREMENT,
  `name` varchar(255) CHARACTER SET utf8mb4 COLLATE utf8mb4_general_ci NOT NULL,
  `created_at` timestamp NOT NULL DEFAULT CURRENT_TIMESTAMP,
  `updated_at` timestamp NOT NULL DEFAULT CURRENT_TIMESTAMP ON UPDATE CURRENT_TIMESTAMP,
  PRIMARY KEY (`id`)
) ENGINE=InnoDB AUTO_INCREMENT=11 DEFAULT CHARSET=utf8mb4 COLLATE=utf8mb4_general_ci;
/*!40101 SET character_set_client = @saved_cs_client */;

--
-- Dumping data for table `faculties`
--

LOCK TABLES `faculties` WRITE;
/*!40000 ALTER TABLE `faculties` DISABLE KEYS */;
INSERT INTO `faculties` VALUES (1,'Legal Studies','2025-02-19 02:56:12','2025-02-19 02:56:12'),(2,'Business and Social Sciences','2025-02-19 02:56:12','2025-02-26 06:13:32'),(3,'Engineering','2025-02-19 02:56:12','2025-02-19 02:56:12'),(4,'Medicine and Surgery','2025-02-19 02:56:12','2025-02-26 06:15:43'),(6,'Health Sciences','2025-02-19 02:56:12','2025-02-19 02:56:12'),(7,'Computing','2025-02-19 02:56:12','2025-02-19 02:56:12'),(8,'Pharmaceutical','2025-02-19 02:56:12','2025-02-19 02:56:12'),(9,'IJMB Faculty','2025-02-19 02:56:12','2025-02-19 02:56:12'),(10,'all-faculties','2025-02-19 02:56:12','2025-02-19 02:56:12');
/*!40000 ALTER TABLE `faculties` ENABLE KEYS */;
UNLOCK TABLES;

--
-- Table structure for table `levels`
--

DROP TABLE IF EXISTS `levels`;
/*!40101 SET @saved_cs_client     = @@character_set_client */;
/*!50503 SET character_set_client = utf8mb4 */;
CREATE TABLE `levels` (
  `id` int NOT NULL AUTO_INCREMENT,
  `name` varchar(255) CHARACTER SET utf8mb4 COLLATE utf8mb4_general_ci NOT NULL,
  `created_at` timestamp NOT NULL DEFAULT CURRENT_TIMESTAMP,
  `updated_at` timestamp NOT NULL DEFAULT CURRENT_TIMESTAMP ON UPDATE CURRENT_TIMESTAMP,
  PRIMARY KEY (`id`)
) ENGINE=InnoDB AUTO_INCREMENT=7 DEFAULT CHARSET=utf8mb4 COLLATE=utf8mb4_general_ci;
/*!40101 SET character_set_client = @saved_cs_client */;

--
-- Dumping data for table `levels`
--

LOCK TABLES `levels` WRITE;
/*!40000 ALTER TABLE `levels` DISABLE KEYS */;
INSERT INTO `levels` VALUES (1,'100','2025-06-26 05:12:19','2025-09-20 13:59:23'),(2,'200','2025-06-26 05:12:24','2025-09-20 13:59:23'),(3,'300','2025-06-26 05:12:28','2025-09-20 13:59:23'),(4,'400','2025-06-26 05:12:34','2025-09-20 13:59:23'),(5,'500','2025-06-26 05:12:38','2025-09-20 13:59:23'),(6,'600','2025-09-20 13:59:23','2025-09-20 13:59:23');
/*!40000 ALTER TABLE `levels` ENABLE KEYS */;
UNLOCK TABLES;

--
-- Table structure for table `results`
--

DROP TABLE IF EXISTS `results`;
/*!40101 SET @saved_cs_client     = @@character_set_client */;
/*!50503 SET character_set_client = utf8mb4 */;
CREATE TABLE `results` (
  `id` int NOT NULL AUTO_INCREMENT,
  `course_id` int NOT NULL,
  `session_id` int NOT NULL,
  `semester_id` int NOT NULL,
  `blocked` int NOT NULL DEFAULT '0',
  `registration_number` varchar(100) NOT NULL,
  `cat_score` decimal(5,2) DEFAULT NULL,
  `exam_score` decimal(5,2) DEFAULT NULL,
  `grade` varchar(1) NOT NULL,
  `created_at` timestamp NOT NULL DEFAULT CURRENT_TIMESTAMP,
  `updated_at` timestamp NOT NULL DEFAULT CURRENT_TIMESTAMP ON UPDATE CURRENT_TIMESTAMP,
  PRIMARY KEY (`id`),
  KEY `course_id` (`course_id`),
  KEY `session_id` (`session_id`)
) ENGINE=InnoDB AUTO_INCREMENT=655 DEFAULT CHARSET=utf8mb4 COLLATE=utf8mb4_0900_ai_ci;
/*!40101 SET character_set_client = @saved_cs_client */;

--
-- Dumping data for table `results`
--

LOCK TABLES `results` WRITE;
/*!40000 ALTER TABLE `results` DISABLE KEYS */;
INSERT INTO `results` VALUES (1,299,2,2,0,'MU/23/0001',17.00,41.00,'C','2025-09-22 14:08:47','2025-09-22 14:08:47'),(2,299,2,2,0,'MU/23/0002',0.00,0.00,'F','2025-09-22 14:08:47','2025-09-22 14:08:47'),(3,299,2,2,0,'MU/23/0003',17.00,29.00,'D','2025-09-22 14:08:47','2025-09-22 14:08:47'),(4,299,2,2,0,'MU/23/0004',18.00,40.00,'C','2025-09-22 14:08:47','2025-09-22 14:08:47'),(5,299,2,2,0,'MU/23/0005',20.00,50.00,'A','2025-09-22 14:08:47','2025-09-22 14:08:47'),(6,299,2,2,0,'MU/23/0006',22.00,70.00,'A','2025-09-22 14:08:47','2025-09-22 14:08:47'),(7,299,2,2,0,'MU/23/0007',19.00,40.00,'C','2025-09-22 14:08:47','2025-09-22 14:08:47'),(8,299,2,2,0,'MU/23/0008',17.00,63.00,'A','2025-09-22 14:08:47','2025-09-22 14:08:47'),(9,299,2,2,0,'MU/23/0009',19.00,64.00,'A','2025-09-22 14:08:47','2025-09-22 14:08:47'),(10,299,2,2,0,'MU/23/0010',21.00,64.00,'A','2025-09-22 14:08:47','2025-09-22 14:08:47'),(11,299,2,2,0,'MU/23/0011',22.00,50.00,'A','2025-09-22 14:08:47','2025-09-22 14:08:47'),(12,299,2,2,0,'MU/23/0012',24.00,71.00,'A','2025-09-22 14:08:47','2025-09-22 14:08:47'),(13,299,2,2,0,'MU/23/0013',18.00,50.00,'B','2025-09-22 14:08:47','2025-09-22 14:08:47'),(14,299,2,2,0,'MU/23/0016',22.00,60.00,'A','2025-09-22 14:08:47','2025-09-22 14:08:47'),(15,299,2,2,0,'MU/23/0017',21.00,71.00,'A','2025-09-22 14:08:47','2025-09-22 14:08:47'),(16,299,2,2,0,'MU/23/0018',15.00,34.00,'D','2025-09-22 14:08:47','2025-09-22 14:08:47'),(17,299,2,2,0,'MU/23/0019',19.00,64.00,'A','2025-09-22 14:08:47','2025-09-22 14:08:47'),(18,299,2,2,0,'MU/23/0020',16.00,46.00,'B','2025-09-22 14:08:47','2025-09-22 14:08:47'),(19,299,2,2,0,'MU/23/0021',17.00,57.00,'A','2025-09-22 14:08:47','2025-09-22 14:08:47'),(20,299,2,2,0,'MU/23/0022',14.00,42.00,'C','2025-09-22 14:08:47','2025-09-22 14:08:47'),(21,299,2,2,0,'MU/23/0023',18.00,50.00,'B','2025-09-22 14:08:47','2025-09-22 14:08:47'),(22,299,2,2,0,'MU/23/0024',20.00,45.00,'B','2025-09-22 14:08:47','2025-09-22 14:08:47'),(23,299,2,2,0,'MU/23/0025',20.00,56.00,'A','2025-09-22 14:08:47','2025-09-22 14:08:47'),(24,299,2,2,0,'MU/23/0026',0.00,0.00,'F','2025-09-22 14:08:47','2025-09-22 14:08:47'),(25,299,2,2,0,'MU/23/0027',16.00,47.00,'B','2025-09-22 14:08:47','2025-09-22 14:08:47'),(26,299,2,2,0,'MU/23/0028',21.00,55.00,'A','2025-09-22 14:08:47','2025-09-22 14:08:47'),(27,299,2,2,0,'MU/23/0029',16.00,34.00,'C','2025-09-22 14:08:47','2025-09-22 14:08:47'),(28,299,2,2,0,'MU/23/0030',20.00,51.00,'A','2025-09-22 14:08:47','2025-09-22 14:08:47'),(29,299,2,2,0,'MU/23/0031',17.00,52.00,'B','2025-09-22 14:08:47','2025-09-22 14:08:47'),(30,299,2,2,0,'MU/23/0032',21.00,70.00,'A','2025-09-22 14:08:47','2025-09-22 14:08:47'),(31,299,2,2,0,'MU/23/0033',21.00,60.00,'A','2025-09-22 14:08:47','2025-09-22 14:08:47'),(32,299,2,2,0,'MU/23/0034',18.00,45.00,'B','2025-09-22 14:08:47','2025-09-22 14:08:47'),(33,299,2,2,0,'MU/23/0035',18.00,50.00,'B','2025-09-22 14:08:47','2025-09-22 14:08:47'),(34,299,2,2,0,'MU/23/0036',19.00,61.00,'A','2025-09-22 14:08:47','2025-09-22 14:08:47'),(35,299,2,2,0,'MU/23/0037',20.00,57.00,'A','2025-09-22 14:08:47','2025-09-22 14:08:47'),(36,299,2,2,0,'MU/23/0039',22.00,64.00,'A','2025-09-22 14:08:47','2025-09-22 14:08:47'),(37,299,2,2,0,'MU/23/0040',22.00,64.00,'A','2025-09-22 14:08:47','2025-09-22 14:08:47'),(38,299,2,2,0,'MU/23/0041',18.00,40.00,'C','2025-09-22 14:08:47','2025-09-22 14:08:47'),(39,299,2,2,0,'MU/23/0042',17.00,31.00,'D','2025-09-22 14:08:47','2025-09-22 14:08:47'),(40,299,2,2,0,'MU/23/0043',13.00,45.00,'C','2025-09-22 14:08:47','2025-09-22 14:08:47'),(41,299,2,2,0,'MU/23/0044',18.00,45.00,'B','2025-09-22 14:08:47','2025-09-22 14:08:47'),(42,299,2,2,0,'MU/23/0045',16.00,41.00,'C','2025-09-22 14:08:47','2025-09-22 14:08:47'),(43,299,2,2,0,'MU/23/0046',17.00,30.00,'D','2025-09-22 14:08:47','2025-09-22 14:08:47'),(44,299,2,2,0,'MU/23/0047',17.00,42.00,'C','2025-09-22 14:08:47','2025-09-22 14:08:47'),(45,299,2,2,0,'MU/23/0049',17.00,52.00,'B','2025-09-22 14:08:47','2025-09-22 14:08:47'),(46,299,2,2,0,'MU/23/0050',19.00,45.00,'B','2025-09-22 14:08:47','2025-09-22 14:08:47'),(47,299,2,2,0,'MU/23/0051',21.00,40.00,'B','2025-09-22 14:08:47','2025-09-22 14:08:47'),(48,299,2,2,0,'MU/23/0052',20.00,45.00,'B','2025-09-22 14:08:47','2025-09-22 14:08:47'),(49,299,2,2,0,'MU/23/0053',0.00,0.00,'F','2025-09-22 14:08:47','2025-09-22 14:08:47'),(50,299,2,2,0,'MU/23/0054',18.00,45.00,'B','2025-09-22 14:08:47','2025-09-22 14:08:47'),(51,299,2,2,0,'MU/23/0055',0.00,0.00,'F','2025-09-22 14:08:47','2025-09-22 14:08:47'),(52,299,2,2,0,'MU/23/0056',0.00,0.00,'F','2025-09-22 14:08:47','2025-09-22 14:08:47'),(53,299,2,2,0,'MU/23/0057',0.00,0.00,'F','2025-09-22 14:08:47','2025-09-22 14:08:47'),(54,299,2,2,0,'MU/23/0058',0.00,0.00,'F','2025-09-22 14:08:47','2025-09-22 14:08:47'),(55,299,2,2,0,'MU/23/0059',18.00,53.00,'A','2025-09-22 14:08:47','2025-09-22 14:08:47'),(56,299,2,2,0,'MU/23/0060',16.00,46.00,'B','2025-09-22 14:08:47','2025-09-22 14:08:47'),(57,299,2,2,0,'MU/23/0061',16.00,35.00,'C','2025-09-22 14:08:47','2025-09-22 14:08:47'),(58,299,2,2,0,'MU/23/0063',19.00,55.00,'A','2025-09-22 14:08:47','2025-09-22 14:08:47'),(59,299,2,2,0,'MU/23/0064',0.00,0.00,'F','2025-09-22 14:08:47','2025-09-22 14:08:47'),(60,299,2,2,0,'MU/23/0065',0.00,0.00,'F','2025-09-22 14:08:47','2025-09-22 14:08:47'),(61,299,2,2,0,'MU/23/0066',15.00,33.00,'D','2025-09-22 14:08:47','2025-09-22 14:08:47'),(62,299,2,2,0,'MU/23/0067',0.00,0.00,'F','2025-09-22 14:08:47','2025-09-22 14:08:47'),(63,299,2,2,0,'MU/23/0068',16.00,45.00,'B','2025-09-22 14:08:47','2025-09-22 14:08:47'),(64,299,2,2,0,'MU/23/0069',15.00,29.00,'E','2025-09-22 14:08:47','2025-09-22 14:08:47'),(65,299,2,2,0,'MU/23/0070',19.00,50.00,'B','2025-09-22 14:08:47','2025-09-22 14:08:47'),(66,299,2,2,0,'MU/23/0071',17.00,54.00,'A','2025-09-22 14:08:47','2025-09-22 14:08:47'),(67,299,2,2,0,'MU/23/0073',19.00,45.00,'B','2025-09-22 14:08:47','2025-09-22 14:08:47'),(68,299,2,2,0,'MU/23/0074',20.00,46.00,'B','2025-09-22 14:08:47','2025-09-22 14:08:47'),(69,299,2,2,0,'MU/23/0075',17.00,40.00,'C','2025-09-22 14:08:47','2025-09-22 14:08:47'),(70,299,2,2,0,'MU/23/0076',15.00,34.00,'D','2025-09-22 14:08:47','2025-09-22 14:08:47'),(71,299,2,2,0,'MU/23/0077',19.00,40.00,'C','2025-09-22 14:08:47','2025-09-22 14:08:47'),(72,299,2,2,0,'MU/23/0078',19.00,40.00,'C','2025-09-22 14:08:47','2025-09-22 14:08:47'),(73,299,2,2,0,'MU/23/0072',22.00,60.00,'A','2025-09-22 14:08:47','2025-09-22 14:08:47'),(74,299,2,2,0,'MU/LW/24/0075',0.00,0.00,'F','2025-09-22 14:08:47','2025-09-22 14:08:47'),(75,299,2,2,0,'MU/LW/24/0074',19.00,46.00,'B','2025-09-22 14:08:47','2025-09-22 14:08:47'),(76,299,2,2,0,'MU/23/0038',17.00,46.00,'B','2025-09-22 14:08:47','2025-09-22 14:08:47'),(77,299,2,2,0,'MU/23/0048',17.00,45.00,'B','2025-09-22 14:08:47','2025-09-22 14:08:47'),(78,81,2,1,0,'MU/LW/24/0001',0.00,60.00,'B','2025-09-22 14:09:44','2025-09-22 14:09:44'),(79,81,2,1,0,'MU/LW/24/0002',0.00,57.00,'C','2025-09-22 14:09:44','2025-09-22 14:09:44'),(80,81,2,1,0,'MU/LW/24/0003',0.00,72.00,'A','2025-09-22 14:09:44','2025-09-22 14:09:44'),(81,81,2,1,0,'MU/LW/24/0004',0.00,57.00,'C','2025-09-22 14:09:44','2025-09-22 14:09:44'),(82,81,2,1,0,'MU/LW/24/0005',0.00,71.00,'A','2025-09-22 14:09:44','2025-09-22 14:09:44'),(83,81,2,1,0,'MU/LW/24/0006',0.00,65.00,'B','2025-09-22 14:09:44','2025-09-22 14:09:44'),(84,81,2,1,0,'MU/LW/24/0007',0.00,64.00,'B','2025-09-22 14:09:44','2025-09-22 14:09:44'),(85,81,2,1,0,'MU/LW/24/0008',0.00,63.00,'B','2025-09-22 14:09:44','2025-09-22 14:09:44'),(86,81,2,1,0,'MU/LW/24/0009',0.00,50.00,'C','2025-09-22 14:09:44','2025-09-22 14:09:44'),(87,81,2,1,0,'MU/LW/24/0010',0.00,56.00,'C','2025-09-22 14:09:44','2025-09-22 14:09:44'),(88,81,2,1,0,'MU/LW/24/0011',0.00,65.00,'B','2025-09-22 14:09:44','2025-09-22 14:09:44'),(89,81,2,1,0,'MU/LW/24/0012',0.00,61.00,'B','2025-09-22 14:09:44','2025-09-22 14:09:44'),(90,81,2,1,0,'MU/LW/24/0013',0.00,64.00,'B','2025-09-22 14:09:44','2025-09-22 14:09:44'),(91,81,2,1,0,'MU/LW/24/0014',0.00,70.00,'A','2025-09-22 14:09:44','2025-09-22 14:09:44'),(92,81,2,1,0,'MU/LW/24/0015',0.00,52.00,'C','2025-09-22 14:09:44','2025-09-22 14:09:44'),(93,81,2,1,0,'MU/LW/24/0016',0.00,50.00,'C','2025-09-22 14:09:44','2025-09-22 14:09:44'),(94,81,2,1,0,'MU/LW/24/0017',0.00,61.00,'B','2025-09-22 14:09:44','2025-09-22 14:09:44'),(95,81,2,1,0,'MU/LW/24/0018',0.00,50.00,'C','2025-09-22 14:09:44','2025-09-22 14:09:44'),(96,81,2,1,0,'MU/LW/24/0019',0.00,73.00,'A','2025-09-22 14:09:44','2025-09-22 14:09:44'),(97,81,2,1,0,'MU/LW/24/0020',0.00,57.00,'C','2025-09-22 14:09:44','2025-09-22 14:09:44'),(98,81,2,1,0,'MU/LW/24/0021',0.00,64.00,'B','2025-09-22 14:09:44','2025-09-22 14:09:44'),(99,81,2,1,0,'MU/LW/24/0022',0.00,71.00,'A','2025-09-22 14:09:44','2025-09-22 14:09:44'),(100,81,2,1,0,'MU/LW/24/0023',0.00,60.00,'B','2025-09-22 14:09:44','2025-09-22 14:09:44'),(101,81,2,1,0,'MU/LW/24/0024',0.00,60.00,'B','2025-09-22 14:09:44','2025-09-22 14:09:44'),(102,81,2,1,0,'MU/LW/24/0025',0.00,58.00,'C','2025-09-22 14:09:44','2025-09-22 14:09:44'),(103,81,2,1,0,'MU/LW/24/0026',0.00,59.00,'C','2025-09-22 14:09:44','2025-09-22 14:09:44'),(104,81,2,1,0,'MU/LW/24/0027',0.00,64.00,'B','2025-09-22 14:09:44','2025-09-22 14:09:44'),(105,81,2,1,0,'MU/LW/24/0028',0.00,65.00,'B','2025-09-22 14:09:44','2025-09-22 14:09:44'),(106,81,2,1,0,'MU/LW/24/0029',0.00,54.00,'C','2025-09-22 14:09:44','2025-09-22 14:09:44'),(107,81,2,1,0,'MU/LW/24/0030',0.00,51.00,'C','2025-09-22 14:09:44','2025-09-22 14:09:44'),(108,81,2,1,0,'MU/LW/24/0031',0.00,68.00,'B','2025-09-22 14:09:44','2025-09-22 14:09:44'),(109,81,2,1,0,'MU/LW/24/0032',0.00,68.00,'B','2025-09-22 14:09:44','2025-09-22 14:09:44'),(110,81,2,1,0,'MU/LW/24/0033',0.00,0.00,'F','2025-09-22 14:09:44','2025-09-22 14:09:44'),(111,81,2,1,0,'MU/LW/24/0034',0.00,48.00,'D','2025-09-22 14:09:44','2025-09-22 14:09:44'),(112,81,2,1,0,'MU/LW/24/0035',0.00,68.00,'B','2025-09-22 14:09:44','2025-09-22 14:09:44'),(113,81,2,1,0,'MU/LW/24/0036',0.00,58.00,'C','2025-09-22 14:09:44','2025-09-22 14:09:44'),(114,81,2,1,0,'MU/LW/24/0037',0.00,57.00,'C','2025-09-22 14:09:44','2025-09-22 14:09:44'),(115,81,2,1,0,'MU/LW/24/0038',0.00,0.00,'F','2025-09-22 14:09:44','2025-09-22 14:09:44'),(116,81,2,1,0,'MU/LW/24/0039',0.00,60.00,'B','2025-09-22 14:09:44','2025-09-22 14:09:44'),(117,81,2,1,0,'MU/LW/24/0040',0.00,66.00,'B','2025-09-22 14:09:44','2025-09-22 14:09:44'),(118,81,2,1,0,'MU/LW/24/0041',0.00,62.00,'B','2025-09-22 14:09:44','2025-09-22 14:09:44'),(119,81,2,1,0,'MU/LW/24/0042',0.00,63.00,'B','2025-09-22 14:09:44','2025-09-22 14:09:44'),(120,81,2,1,0,'MU/LW/24/0043',0.00,62.00,'B','2025-09-22 14:09:44','2025-09-22 14:09:44'),(121,81,2,1,0,'MU/LW/24/0044',0.00,52.00,'C','2025-09-22 14:09:44','2025-09-22 14:09:44'),(122,81,2,1,0,'MU/LW/24/0045',0.00,60.00,'B','2025-09-22 14:09:44','2025-09-22 14:09:44'),(123,81,2,1,0,'MU/LW/24/0046',0.00,66.00,'B','2025-09-22 14:09:44','2025-09-22 14:09:44'),(124,81,2,1,0,'MU/LW/24/0047',0.00,60.00,'B','2025-09-22 14:09:44','2025-09-22 14:09:44'),(125,81,2,1,0,'MU/LW/24/0048',0.00,56.00,'C','2025-09-22 14:09:44','2025-09-22 14:09:44'),(126,81,2,1,0,'MU/LW/24/0049',0.00,60.00,'B','2025-09-22 14:09:44','2025-09-22 14:09:44'),(127,81,2,1,0,'MU/LW/24/0050',0.00,72.00,'A','2025-09-22 14:09:44','2025-09-22 14:09:44'),(128,81,2,1,0,'MU/LW/24/0051',0.00,58.00,'C','2025-09-22 14:09:44','2025-09-22 14:09:44'),(129,81,2,1,0,'MU/LW/24/0052',0.00,58.00,'C','2025-09-22 14:09:44','2025-09-22 14:09:44'),(130,81,2,1,0,'MU/LW/24/0053',0.00,62.00,'B','2025-09-22 14:09:44','2025-09-22 14:09:44'),(131,81,2,1,0,'MU/LW/24/0054',0.00,74.00,'A','2025-09-22 14:09:44','2025-09-22 14:09:44'),(132,81,2,1,0,'MU/LW/24/0055',0.00,68.00,'B','2025-09-22 14:09:44','2025-09-22 14:09:44'),(133,81,2,1,0,'MU/LW/24/0056',0.00,66.00,'B','2025-09-22 14:09:44','2025-09-22 14:09:44'),(134,81,2,1,0,'MU/LW/24/0057',0.00,53.00,'C','2025-09-22 14:09:44','2025-09-22 14:09:44'),(135,81,2,1,0,'MU/LW/24/0058',0.00,66.00,'B','2025-09-22 14:09:44','2025-09-22 14:09:44'),(136,81,2,1,0,'MU/LW/24/0059',0.00,65.00,'B','2025-09-22 14:09:44','2025-09-22 14:09:44'),(137,81,2,1,0,'MU/LW/24/0060',0.00,65.00,'B','2025-09-22 14:09:44','2025-09-22 14:09:44'),(138,81,2,1,0,'MU/LW/24/0061',0.00,55.00,'C','2025-09-22 14:09:44','2025-09-22 14:09:44'),(139,81,2,1,0,'MU/LW/24/0062',0.00,71.00,'A','2025-09-22 14:09:44','2025-09-22 14:09:44'),(140,81,2,1,0,'MU/LW/24/0063',0.00,68.00,'B','2025-09-22 14:09:44','2025-09-22 14:09:44'),(141,81,2,1,0,'MU/LW/24/0064',0.00,0.00,'F','2025-09-22 14:09:44','2025-09-22 14:09:44'),(142,81,2,1,0,'MU/LW/24/0065',0.00,0.00,'F','2025-09-22 14:09:44','2025-09-22 14:09:44'),(143,81,2,1,0,'MU/LW/24/0066',0.00,55.00,'C','2025-09-22 14:09:44','2025-09-22 14:09:44'),(144,81,2,1,0,'MU/LW/24/0067',0.00,57.00,'C','2025-09-22 14:09:44','2025-09-22 14:09:44'),(145,81,2,1,0,'MU/LW/24/0068',0.00,0.00,'F','2025-09-22 14:09:44','2025-09-22 14:09:44'),(146,81,2,1,0,'MU/LW/24/0069',0.00,61.00,'B','2025-09-22 14:09:44','2025-09-22 14:09:44'),(147,81,2,1,0,'MU/LW/24/0070',0.00,0.00,'F','2025-09-22 14:09:45','2025-09-22 14:09:45'),(148,81,2,1,0,'MU/LW/24/0071',0.00,62.00,'B','2025-09-22 14:09:45','2025-09-22 14:09:45'),(149,81,2,1,0,'MU/LW/24/0072',0.00,67.00,'B','2025-09-22 14:09:45','2025-09-22 14:09:45'),(150,81,2,1,0,'MU/LW/24/0073',0.00,0.00,'F','2025-09-22 14:09:45','2025-09-22 14:09:45'),(151,81,2,1,0,'MU/LW/24/0075',0.00,50.00,'C','2025-09-22 14:09:45','2025-09-22 14:09:45'),(152,81,2,1,0,'MU/LW/24/0076',0.00,63.00,'B','2025-09-22 14:09:45','2025-09-22 14:09:45'),(153,235,2,1,0,'MU/PH/24/0076',27.50,45.00,'A','2025-09-22 14:10:40','2025-09-22 14:10:40'),(154,235,2,1,0,'MU/PH/24/0046',21.50,42.00,'B','2025-09-22 14:10:40','2025-09-22 14:10:40'),(155,235,2,1,0,'MU/PH/24/0084',18.50,23.00,'E','2025-09-22 14:10:40','2025-09-22 14:10:40'),(156,235,2,1,0,'MU/PH/24/0065',21.00,39.00,'B','2025-09-22 14:10:40','2025-09-22 14:10:40'),(157,235,2,1,0,'MU/PH/24/0060',24.50,44.00,'B','2025-09-22 14:10:40','2025-09-22 14:10:40'),(158,235,2,1,0,'MU/PH/24/0037',22.00,48.00,'A','2025-09-22 14:10:40','2025-09-22 14:10:40'),(159,235,2,1,0,'MU/PH/24/0029',22.00,34.00,'C','2025-09-22 14:10:40','2025-09-22 14:10:40'),(160,235,2,1,0,'MU/PH/24/0033',20.50,36.00,'C','2025-09-22 14:10:40','2025-09-22 14:10:40'),(161,235,2,1,0,'MU/PH/24/0031',18.50,32.00,'C','2025-09-22 14:10:40','2025-09-22 14:10:40'),(162,235,2,1,0,'MU/PH/24/0024',18.50,0.00,'F','2025-09-22 14:10:40','2025-09-22 14:10:40'),(163,235,2,1,0,'MU/PH/24/0002',22.50,33.00,'C','2025-09-22 14:10:40','2025-09-22 14:10:40'),(164,235,2,1,0,'MU/PH/24/0067',19.00,20.00,'F','2025-09-22 14:10:40','2025-09-22 14:10:40'),(165,235,2,1,0,'MU/PH/24/0042',22.00,40.00,'B','2025-09-22 14:10:40','2025-09-22 14:10:40'),(166,235,2,1,0,'MU/PH/24/0020',18.50,32.00,'C','2025-09-22 14:10:40','2025-09-22 14:10:40'),(167,235,2,1,0,'MU/PH/24/0007',18.00,31.00,'D','2025-09-22 14:10:40','2025-09-22 14:10:40'),(168,235,2,1,0,'MU/PH/24/0058',21.00,46.00,'B','2025-09-22 14:10:40','2025-09-22 14:10:40'),(169,235,2,1,0,'MU/PH/24/0025',22.00,49.00,'A','2025-09-22 14:10:40','2025-09-22 14:10:40'),(170,235,2,1,0,'MU/PH/24/0090',23.00,27.00,'C','2025-09-22 14:10:40','2025-09-22 14:10:40'),(171,235,2,1,0,'MU/PH/24/0080',20.50,48.00,'B','2025-09-22 14:10:40','2025-09-22 14:10:40'),(172,235,2,1,0,'MU/PH/24/0017',19.50,51.00,'A','2025-09-22 14:10:40','2025-09-22 14:10:40'),(173,235,2,1,0,'MU/PH/24/0078',21.00,51.00,'A','2025-09-22 14:10:40','2025-09-22 14:10:40'),(174,235,2,1,0,'MU/PH/24/0012',21.00,48.00,'B','2025-09-22 14:10:40','2025-09-22 14:10:40'),(175,235,2,1,0,'MU/PH/24/0039',22.50,35.00,'C','2025-09-22 14:10:40','2025-09-22 14:10:40'),(176,235,2,1,0,'MU/PH/24/0056',26.50,47.00,'A','2025-09-22 14:10:40','2025-09-22 14:10:40'),(177,235,2,1,0,'MU/PH/24/0087',20.00,26.00,'D','2025-09-22 14:10:40','2025-09-22 14:10:40'),(178,235,2,1,0,'MU/PH/24/0086',20.00,27.00,'D','2025-09-22 14:10:40','2025-09-22 14:10:40'),(179,235,2,1,0,'MU/PH/24/0026',22.50,42.00,'B','2025-09-22 14:10:40','2025-09-22 14:10:40'),(180,235,2,1,0,'MU/PH/24/0081',23.00,43.00,'B','2025-09-22 14:10:40','2025-09-22 14:10:40'),(181,235,2,1,0,'MU/PH/24/0049',21.50,39.00,'B','2025-09-22 14:10:40','2025-09-22 14:10:40'),(182,235,2,1,0,'MU/PH/24/0034',19.50,31.00,'C','2025-09-22 14:10:40','2025-09-22 14:10:40'),(183,235,2,1,0,'MU/PH/24/0010',20.50,48.00,'B','2025-09-22 14:10:40','2025-09-22 14:10:40'),(184,235,2,1,0,'MU/PH/24/0071',21.50,30.00,'C','2025-09-22 14:10:40','2025-09-22 14:10:40'),(185,235,2,1,0,'MU/PH/24/0083',20.50,24.00,'E','2025-09-22 14:10:40','2025-09-22 14:10:40'),(186,235,2,1,0,'MU/PH/24/0041',21.00,34.00,'C','2025-09-22 14:10:40','2025-09-22 14:10:40'),(187,235,2,1,0,'MU/PH/24/0015',22.50,43.00,'B','2025-09-22 14:10:40','2025-09-22 14:10:40'),(188,235,2,1,0,'MU/PH/24/0036',19.00,42.00,'B','2025-09-22 14:10:40','2025-09-22 14:10:40'),(189,235,2,1,0,'MU/PH/24/0050',20.00,48.00,'B','2025-09-22 14:10:40','2025-09-22 14:10:40'),(190,235,2,1,0,'MU/PH/24/0003',21.50,40.00,'B','2025-09-22 14:10:40','2025-09-22 14:10:40'),(191,235,2,1,0,'MU/PH/24/0022',26.50,52.00,'A','2025-09-22 14:10:40','2025-09-22 14:10:40'),(192,235,2,1,0,'MU/PH/24/0052',21.50,35.00,'C','2025-09-22 14:10:40','2025-09-22 14:10:40'),(193,235,2,1,0,'MU/PH/24/0077',24.00,46.00,'A','2025-09-22 14:10:40','2025-09-22 14:10:40'),(194,235,2,1,0,'MU/PH/24/0061',22.50,41.00,'B','2025-09-22 14:10:40','2025-09-22 14:10:40'),(195,235,2,1,0,'MU/PH/24/0054',20.50,43.00,'B','2025-09-22 14:10:40','2025-09-22 14:10:40'),(196,235,2,1,0,'MU/PH/24/0016',24.00,48.00,'A','2025-09-22 14:10:40','2025-09-22 14:10:40'),(197,235,2,1,0,'MU/PH/24/0082',23.00,36.00,'C','2025-09-22 14:10:40','2025-09-22 14:10:40'),(198,235,2,1,0,'MU/PH/24/0059',18.50,49.00,'B','2025-09-22 14:10:40','2025-09-22 14:10:40'),(199,235,2,1,0,'MU/PH/24/0035',22.50,33.00,'C','2025-09-22 14:10:40','2025-09-22 14:10:40'),(200,235,2,1,0,'MU/PH/24/0009',22.50,41.00,'B','2025-09-22 14:10:40','2025-09-22 14:10:40'),(201,235,2,1,0,'MU/PH/24/0014',20.50,51.00,'A','2025-09-22 14:10:40','2025-09-22 14:10:40'),(202,235,2,1,0,'MU/PH/24/0085',23.00,44.00,'B','2025-09-22 14:10:40','2025-09-22 14:10:40'),(203,235,2,1,0,'MU/PH/24/0064',20.00,42.00,'B','2025-09-22 14:10:40','2025-09-22 14:10:40'),(204,235,2,1,0,'MU/PH/24/0048',22.00,31.00,'C','2025-09-22 14:10:40','2025-09-22 14:10:40'),(205,235,2,1,0,'MU/PH/24/0063',20.50,37.00,'C','2025-09-22 14:10:40','2025-09-22 14:10:40'),(206,235,2,1,0,'MU/PH/24/0027',19.50,41.00,'B','2025-09-22 14:10:40','2025-09-22 14:10:40'),(207,235,2,1,0,'MU/PH/24/0021',27.00,57.00,'A','2025-09-22 14:10:40','2025-09-22 14:10:40'),(208,235,2,1,0,'MU/PH/24/0005',21.50,59.00,'A','2025-09-22 14:10:40','2025-09-22 14:10:40'),(209,235,2,1,0,'MU/PH/24/0006',27.50,62.00,'A','2025-09-22 14:10:40','2025-09-22 14:10:40'),(210,235,2,1,0,'MU/PH/24/0066',21.00,46.00,'B','2025-09-22 14:10:40','2025-09-22 14:10:40'),(211,235,2,1,0,'MU/PH/24/0057',21.00,22.00,'E','2025-09-22 14:10:40','2025-09-22 14:10:40'),(212,235,2,1,0,'MU/PH/24/0053',18.50,34.00,'C','2025-09-22 14:10:40','2025-09-22 14:10:40'),(213,235,2,1,0,'MU/PH/24/0040',27.50,51.00,'A','2025-09-22 14:10:40','2025-09-22 14:10:40'),(214,235,2,1,0,'MU/PH/24/0004',26.50,34.00,'B','2025-09-22 14:10:40','2025-09-22 14:10:40'),(215,235,2,1,0,'MU/PH/24/0023',19.50,47.00,'B','2025-09-22 14:10:40','2025-09-22 14:10:40'),(216,235,2,1,0,'MU/PH/24/0043',40.00,52.00,'A','2025-09-22 14:10:40','2025-09-22 14:10:40'),(217,235,2,1,0,'MU/PH/24/0075',18.00,36.00,'C','2025-09-22 14:10:40','2025-09-22 14:10:40'),(218,235,2,1,0,'MU/PH/24/0019',24.50,48.00,'A','2025-09-22 14:10:40','2025-09-22 14:10:40'),(219,235,2,1,0,'MU/PH/24/0055',19.50,21.00,'E','2025-09-22 14:10:40','2025-09-22 14:10:40'),(220,235,2,1,0,'MU/PH/24/0038',28.00,45.00,'A','2025-09-22 14:10:40','2025-09-22 14:10:40'),(221,235,2,1,0,'MU/PH/24/0074',22.00,28.00,'C','2025-09-22 14:10:40','2025-09-22 14:10:40'),(222,235,2,1,0,'MU/PH/24/0030',21.50,29.00,'C','2025-09-22 14:10:40','2025-09-22 14:10:40'),(223,235,2,1,0,'MU/PH/24/0032',18.50,57.00,'A','2025-09-22 14:10:40','2025-09-22 14:10:40'),(224,235,2,1,0,'MU/PH/24/0001',19.00,43.00,'B','2025-09-22 14:10:40','2025-09-22 14:10:40'),(225,235,2,1,0,'MU/PH/24/0088',24.00,30.00,'C','2025-09-22 14:10:40','2025-09-22 14:10:40'),(226,235,2,1,0,'MU/PH/24/0047',23.00,29.00,'C','2025-09-22 14:10:40','2025-09-22 14:10:40'),(227,235,2,1,0,'MU/PH/24/0045',24.50,44.00,'B','2025-09-22 14:10:40','2025-09-22 14:10:40'),(228,235,2,1,0,'MU/PH/24/0051',24.50,37.00,'B','2025-09-22 14:10:40','2025-09-22 14:10:40'),(229,235,2,1,0,'MU/PH/24/0018',22.50,29.00,'C','2025-09-22 14:10:40','2025-09-22 14:10:40'),(230,235,2,1,0,'MU/23/0516',23.00,34.00,'C','2025-09-22 14:10:40','2025-09-22 14:10:40'),(231,235,2,1,0,'MU/PH/24/0011',21.50,51.00,'A','2025-09-22 14:10:40','2025-09-22 14:10:40'),(232,235,2,1,0,'MU/23/0106',24.00,34.00,'C','2025-09-22 14:10:40','2025-09-22 14:10:40'),(233,235,2,1,0,'MU/PH/24/0079',25.50,37.00,'B','2025-09-22 14:10:40','2025-09-22 14:10:40'),(234,235,2,1,0,'MU/PH/24/0089',19.00,35.00,'C','2025-09-22 14:10:40','2025-09-22 14:10:40'),(235,235,2,1,0,'MU/23/0139',20.50,31.00,'C','2025-09-22 14:10:40','2025-09-22 14:10:40'),(236,235,2,1,0,'MU/23/0149',19.50,34.00,'C','2025-09-22 14:10:40','2025-09-22 14:10:40'),(237,235,2,1,0,'MU/PH/24/0008',25.00,45.00,'A','2025-09-22 14:10:40','2025-09-22 14:10:40'),(238,235,2,1,0,'MU/PH/24/0044',18.00,34.00,'C','2025-09-22 14:10:40','2025-09-22 14:10:40'),(239,235,2,1,0,'MU/PH/24/0013',24.50,36.00,'B','2025-09-22 14:10:40','2025-09-22 14:10:40'),(240,235,2,1,0,'MU/PH/24/0062',20.00,22.00,'E','2025-09-22 14:10:40','2025-09-22 14:10:40'),(241,235,2,1,0,'MU/23/0123',0.00,0.00,'F','2025-09-22 14:10:40','2025-09-22 14:10:40'),(242,235,2,1,0,'MU/23/0182',0.00,0.00,'F','2025-09-22 14:10:40','2025-09-22 14:10:40'),(243,235,2,1,0,'MU/23/0137',0.00,0.00,'F','2025-09-22 14:10:40','2025-09-22 14:10:40'),(244,235,2,1,0,'MU/23/0180',0.00,0.00,'F','2025-09-22 14:10:40','2025-09-22 14:10:40'),(245,235,2,1,0,'MU/MS/24/0008',23.50,40.00,'B','2025-09-22 14:10:40','2025-09-22 14:10:40'),(246,235,2,1,0,'MU/MS/24/0058',23.00,53.00,'A','2025-09-22 14:10:40','2025-09-22 14:10:40'),(247,235,2,1,0,'MU/MS/24/0048',26.00,47.00,'A','2025-09-22 14:10:40','2025-09-22 14:10:40'),(248,235,2,1,0,'MU/MS/24/0003',25.50,45.00,'A','2025-09-22 14:10:40','2025-09-22 14:10:40'),(249,235,2,1,0,'MU/MS/24/0011',24.00,46.00,'A','2025-09-22 14:10:40','2025-09-22 14:10:40'),(250,235,2,1,0,'MU/MS/24/0064',23.00,17.00,'E','2025-09-22 14:10:40','2025-09-22 14:10:40'),(251,235,2,1,0,'MU/MS/24/0034',26.00,52.00,'A','2025-09-22 14:10:40','2025-09-22 14:10:40'),(252,235,2,1,0,'MU/MS/24/0033',25.50,56.00,'A','2025-09-22 14:10:40','2025-09-22 14:10:40'),(253,235,2,1,0,'MU/MS/24/0012',20.00,30.00,'C','2025-09-22 14:10:40','2025-09-22 14:10:40'),(254,235,2,1,0,'MU/MS/24/0042',24.50,43.00,'B','2025-09-22 14:10:40','2025-09-22 14:10:40'),(255,235,2,1,0,'MU/MS/24/0005',21.50,31.00,'C','2025-09-22 14:10:40','2025-09-22 14:10:40'),(256,235,2,1,0,'MU/MS/24/0013',21.00,39.00,'B','2025-09-22 14:10:40','2025-09-22 14:10:40'),(257,235,2,1,0,'MU/MS/24/0062',21.00,32.00,'C','2025-09-22 14:10:40','2025-09-22 14:10:40'),(258,235,2,1,0,'MU/MS/24/0006',26.00,53.00,'A','2025-09-22 14:10:40','2025-09-22 14:10:40'),(259,235,2,1,0,'MU/MS/24/0043',25.00,49.00,'A','2025-09-22 14:10:40','2025-09-22 14:10:40'),(260,235,2,1,0,'MU/MS/24/0016',24.00,46.00,'A','2025-09-22 14:10:40','2025-09-22 14:10:40'),(261,235,2,1,0,'MU/MS/24/0014',20.00,31.00,'C','2025-09-22 14:10:40','2025-09-22 14:10:40'),(262,235,2,1,0,'MU/MS/24/0029',21.00,49.00,'A','2025-09-22 14:10:40','2025-09-22 14:10:40'),(263,235,2,1,0,'MU/MS/24/0026',22.00,25.00,'D','2025-09-22 14:10:40','2025-09-22 14:10:40'),(264,235,2,1,0,'MU/MS/24/0022',24.00,37.00,'B','2025-09-22 14:10:40','2025-09-22 14:10:40'),(265,235,2,1,0,'MU/MS/24/0007',25.00,54.00,'A','2025-09-22 14:10:40','2025-09-22 14:10:40'),(266,235,2,1,0,'MU/MS/24/0002',24.00,46.00,'A','2025-09-22 14:10:40','2025-09-22 14:10:40'),(267,235,2,1,0,'MU/MS/24/0035',22.50,18.00,'E','2025-09-22 14:10:40','2025-09-22 14:10:40'),(268,235,2,1,0,'MU/MS/24/0046',19.00,32.00,'C','2025-09-22 14:10:40','2025-09-22 14:10:40'),(269,235,2,1,0,'MU/MS/24/0019',22.50,40.00,'B','2025-09-22 14:10:40','2025-09-22 14:10:40'),(270,235,2,1,0,'MU/MS/24/0030',22.00,48.00,'A','2025-09-22 14:10:40','2025-09-22 14:10:40'),(271,235,2,1,0,'MU/MS/24/0047',25.50,53.00,'A','2025-09-22 14:10:40','2025-09-22 14:10:40'),(272,235,2,1,0,'MU/MS/24/0049',22.50,50.00,'A','2025-09-22 14:10:40','2025-09-22 14:10:40'),(273,235,2,1,0,'MU/MS/24/0059',20.50,42.00,'B','2025-09-22 14:10:40','2025-09-22 14:10:40'),(274,235,2,1,0,'MU/MS/24/0039',22.50,31.00,'C','2025-09-22 14:10:40','2025-09-22 14:10:40'),(275,235,2,1,0,'MU/MS/24/0052',24.50,46.00,'A','2025-09-22 14:10:40','2025-09-22 14:10:40'),(276,235,2,1,0,'MU/MS/24/0017',26.00,54.00,'A','2025-09-22 14:10:40','2025-09-22 14:10:40'),(277,235,2,1,0,'MU/MS/24/0027',19.50,22.00,'E','2025-09-22 14:10:40','2025-09-22 14:10:40'),(278,235,2,1,0,'MU/MS/24/0051',22.50,43.00,'B','2025-09-22 14:10:40','2025-09-22 14:10:40'),(279,235,2,1,0,'MU/MS/24/0036',22.00,38.00,'B','2025-09-22 14:10:40','2025-09-22 14:10:40'),(280,235,2,1,0,'MU/MS/24/0021',23.50,38.00,'B','2025-09-22 14:10:40','2025-09-22 14:10:40'),(281,235,2,1,0,'MU/MS/24/0065',21.50,39.00,'B','2025-09-22 14:10:40','2025-09-22 14:10:40'),(282,235,2,1,0,'MU/MS/24/0020',19.00,39.00,'C','2025-09-22 14:10:40','2025-09-22 14:10:40'),(283,235,2,1,0,'MU/MS/24/0010',22.00,39.00,'B','2025-09-22 14:10:40','2025-09-22 14:10:40'),(284,235,2,1,0,'MU/MS/24/0032',25.50,47.00,'A','2025-09-22 14:10:40','2025-09-22 14:10:40'),(285,235,2,1,0,'MU/MS/24/0015',23.50,33.00,'C','2025-09-22 14:10:40','2025-09-22 14:10:40'),(286,235,2,1,0,'MU/MS/24/0024',26.50,53.00,'A','2025-09-22 14:10:40','2025-09-22 14:10:40'),(287,235,2,1,0,'MU/MS/24/0060',27.00,48.00,'A','2025-09-22 14:10:40','2025-09-22 14:10:40'),(288,235,2,1,0,'MU/MS/24/0040',25.00,35.00,'B','2025-09-22 14:10:40','2025-09-22 14:10:40'),(289,235,2,1,0,'MU/MS/24/0004',22.00,32.00,'C','2025-09-22 14:10:40','2025-09-22 14:10:40'),(290,235,2,1,0,'MU/MS/24/0018',23.50,49.00,'A','2025-09-22 14:10:40','2025-09-22 14:10:40'),(291,235,2,1,0,'MU/MS/24/0054',27.50,47.00,'A','2025-09-22 14:10:40','2025-09-22 14:10:40'),(292,235,2,1,0,'MU/MS/24/0050',19.00,32.00,'C','2025-09-22 14:10:40','2025-09-22 14:10:40'),(293,235,2,1,0,'MU/MS/24/0009',19.00,26.00,'D','2025-09-22 14:10:40','2025-09-22 14:10:40'),(294,235,2,1,0,'MU/MS/24/0025',24.00,38.00,'B','2025-09-22 14:10:40','2025-09-22 14:10:40'),(295,235,2,1,0,'MU/MS/24/0045',26.00,53.00,'A','2025-09-22 14:10:40','2025-09-22 14:10:40'),(296,235,2,1,0,'MU/MS/24/0031',22.00,36.00,'C','2025-09-22 14:10:40','2025-09-22 14:10:40'),(297,235,2,1,0,'MU/MS/24/0053',24.50,41.00,'B','2025-09-22 14:10:40','2025-09-22 14:10:40'),(298,235,2,1,0,'MU/MS/24/0001',19.50,32.00,'C','2025-09-22 14:10:40','2025-09-22 14:10:40'),(299,235,2,1,0,'MU/MS/24/0023',25.50,36.00,'B','2025-09-22 14:10:40','2025-09-22 14:10:40'),(300,235,2,1,0,'MU/MS/24/0055',22.00,41.00,'B','2025-09-22 14:10:40','2025-09-22 14:10:40'),(301,235,2,1,0,'MU/MS/24/0038',26.00,47.00,'A','2025-09-22 14:10:40','2025-09-22 14:10:40'),(302,235,2,1,0,'MU/MS/24/0061',23.00,39.00,'B','2025-09-22 14:10:40','2025-09-22 14:10:40'),(303,235,2,1,0,'MU/MS/24/0063',23.00,43.00,'B','2025-09-22 14:10:40','2025-09-22 14:10:40'),(304,235,2,1,0,'MU/MS/24/0041',25.50,25.00,'C','2025-09-22 14:10:40','2025-09-22 14:10:40'),(305,235,2,1,0,'MU/MS/24/0066',26.00,41.00,'B','2025-09-22 14:10:40','2025-09-22 14:10:40'),(306,235,2,1,0,'MU/MS/24/0056',23.50,39.00,'B','2025-09-22 14:10:40','2025-09-22 14:10:40'),(307,235,2,1,0,'MU/HS/24/0237',21.50,34.00,'C','2025-09-22 14:10:40','2025-09-22 14:10:40'),(308,235,2,1,0,'MU/HS/24/0020',23.50,33.00,'C','2025-09-22 14:10:40','2025-09-22 14:10:40'),(309,235,2,1,0,'MU/HS/24/0023',23.00,35.00,'C','2025-09-22 14:10:40','2025-09-22 14:10:40'),(310,235,2,1,0,'MU/HS/24/0021',20.00,20.00,'E','2025-09-22 14:10:40','2025-09-22 14:10:40'),(311,235,2,1,0,'MU/HS/24/0022',27.00,43.00,'A','2025-09-22 14:10:40','2025-09-22 14:10:40'),(312,235,2,1,0,'MU/HS/24/0019',20.50,32.00,'C','2025-09-22 14:10:40','2025-09-22 14:10:40'),(313,235,2,1,0,'MU/HS/24/0024',19.50,15.00,'F','2025-09-22 14:10:40','2025-09-22 14:10:40'),(314,235,2,1,0,'MU/HS/24/0025',18.00,14.00,'F','2025-09-22 14:10:40','2025-09-22 14:10:40'),(315,235,2,1,0,'MU/HS/24/0035',19.50,41.00,'B','2025-09-22 14:10:40','2025-09-22 14:10:40'),(316,235,2,1,0,'MU/HS/24/0253',22.50,40.00,'B','2025-09-22 14:10:40','2025-09-22 14:10:40'),(317,235,2,1,0,'MU/HS/24/0032',19.00,36.00,'C','2025-09-22 14:10:40','2025-09-22 14:10:40'),(318,235,2,1,0,'MU/HS/24/0038',23.50,40.00,'B','2025-09-22 14:10:40','2025-09-22 14:10:40'),(319,235,2,1,0,'MU/HS/24/0039',17.50,20.00,'F','2025-09-22 14:10:40','2025-09-22 14:10:40'),(320,235,2,1,0,'MU/HS/24/0041',23.00,37.00,'B','2025-09-22 14:10:40','2025-09-22 14:10:40'),(321,235,2,1,0,'MU/HS/24/0028',19.00,35.00,'C','2025-09-22 14:10:40','2025-09-22 14:10:40'),(322,235,2,1,0,'MU/HS/24/0029',18.00,33.00,'C','2025-09-22 14:10:40','2025-09-22 14:10:40'),(323,235,2,1,0,'MU/HS/24/0030',19.00,24.00,'E','2025-09-22 14:10:40','2025-09-22 14:10:40'),(324,235,2,1,0,'MU/HS/24/0040',17.00,27.00,'E','2025-09-22 14:10:40','2025-09-22 14:10:40'),(325,235,2,1,0,'MU/HS/24/0036',21.00,14.00,'F','2025-09-22 14:10:40','2025-09-22 14:10:40'),(326,235,2,1,0,'MU/HS/24/0033',27.50,19.00,'D','2025-09-22 14:10:40','2025-09-22 14:10:40'),(327,235,2,1,0,'MU/HS/24/0031',24.00,30.00,'C','2025-09-22 14:10:40','2025-09-22 14:10:40'),(328,235,2,1,0,'MU/HS/24/0026',15.00,28.00,'E','2025-09-22 14:10:40','2025-09-22 14:10:40'),(329,235,2,1,0,'MU/HS/24/0034',26.00,18.00,'E','2025-09-22 14:10:40','2025-09-22 14:10:40'),(330,235,2,1,0,'MU/HS/24/0037',20.50,25.00,'D','2025-09-22 14:10:40','2025-09-22 14:10:40'),(331,235,2,1,0,'MU/EN/24/0012',20.50,46.00,'B','2025-09-22 14:10:40','2025-09-22 14:10:40'),(332,235,2,1,0,'MU/EN/24/0013',23.00,41.00,'B','2025-09-22 14:10:40','2025-09-22 14:10:40'),(333,235,2,1,0,'MU/EN/24/0054',19.00,29.00,'D','2025-09-22 14:10:40','2025-09-22 14:10:40'),(334,235,2,1,0,'MU/EN/24/0015',26.50,53.00,'A','2025-09-22 14:10:40','2025-09-22 14:10:40'),(335,235,2,1,0,'MU/EN/24/0014',25.00,45.00,'A','2025-09-22 14:10:40','2025-09-22 14:10:40'),(336,235,2,1,0,'MU/CO/24/0025',29.50,52.00,'A','2025-09-22 14:10:40','2025-09-22 14:10:40'),(337,235,2,1,0,'MU/CO/24/0037',20.00,41.00,'B','2025-09-22 14:10:40','2025-09-22 14:10:40'),(338,235,2,1,0,'MU/CO/24/0031',20.00,20.00,'E','2025-09-22 14:10:40','2025-09-22 14:10:40'),(339,235,2,1,0,'MU/CO/24/0048',19.00,34.00,'C','2025-09-22 14:10:40','2025-09-22 14:10:40'),(340,235,2,1,0,'MU/CO/24/0024',21.00,30.00,'C','2025-09-22 14:10:40','2025-09-22 14:10:40'),(341,235,2,1,0,'MU/CO/24/0040',29.00,56.00,'A','2025-09-22 14:10:40','2025-09-22 14:10:40'),(342,235,2,1,0,'MU/CO/24/0032',22.50,53.00,'A','2025-09-22 14:10:40','2025-09-22 14:10:40'),(343,235,2,1,0,'MU/CO/24/0041',18.00,30.00,'D','2025-09-22 14:10:40','2025-09-22 14:10:40'),(344,235,2,1,0,'MU/CO/24/0029',22.50,30.00,'C','2025-09-22 14:10:40','2025-09-22 14:10:40'),(345,235,2,1,0,'MU/CO/24/0022',21.50,37.00,'C','2025-09-22 14:10:40','2025-09-22 14:10:40'),(346,235,2,1,0,'MU/CO/24/0036',19.00,47.00,'B','2025-09-22 14:10:40','2025-09-22 14:10:40'),(347,235,2,1,0,'MU/CO/24/0035',21.50,49.00,'A','2025-09-22 14:10:40','2025-09-22 14:10:40'),(348,235,2,1,0,'MU/CO/24/0034',20.50,41.00,'B','2025-09-22 14:10:40','2025-09-22 14:10:40'),(349,235,2,1,0,'MU/CO/24/0023',23.00,33.00,'C','2025-09-22 14:10:40','2025-09-22 14:10:40'),(350,235,2,1,0,'MU/CO/24/0028',16.50,22.00,'F','2025-09-22 14:10:40','2025-09-22 14:10:40'),(351,235,2,1,0,'MU/CO/24/0033',17.50,37.00,'C','2025-09-22 14:10:40','2025-09-22 14:10:40'),(352,235,2,1,0,'MU/CO/24/0027',17.50,37.00,'C','2025-09-22 14:10:40','2025-09-22 14:10:40'),(353,235,2,1,0,'MU/CO/24/0021',17.00,51.00,'B','2025-09-22 14:10:40','2025-09-22 14:10:40'),(354,235,2,1,0,'MU/CO/24/0043',21.00,39.00,'B','2025-09-22 14:10:40','2025-09-22 14:10:40'),(355,235,2,1,0,'MU/CO/24/0016',24.50,46.00,'A','2025-09-22 14:10:40','2025-09-22 14:10:40'),(356,235,2,1,0,'MU/CO/24/0046',19.00,28.00,'D','2025-09-22 14:10:40','2025-09-22 14:10:40'),(357,235,2,1,0,'MU/CO/24/0042',19.00,26.00,'D','2025-09-22 14:10:40','2025-09-22 14:10:40'),(358,235,2,1,0,'MU/CO/24/0020',19.00,31.00,'C','2025-09-22 14:10:40','2025-09-22 14:10:40'),(359,235,2,1,0,'MU/CO/24/0049',24.50,31.00,'C','2025-09-22 14:10:40','2025-09-22 14:10:40'),(360,235,2,1,0,'MU/CO/24/0044',18.50,30.00,'D','2025-09-22 14:10:40','2025-09-22 14:10:40'),(361,235,2,1,0,'MU/CO/24/0015',22.00,40.00,'B','2025-09-22 14:10:40','2025-09-22 14:10:40'),(362,235,2,1,0,'MU/CO/24/0047',17.50,24.00,'E','2025-09-22 14:10:40','2025-09-22 14:10:40'),(363,235,2,1,0,'MU/CO/24/0017',18.00,15.00,'F','2025-09-22 14:10:40','2025-09-22 14:10:40'),(364,235,2,1,0,'MU/CO/24/0045',17.00,17.00,'F','2025-09-22 14:10:40','2025-09-22 14:10:40'),(365,235,2,1,0,'MU/CO/24/0019',20.50,34.00,'C','2025-09-22 14:10:40','2025-09-22 14:10:40'),(366,235,2,1,0,'MU/CO/24/0018',27.00,35.00,'B','2025-09-22 14:10:40','2025-09-22 14:10:40'),(367,235,2,1,0,'MU/CO/24/0013',19.00,27.00,'D','2025-09-22 14:10:40','2025-09-22 14:10:40'),(368,235,2,1,0,'MU/CO/24/0009',20.00,27.00,'D','2025-09-22 14:10:40','2025-09-22 14:10:40'),(369,235,2,1,0,'MU/CO/24/0004',22.00,39.00,'B','2025-09-22 14:10:40','2025-09-22 14:10:40'),(370,235,2,1,0,'MU/CO/24/0014',19.00,21.00,'E','2025-09-22 14:10:40','2025-09-22 14:10:40'),(371,235,2,1,0,'MU/CO/24/0008',19.00,38.00,'C','2025-09-22 14:10:40','2025-09-22 14:10:40'),(372,235,2,1,0,'MU/CO/24/0005',20.00,31.00,'C','2025-09-22 14:10:40','2025-09-22 14:10:40'),(373,235,2,1,0,'MU/CO/24/0012',22.50,40.00,'B','2025-09-22 14:10:40','2025-09-22 14:10:40'),(374,235,2,1,0,'MU/CO/24/0010',28.50,54.00,'A','2025-09-22 14:10:40','2025-09-22 14:10:40'),(375,235,2,1,0,'MU/CO/24/0001',21.50,29.00,'C','2025-09-22 14:10:40','2025-09-22 14:10:40'),(376,235,2,1,0,'MU/CO/24/0011',23.50,49.00,'A','2025-09-22 14:10:40','2025-09-22 14:10:40'),(377,235,2,1,0,'MU/CO/24/0007',19.00,37.00,'C','2025-09-22 14:10:40','2025-09-22 14:10:40'),(378,235,2,1,0,'MU/CO/24/0006',21.00,20.00,'E','2025-09-22 14:10:40','2025-09-22 14:10:40'),(379,235,2,1,0,'MU/CO/24/0002',21.00,25.00,'D','2025-09-22 14:10:40','2025-09-22 14:10:40'),(380,235,2,1,0,'MU/CO/24/0003',29.50,27.00,'C','2025-09-22 14:10:40','2025-09-22 14:10:40'),(381,235,2,1,0,'MU/CO/24/0038',18.00,25.00,'E','2025-09-22 14:10:40','2025-09-22 14:10:40'),(382,235,2,1,0,'MU/EN/24/0049',19.00,25.00,'E','2025-09-22 14:10:40','2025-09-22 14:10:40'),(383,235,2,1,0,'MU/EN/24/0046',23.00,53.00,'A','2025-09-22 14:10:40','2025-09-22 14:10:40'),(384,235,2,1,0,'MU/EN/24/0032',19.00,19.00,'F','2025-09-22 14:10:40','2025-09-22 14:10:40'),(385,235,2,1,0,'MU/EN/24/0045',28.00,55.00,'A','2025-09-22 14:10:40','2025-09-22 14:10:40'),(386,235,2,1,0,'MU/EN/24/0037',26.50,50.00,'A','2025-09-22 14:10:40','2025-09-22 14:10:40'),(387,235,2,1,0,'MU/EN/24/0050',19.50,35.00,'C','2025-09-22 14:10:40','2025-09-22 14:10:40'),(388,235,2,1,0,'MU/EN/24/0055',24.00,42.00,'B','2025-09-22 14:10:40','2025-09-22 14:10:40'),(389,235,2,1,0,'MU/EN/24/0034',22.50,53.00,'A','2025-09-22 14:10:40','2025-09-22 14:10:40'),(390,235,2,1,0,'MU/EN/24/0039',24.00,43.00,'B','2025-09-22 14:10:40','2025-09-22 14:10:40'),(391,235,2,1,0,'MU/EN/24/0041',30.00,56.00,'A','2025-09-22 14:10:40','2025-09-22 14:10:40'),(392,235,2,1,0,'MU/EN/24/0036',17.50,17.00,'F','2025-09-22 14:10:40','2025-09-22 14:10:40'),(393,235,2,1,0,'MU/EN/24/0029',18.00,44.00,'B','2025-09-22 14:10:40','2025-09-22 14:10:40'),(394,235,2,1,0,'MU/EN/24/0051',17.00,23.00,'E','2025-09-22 14:10:40','2025-09-22 14:10:40'),(395,235,2,1,0,'MU/EN/24/0043',25.00,45.00,'A','2025-09-22 14:10:40','2025-09-22 14:10:40'),(396,235,2,1,0,'MU/EN/24/0056',19.50,27.00,'D','2025-09-22 14:10:40','2025-09-22 14:10:40'),(397,235,2,1,0,'MU/EN/24/0030',22.00,49.00,'A','2025-09-22 14:10:40','2025-09-22 14:10:40'),(398,235,2,1,0,'MU/EN/24/0048',23.50,45.00,'B','2025-09-22 14:10:40','2025-09-22 14:10:40'),(399,235,2,1,0,'MU/EN/24/0033',25.50,53.00,'A','2025-09-22 14:10:40','2025-09-22 14:10:40'),(400,235,2,1,0,'MU/EN/24/0038',23.00,42.00,'B','2025-09-22 14:10:40','2025-09-22 14:10:40'),(401,235,2,1,0,'MU/EN/24/0035',29.50,43.00,'A','2025-09-22 14:10:40','2025-09-22 14:10:40'),(402,235,2,1,0,'MU/EN/24/0040',21.50,33.00,'C','2025-09-22 14:10:40','2025-09-22 14:10:40'),(403,235,2,1,0,'MU/EN/24/0053',17.50,27.00,'E','2025-09-22 14:10:40','2025-09-22 14:10:40'),(404,235,2,1,0,'MU/EN/24/0042',20.50,38.00,'C','2025-09-22 14:10:40','2025-09-22 14:10:40'),(405,235,2,1,0,'MU/EN/24/0031',20.00,48.00,'B','2025-09-22 14:10:40','2025-09-22 14:10:40'),(406,235,2,1,0,'MU/EN/24/0044',29.00,45.00,'A','2025-09-22 14:10:40','2025-09-22 14:10:40'),(407,235,2,1,0,'MU/EN/24/0047',21.00,50.00,'A','2025-09-22 14:10:40','2025-09-22 14:10:40'),(408,235,2,1,0,'MU/EN/24/0057',15.00,25.00,'E','2025-09-22 14:10:40','2025-09-22 14:10:40'),(409,235,2,1,0,'MU/EN/24/0023',22.00,33.00,'C','2025-09-22 14:10:40','2025-09-22 14:10:40'),(410,235,2,1,0,'MU/EN/24/0026',21.00,21.00,'E','2025-09-22 14:10:40','2025-09-22 14:10:40'),(411,235,2,1,0,'MU/EN/24/0027',18.00,20.00,'F','2025-09-22 14:10:40','2025-09-22 14:10:40'),(412,235,2,1,0,'MU/EN/24/0024',25.00,51.00,'A','2025-09-22 14:10:40','2025-09-22 14:10:40'),(413,235,2,1,0,'MU/EN/24/0028',15.00,0.00,'F','2025-09-22 14:10:40','2025-09-22 14:10:40'),(414,235,2,1,0,'MU/23/0325',15.00,23.00,'F','2025-09-22 14:10:40','2025-09-22 14:10:40'),(415,235,2,1,0,'MU/EN/24/0025',25.00,26.00,'C','2025-09-22 14:10:40','2025-09-22 14:10:40'),(416,235,2,1,0,'MU/EN/24/0017',22.00,18.00,'E','2025-09-22 14:10:40','2025-09-22 14:10:40'),(417,235,2,1,0,'MU/EN/24/0016',17.50,16.00,'F','2025-09-22 14:10:40','2025-09-22 14:10:40'),(418,235,2,1,0,'MU/EN/24/0021',21.00,42.00,'B','2025-09-22 14:10:40','2025-09-22 14:10:40'),(419,235,2,1,0,'MU/EN/24/0020',24.00,42.00,'B','2025-09-22 14:10:40','2025-09-22 14:10:40'),(420,235,2,1,0,'MU/EN/24/0019',25.50,49.00,'A','2025-09-22 14:10:40','2025-09-22 14:10:40'),(421,235,2,1,0,'MU/EN/24/0018',25.50,0.00,'F','2025-09-22 14:10:40','2025-09-22 14:10:40'),(422,235,2,1,0,'MU/EN/24/0022',24.00,28.00,'C','2025-09-22 14:10:40','2025-09-22 14:10:40'),(423,235,2,1,0,'MU/EN/24/0007',24.50,31.00,'C','2025-09-22 14:10:40','2025-09-22 14:10:40'),(424,235,2,1,0,'MU/EN/24/0008',19.50,15.00,'F','2025-09-22 14:10:40','2025-09-22 14:10:40'),(425,235,2,1,0,'MU/EN/24/0009',18.50,23.00,'E','2025-09-22 14:10:40','2025-09-22 14:10:40'),(426,235,2,1,0,'MU/EN/24/0010',18.00,33.00,'C','2025-09-22 14:10:40','2025-09-22 14:10:40'),(427,235,2,1,0,'MU/EN/24/0011',23.00,38.00,'B','2025-09-22 14:10:40','2025-09-22 14:10:40'),(428,235,2,1,0,'MU/EN/24/0006',18.00,25.00,'E','2025-09-22 14:10:40','2025-09-22 14:10:40'),(429,235,2,1,0,'MU/EN/24/0004',17.00,43.00,'B','2025-09-22 14:10:40','2025-09-22 14:10:40'),(430,235,2,1,0,'MU/EN/24/0001',20.50,18.00,'F','2025-09-22 14:10:40','2025-09-22 14:10:40'),(431,235,2,1,0,'MU/EN/24/0002',20.50,32.00,'C','2025-09-22 14:10:40','2025-09-22 14:10:40'),(432,235,2,1,0,'MU/EN/24/0003',23.00,47.00,'A','2025-09-22 14:10:40','2025-09-22 14:10:40'),(433,235,2,1,0,'MU/EN/24/0005',22.50,36.00,'C','2025-09-22 14:10:40','2025-09-22 14:10:40'),(434,235,2,1,0,'MU/HS/24/0191',19.50,13.00,'F','2025-09-22 14:10:40','2025-09-22 14:10:40'),(435,235,2,1,0,'MU/HS/24/0096',23.00,32.00,'C','2025-09-22 14:10:40','2025-09-22 14:10:40'),(436,235,2,1,0,'MU/HS/24/0120',21.00,21.00,'E','2025-09-22 14:10:40','2025-09-22 14:10:40'),(437,235,2,1,0,'MU/HS/24/0069',22.50,13.00,'F','2025-09-22 14:10:40','2025-09-22 14:10:40'),(438,235,2,1,0,'MU/HS/24/0195',26.00,34.00,'B','2025-09-22 14:10:40','2025-09-22 14:10:40'),(439,235,2,1,0,'MU/HS/24/0098',20.50,31.00,'C','2025-09-22 14:10:40','2025-09-22 14:10:40'),(440,235,2,1,0,'MU/HS/24/0102',23.50,35.00,'C','2025-09-22 14:10:40','2025-09-22 14:10:40'),(441,235,2,1,0,'MU/HS/24/0210',22.00,40.00,'B','2025-09-22 14:10:40','2025-09-22 14:10:40'),(442,235,2,1,0,'MU/HS/24/0193',22.00,28.00,'C','2025-09-22 14:10:40','2025-09-22 14:10:40'),(443,235,2,1,0,'MU/HS/24/0088',23.00,40.00,'B','2025-09-22 14:10:40','2025-09-22 14:10:40'),(444,235,2,1,0,'MU/HS/24/0149',20.50,33.00,'C','2025-09-22 14:10:40','2025-09-22 14:10:40'),(445,235,2,1,0,'MU/HS/24/0133',18.00,23.00,'E','2025-09-22 14:10:40','2025-09-22 14:10:40'),(446,235,2,1,0,'MU/HS/24/0058',22.00,36.00,'C','2025-09-22 14:10:40','2025-09-22 14:10:40'),(447,235,2,1,0,'MU/HS/24/0090',20.00,23.00,'E','2025-09-22 14:10:40','2025-09-22 14:10:40'),(448,235,2,1,0,'MU/HS/24/0157',23.00,25.00,'D','2025-09-22 14:10:40','2025-09-22 14:10:40'),(449,235,2,1,0,'MU/HS/24/0089',25.50,49.00,'A','2025-09-22 14:10:40','2025-09-22 14:10:40'),(450,235,2,1,0,'MU/HS/24/0116',25.00,45.00,'A','2025-09-22 14:10:40','2025-09-22 14:10:40'),(451,235,2,1,0,'MU/HS/24/0164',18.00,24.00,'E','2025-09-22 14:10:40','2025-09-22 14:10:40'),(452,235,2,1,0,'MU/HS/24/0142',20.50,34.00,'C','2025-09-22 14:10:40','2025-09-22 14:10:40'),(453,235,2,1,0,'MU/HS/24/0207',19.50,24.00,'E','2025-09-22 14:10:40','2025-09-22 14:10:40'),(454,235,2,1,0,'MU/HS/24/0145',21.50,30.00,'C','2025-09-22 14:10:40','2025-09-22 14:10:40'),(455,235,2,1,0,'MU/HS/24/0059',24.50,39.00,'B','2025-09-22 14:10:40','2025-09-22 14:10:40'),(456,235,2,1,0,'MU/HS/24/0184',18.50,23.00,'E','2025-09-22 14:10:40','2025-09-22 14:10:40'),(457,235,2,1,0,'MU/HS/24/0060',21.00,37.00,'C','2025-09-22 14:10:40','2025-09-22 14:10:40'),(458,235,2,1,0,'MU/HS/24/0255',19.00,21.00,'E','2025-09-22 14:10:40','2025-09-22 14:10:40'),(459,235,2,1,0,'MU/HS/24/0125',27.00,48.00,'A','2025-09-22 14:10:40','2025-09-22 14:10:40'),(460,235,2,1,0,'MU/HS/24/0132',22.00,20.00,'E','2025-09-22 14:10:40','2025-09-22 14:10:40'),(461,235,2,1,0,'MU/HS/24/0257',18.00,39.00,'C','2025-09-22 14:10:40','2025-09-22 14:10:40'),(462,235,2,1,0,'MU/HS/24/0144',18.50,23.00,'E','2025-09-22 14:10:40','2025-09-22 14:10:40'),(463,235,2,1,0,'MU/HS/24/0114',21.00,30.00,'C','2025-09-22 14:10:40','2025-09-22 14:10:40'),(464,235,2,1,0,'MU/HS/24/0177',24.50,36.00,'B','2025-09-22 14:10:40','2025-09-22 14:10:40'),(465,235,2,1,0,'MU/HS/24/0076',24.50,34.00,'C','2025-09-22 14:10:40','2025-09-22 14:10:40'),(466,235,2,1,0,'MU/HS/24/0119',24.00,30.00,'C','2025-09-22 14:10:40','2025-09-22 14:10:40'),(467,235,2,1,0,'MU/HS/24/0186',24.00,49.00,'A','2025-09-22 14:10:40','2025-09-22 14:10:40'),(468,235,2,1,0,'MU/HS/24/0115',18.50,19.00,'F','2025-09-22 14:10:40','2025-09-22 14:10:40'),(469,235,2,1,0,'MU/HS/24/0078',20.50,32.00,'C','2025-09-22 14:10:40','2025-09-22 14:10:40'),(470,235,2,1,0,'MU/HS/24/0252',22.00,0.00,'F','2025-09-22 14:10:40','2025-09-22 14:10:40'),(471,235,2,1,0,'MU/HS/24/0050',25.50,35.00,'B','2025-09-22 14:10:41','2025-09-22 14:10:41'),(472,235,2,1,0,'MU/HS/24/0134',22.00,34.00,'C','2025-09-22 14:10:41','2025-09-22 14:10:41'),(473,235,2,1,0,'MU/HS/24/0131',22.00,35.00,'C','2025-09-22 14:10:41','2025-09-22 14:10:41'),(474,235,2,1,0,'MU/HS/24/0128',22.50,42.00,'B','2025-09-22 14:10:41','2025-09-22 14:10:41'),(475,235,2,1,0,'MU/HS/24/0190',25.50,40.00,'B','2025-09-22 14:10:41','2025-09-22 14:10:41'),(476,235,2,1,0,'MU/HS/24/0155',24.00,32.00,'C','2025-09-22 14:10:41','2025-09-22 14:10:41'),(477,235,2,1,0,'MU/HS/24/0048',25.00,45.00,'A','2025-09-22 14:10:41','2025-09-22 14:10:41'),(478,235,2,1,0,'MU/HS/24/0148',22.00,30.00,'C','2025-09-22 14:10:41','2025-09-22 14:10:41'),(479,235,2,1,0,'MU/HS/24/0247',23.00,37.00,'B','2025-09-22 14:10:41','2025-09-22 14:10:41'),(480,235,2,1,0,'MU/HS/24/0046',27.00,37.00,'B','2025-09-22 14:10:41','2025-09-22 14:10:41'),(481,235,2,1,0,'MU/HS/24/0240',23.50,25.00,'D','2025-09-22 14:10:41','2025-09-22 14:10:41'),(482,235,2,1,0,'MU/HS/24/0150',22.00,34.00,'C','2025-09-22 14:10:41','2025-09-22 14:10:41'),(483,235,2,1,0,'MU/HS/24/0238',20.00,30.00,'C','2025-09-22 14:10:41','2025-09-22 14:10:41'),(484,235,2,1,0,'MU/HS/24/0183',27.00,56.00,'A','2025-09-22 14:10:41','2025-09-22 14:10:41'),(485,235,2,1,0,'MU/HS/24/0219',25.50,43.00,'B','2025-09-22 14:10:41','2025-09-22 14:10:41'),(486,235,2,1,0,'MU/HS/24/0130',18.50,19.00,'F','2025-09-22 14:10:41','2025-09-22 14:10:41'),(487,235,2,1,0,'MU/HS/24/0062',19.50,36.00,'C','2025-09-22 14:10:41','2025-09-22 14:10:41'),(488,235,2,1,0,'MU/HS/24/0047',22.50,42.00,'B','2025-09-22 14:10:41','2025-09-22 14:10:41'),(489,235,2,1,0,'MU/HS/24/0194',24.00,36.00,'B','2025-09-22 14:10:41','2025-09-22 14:10:41'),(490,235,2,1,0,'MU/HS/24/0216',20.00,41.00,'B','2025-09-22 14:10:41','2025-09-22 14:10:41'),(491,235,2,1,0,'MU/HS/24/0055',22.00,28.00,'C','2025-09-22 14:10:41','2025-09-22 14:10:41'),(492,235,2,1,0,'MU/HS/24/0083',21.50,21.00,'E','2025-09-22 14:10:41','2025-09-22 14:10:41'),(493,235,2,1,0,'MU/HS/24/0161',21.50,20.00,'E','2025-09-22 14:10:41','2025-09-22 14:10:41'),(494,235,2,1,0,'MU/HS/24/0074',25.50,33.00,'C','2025-09-22 14:10:41','2025-09-22 14:10:41'),(495,235,2,1,0,'MU/HS/24/0158',24.00,48.00,'A','2025-09-22 14:10:41','2025-09-22 14:10:41'),(496,235,2,1,0,'MU/HS/24/0099',23.00,27.00,'C','2025-09-22 14:10:41','2025-09-22 14:10:41'),(497,235,2,1,0,'MU/HS/24/0203',25.00,40.00,'B','2025-09-22 14:10:41','2025-09-22 14:10:41'),(498,235,2,1,0,'MU/HS/24/0057',21.50,29.00,'C','2025-09-22 14:10:41','2025-09-22 14:10:41'),(499,235,2,1,0,'MU/HS/24/0215',17.50,21.00,'F','2025-09-22 14:10:41','2025-09-22 14:10:41'),(500,235,2,1,0,'MU/HS/24/0143',28.00,54.00,'A','2025-09-22 14:10:41','2025-09-22 14:10:41'),(501,235,2,1,0,'MU/HS/24/0112',18.50,23.00,'E','2025-09-22 14:10:41','2025-09-22 14:10:41'),(502,235,2,1,0,'MU/HS/24/0196',20.00,28.00,'D','2025-09-22 14:10:41','2025-09-22 14:10:41'),(503,235,2,1,0,'MU/HS/24/0239',24.00,24.00,'D','2025-09-22 14:10:41','2025-09-22 14:10:41'),(504,235,2,1,0,'MU/HS/24/0159',23.50,32.00,'C','2025-09-22 14:10:41','2025-09-22 14:10:41'),(505,235,2,1,0,'MU/HS/24/0212',21.50,21.00,'E','2025-09-22 14:10:41','2025-09-22 14:10:41'),(506,235,2,1,0,'MU/HS/24/0209',20.00,23.00,'E','2025-09-22 14:10:41','2025-09-22 14:10:41'),(507,235,2,1,0,'MU/HS/24/0056',27.50,36.00,'B','2025-09-22 14:10:41','2025-09-22 14:10:41'),(508,235,2,1,0,'MU/HS/24/0176',23.50,34.00,'C','2025-09-22 14:10:41','2025-09-22 14:10:41'),(509,235,2,1,0,'MU/HS/24/0222',21.50,33.00,'C','2025-09-22 14:10:41','2025-09-22 14:10:41'),(510,235,2,1,0,'MU/HS/24/0199',25.00,51.00,'A','2025-09-22 14:10:41','2025-09-22 14:10:41'),(511,235,2,1,0,'MU/HS/24/0185',23.00,37.00,'B','2025-09-22 14:10:41','2025-09-22 14:10:41'),(512,235,2,1,0,'MU/HS/24/0168',20.50,46.00,'B','2025-09-22 14:10:41','2025-09-22 14:10:41'),(513,235,2,1,0,'MU/HS/24/0208',21.50,29.00,'C','2025-09-22 14:10:41','2025-09-22 14:10:41'),(514,235,2,1,0,'MU/HS/24/0122',19.50,28.00,'D','2025-09-22 14:10:41','2025-09-22 14:10:41'),(515,235,2,1,0,'MU/HS/24/0079',19.50,27.00,'D','2025-09-22 14:10:41','2025-09-22 14:10:41'),(516,235,2,1,0,'MU/HS/24/0052',19.00,19.00,'F','2025-09-22 14:10:41','2025-09-22 14:10:41'),(517,235,2,1,0,'MU/HS/24/0101',23.00,37.00,'B','2025-09-22 14:10:41','2025-09-22 14:10:41'),(518,235,2,1,0,'MU/HS/24/0174',20.00,25.00,'D','2025-09-22 14:10:41','2025-09-22 14:10:41'),(519,235,2,1,0,'MU/HS/24/0045',20.00,37.00,'C','2025-09-22 14:10:41','2025-09-22 14:10:41'),(520,235,2,1,0,'MU/HS/24/0109',24.00,29.00,'C','2025-09-22 14:10:41','2025-09-22 14:10:41'),(521,235,2,1,0,'MU/HS/24/0152',20.00,20.00,'E','2025-09-22 14:10:41','2025-09-22 14:10:41'),(522,235,2,1,0,'MU/HS/24/0220',20.50,20.00,'E','2025-09-22 14:10:41','2025-09-22 14:10:41'),(523,235,2,1,0,'MU/HS/24/0201',23.00,48.00,'A','2025-09-22 14:10:41','2025-09-22 14:10:41'),(524,235,2,1,0,'MU/HS/24/0136',19.00,32.00,'C','2025-09-22 14:10:41','2025-09-22 14:10:41'),(525,235,2,1,0,'MU/HS/24/0140',22.00,30.00,'C','2025-09-22 14:10:41','2025-09-22 14:10:41'),(526,235,2,1,0,'MU/HS/24/0182',22.00,46.00,'B','2025-09-22 14:10:41','2025-09-22 14:10:41'),(527,235,2,1,0,'MU/HS/24/0181',22.00,32.00,'C','2025-09-22 14:10:41','2025-09-22 14:10:41'),(528,235,2,1,0,'MU/HS/24/0213',27.00,31.00,'C','2025-09-22 14:10:41','2025-09-22 14:10:41'),(529,235,2,1,0,'MU/HS/24/0129',21.00,19.00,'E','2025-09-22 14:10:41','2025-09-22 14:10:41'),(530,235,2,1,0,'MU/HS/24/0068',22.50,31.00,'C','2025-09-22 14:10:41','2025-09-22 14:10:41'),(531,235,2,1,0,'MU/HS/24/0087',26.00,34.00,'B','2025-09-22 14:10:41','2025-09-22 14:10:41'),(532,235,2,1,0,'MU/HS/24/0218',19.50,31.00,'C','2025-09-22 14:10:41','2025-09-22 14:10:41'),(533,235,2,1,0,'MU/HS/24/0206',19.00,19.00,'F','2025-09-22 14:10:41','2025-09-22 14:10:41'),(534,235,2,1,0,'MU/HS/24/0070',24.00,46.00,'A','2025-09-22 14:10:41','2025-09-22 14:10:41'),(535,235,2,1,0,'MU/HS/24/0198',17.50,19.00,'F','2025-09-22 14:10:41','2025-09-22 14:10:41'),(536,235,2,1,0,'MU/HS/24/0121',20.00,30.00,'C','2025-09-22 14:10:41','2025-09-22 14:10:41'),(537,235,2,1,0,'MU/HS/24/0205',21.00,39.00,'B','2025-09-22 14:10:41','2025-09-22 14:10:41'),(538,235,2,1,0,'MU/HS/24/0172',24.00,23.00,'D','2025-09-22 14:10:41','2025-09-22 14:10:41'),(539,235,2,1,0,'MU/HS/24/0162',27.50,26.00,'C','2025-09-22 14:10:41','2025-09-22 14:10:41'),(540,235,2,1,0,'MU/HS/24/0085',18.00,30.00,'D','2025-09-22 14:10:41','2025-09-22 14:10:41'),(541,235,2,1,0,'MU/HS/24/0223',21.00,27.00,'D','2025-09-22 14:10:41','2025-09-22 14:10:41'),(542,235,2,1,0,'MU/HS/24/0108',23.00,27.00,'C','2025-09-22 14:10:41','2025-09-22 14:10:41'),(543,235,2,1,0,'MU/HS/24/0192',22.00,36.00,'C','2025-09-22 14:10:41','2025-09-22 14:10:41'),(544,235,2,1,0,'MU/HS/24/175',23.50,38.00,'B','2025-09-22 14:10:41','2025-09-22 14:10:41'),(545,235,2,1,0,'MU/HS/24/0146',21.00,34.00,'C','2025-09-22 14:10:41','2025-09-22 14:10:41'),(546,235,2,1,0,'MU/HS/24/0075',19.50,22.00,'E','2025-09-22 14:10:41','2025-09-22 14:10:41'),(547,235,2,1,0,'MU/HS/24/0163',19.50,22.00,'E','2025-09-22 14:10:41','2025-09-22 14:10:41'),(548,235,2,1,0,'MU/HS/24/0086',21.00,40.00,'B','2025-09-22 14:10:41','2025-09-22 14:10:41'),(549,235,2,1,0,'MU/HS/24/0197',24.00,36.00,'B','2025-09-22 14:10:41','2025-09-22 14:10:41'),(550,235,2,1,0,'MU/HS/24/0042',25.50,29.00,'C','2025-09-22 14:10:41','2025-09-22 14:10:41'),(551,235,2,1,0,'MU/HS/24/0073',17.50,19.00,'F','2025-09-22 14:10:41','2025-09-22 14:10:41'),(552,235,2,1,0,'MU/HS/24/0095',27.00,43.00,'A','2025-09-22 14:10:41','2025-09-22 14:10:41'),(553,235,2,1,0,'MU/HS/24/0071',21.00,27.00,'D','2025-09-22 14:10:41','2025-09-22 14:10:41'),(554,235,2,1,0,'MU/HS/24/0171',21.50,27.00,'D','2025-09-22 14:10:41','2025-09-22 14:10:41'),(555,235,2,1,0,'MU/HS/24/0100',25.00,45.00,'A','2025-09-22 14:10:41','2025-09-22 14:10:41'),(556,235,2,1,0,'MU/HS/24/0123',21.00,35.00,'C','2025-09-22 14:10:41','2025-09-22 14:10:41'),(557,235,2,1,0,'MU/HS/24/0118',22.00,28.00,'C','2025-09-22 14:10:41','2025-09-22 14:10:41'),(558,235,2,1,0,'MU/HS/24/0111',27.00,53.00,'A','2025-09-22 14:10:41','2025-09-22 14:10:41'),(559,235,2,1,0,'MU/HS/24/0141',23.00,47.00,'A','2025-09-22 14:10:41','2025-09-22 14:10:41'),(560,235,2,1,0,'MU/HS/24/0243',20.00,18.00,'F','2025-09-22 14:10:41','2025-09-22 14:10:41'),(561,235,2,1,0,'MU/HS/24/0049',21.50,32.00,'C','2025-09-22 14:10:41','2025-09-22 14:10:41'),(562,235,2,1,0,'MU/HS/24/0232',22.50,18.00,'E','2025-09-22 14:10:41','2025-09-22 14:10:41'),(563,235,2,1,0,'MU/HS/24/0092',18.00,27.00,'D','2025-09-22 14:10:41','2025-09-22 14:10:41'),(564,235,2,1,0,'MU/HS/24/0093',23.00,49.00,'A','2025-09-22 14:10:41','2025-09-22 14:10:41'),(565,235,2,1,0,'MU/HS/24/0178',20.50,26.00,'D','2025-09-22 14:10:41','2025-09-22 14:10:41'),(566,235,2,1,0,'MU/HS/24/0044',21.50,27.00,'D','2025-09-22 14:10:41','2025-09-22 14:10:41'),(567,235,2,1,0,'MU/HS/24/0250',20.50,6.00,'F','2025-09-22 14:10:41','2025-09-22 14:10:41'),(568,235,2,1,0,'MU/HS/24/0124',20.50,33.00,'C','2025-09-22 14:10:41','2025-09-22 14:10:41'),(569,235,2,1,0,'MU/HS/24/0067',24.00,30.00,'C','2025-09-22 14:10:41','2025-09-22 14:10:41'),(570,235,2,1,0,'MU/HS/24/0231',20.00,25.00,'D','2025-09-22 14:10:41','2025-09-22 14:10:41'),(571,235,2,1,0,'MU/HS/24/0117',23.00,37.00,'B','2025-09-22 14:10:41','2025-09-22 14:10:41'),(572,235,2,1,0,'MU/HS/24/0179',24.00,32.00,'C','2025-09-22 14:10:41','2025-09-22 14:10:41'),(573,235,2,1,0,'MU/HS/24/0082',27.00,39.00,'B','2025-09-22 14:10:41','2025-09-22 14:10:41'),(574,235,2,1,0,'MU/HS/24/0241',23.00,37.00,'B','2025-09-22 14:10:41','2025-09-22 14:10:41'),(575,235,2,1,0,'MU/HS/24/0104',25.50,46.00,'A','2025-09-22 14:10:41','2025-09-22 14:10:41'),(576,235,2,1,0,'MU/23/0605',15.00,0.00,'F','2025-09-22 14:10:41','2025-09-22 14:10:41'),(577,235,2,1,0,'MU/HS/24/0080',20.00,37.00,'C','2025-09-22 14:10:41','2025-09-22 14:10:41'),(578,235,2,1,0,'MU/HS/24/0091',21.50,25.00,'D','2025-09-22 14:10:41','2025-09-22 14:10:41'),(579,235,2,1,0,'MU/HS/24/0170',26.00,50.00,'A','2025-09-22 14:10:41','2025-09-22 14:10:41'),(580,235,2,1,0,'MU/HS/24/0156',21.50,22.00,'E','2025-09-22 14:10:41','2025-09-22 14:10:41'),(581,235,2,1,0,'MU/HS/24/0217',21.00,33.00,'C','2025-09-22 14:10:41','2025-09-22 14:10:41'),(582,235,2,1,0,'MU/HS/24/0072',22.00,26.00,'D','2025-09-22 14:10:41','2025-09-22 14:10:41'),(583,235,2,1,0,'MU/HS/24/0139',18.50,38.00,'C','2025-09-22 14:10:41','2025-09-22 14:10:41'),(584,235,2,1,0,'MU/HS/24/0065',24.00,46.00,'A','2025-09-22 14:10:41','2025-09-22 14:10:41'),(585,235,2,1,0,'MU/HS/24/0126',24.00,65.00,'A','2025-09-22 14:10:41','2025-09-22 14:10:41'),(586,235,2,1,0,'MU/HS/24/0064',21.50,26.00,'D','2025-09-22 14:10:41','2025-09-22 14:10:41'),(587,235,2,1,0,'MU/HS/24/0187',23.00,37.00,'B','2025-09-22 14:10:41','2025-09-22 14:10:41'),(588,235,2,1,0,'MU/HS/24/0167',21.50,37.00,'C','2025-09-22 14:10:41','2025-09-22 14:10:41'),(589,235,2,1,0,'MU/HS/24/0061',28.00,30.00,'C','2025-09-22 14:10:41','2025-09-22 14:10:41'),(590,235,2,1,0,'MU/HS/24/0113',23.50,15.00,'F','2025-09-22 14:10:41','2025-09-22 14:10:41'),(591,235,2,1,0,'MU/HS/24/0242',25.50,51.00,'A','2025-09-22 14:10:41','2025-09-22 14:10:41'),(592,235,2,1,0,'MU/HS/24/0094',19.50,24.00,'E','2025-09-22 14:10:41','2025-09-22 14:10:41'),(593,235,2,1,0,'MU/HS/24/0200',21.00,27.00,'D','2025-09-22 14:10:41','2025-09-22 14:10:41'),(594,235,2,1,0,'MU/HS/24/0066',21.00,21.00,'E','2025-09-22 14:10:41','2025-09-22 14:10:41'),(595,235,2,1,0,'MU/HS/24/0151',19.00,21.00,'E','2025-09-22 14:10:41','2025-09-22 14:10:41'),(596,235,2,1,0,'MU/HS/24/0097',18.50,6.00,'F','2025-09-22 14:10:41','2025-09-22 14:10:41'),(597,235,2,1,0,'MU/HS/24/0084',28.00,38.00,'B','2025-09-22 14:10:41','2025-09-22 14:10:41'),(598,235,2,1,0,'MU/HS/24/0254',21.00,34.00,'C','2025-09-22 14:10:41','2025-09-22 14:10:41'),(599,235,2,1,0,'MU/HS/24/0147',19.00,34.00,'C','2025-09-22 14:10:41','2025-09-22 14:10:41'),(600,235,2,1,0,'MU/HS/24/0188',24.50,42.00,'B','2025-09-22 14:10:41','2025-09-22 14:10:41'),(601,235,2,1,0,'MU/HS/24/0160',26.00,35.00,'B','2025-09-22 14:10:41','2025-09-22 14:10:41'),(602,235,2,1,0,'MU/HS/24/0248',20.50,40.00,'B','2025-09-22 14:10:41','2025-09-22 14:10:41'),(603,235,2,1,0,'MU/HS/24/0204',27.00,50.00,'A','2025-09-22 14:10:41','2025-09-22 14:10:41'),(604,235,2,1,0,'MU/HS/24/0189',20.50,36.00,'C','2025-09-22 14:10:41','2025-09-22 14:10:41'),(605,235,2,1,0,'MU/HS/24/0051',21.00,25.00,'D','2025-09-22 14:10:41','2025-09-22 14:10:41'),(606,235,2,1,0,'MU/HS/24/0053',26.00,42.00,'B','2025-09-22 14:10:41','2025-09-22 14:10:41'),(607,235,2,1,0,'MU/HS/24/0202',21.50,51.00,'A','2025-09-22 14:10:41','2025-09-22 14:10:41'),(608,235,2,1,0,'MU/HS/24/0107',26.00,20.00,'D','2025-09-22 14:10:41','2025-09-22 14:10:41'),(609,235,2,1,0,'MU/HS/24/0221',23.50,39.00,'B','2025-09-22 14:10:41','2025-09-22 14:10:41'),(610,235,2,1,0,'MU/HS/24/0135',23.00,40.00,'B','2025-09-22 14:10:41','2025-09-22 14:10:41'),(611,235,2,1,0,'MU/HS/24/0153',22.00,34.00,'C','2025-09-22 14:10:41','2025-09-22 14:10:41'),(612,235,2,1,0,'MU/HS/24/0251',23.50,44.00,'B','2025-09-22 14:10:41','2025-09-22 14:10:41'),(613,235,2,1,0,'MU/HS/24/0258',24.00,23.00,'D','2025-09-22 14:10:41','2025-09-22 14:10:41'),(614,235,2,1,0,'MU/HS/24/0137',19.50,18.00,'F','2025-09-22 14:10:41','2025-09-22 14:10:41'),(615,235,2,1,0,'MU/HS/24/0063',25.00,43.00,'B','2025-09-22 14:10:41','2025-09-22 14:10:41'),(616,235,2,1,0,'MU/HS/24/0138',18.50,38.00,'C','2025-09-22 14:10:41','2025-09-22 14:10:41'),(617,235,2,1,0,'MU/HS/24/0249',20.00,37.00,'C','2025-09-22 14:10:41','2025-09-22 14:10:41'),(618,235,2,1,0,'MU/HS/24/0127',24.50,48.00,'A','2025-09-22 14:10:41','2025-09-22 14:10:41'),(619,235,2,1,0,'MU/HS/24/0043',19.00,41.00,'B','2025-09-22 14:10:41','2025-09-22 14:10:41'),(620,235,2,1,0,'MU/HS/24/0154',22.00,23.00,'D','2025-09-22 14:10:41','2025-09-22 14:10:41'),(621,235,2,1,0,'MU/HS/24/0077',21.00,24.00,'D','2025-09-22 14:10:41','2025-09-22 14:10:41'),(622,235,2,1,0,'MU/HS/24/0081',24.50,37.00,'B','2025-09-22 14:10:41','2025-09-22 14:10:41'),(623,235,2,1,0,'MU/HS/24/0169',22.00,41.00,'B','2025-09-22 14:10:41','2025-09-22 14:10:41'),(624,235,2,1,0,'MU/HS/24/0166',23.50,20.00,'E','2025-09-22 14:10:41','2025-09-22 14:10:41'),(625,235,2,1,0,'MU/HS/24/0256',24.50,27.00,'C','2025-09-22 14:10:41','2025-09-22 14:10:41'),(626,235,2,1,0,'MU/HS/24/0224',26.00,37.00,'B','2025-09-22 14:10:41','2025-09-22 14:10:41'),(627,235,2,1,0,'MU/HS/24/0103',20.00,38.00,'C','2025-09-22 14:10:41','2025-09-22 14:10:41'),(628,235,2,1,0,'MU/HS/24/0105',21.00,35.00,'C','2025-09-22 14:10:41','2025-09-22 14:10:41'),(629,235,2,1,0,'MU/HS/24/0106',16.50,27.00,'E','2025-09-22 14:10:41','2025-09-22 14:10:41'),(630,235,2,1,0,'MU/HS/24/0110',19.50,35.00,'C','2025-09-22 14:10:41','2025-09-22 14:10:41'),(631,235,2,1,0,'MU/HS/24/0260',25.00,37.00,'B','2025-09-22 14:10:41','2025-09-22 14:10:41'),(632,235,2,1,0,'MU/HS/24/0214',22.00,33.00,'C','2025-09-22 14:10:41','2025-09-22 14:10:41'),(633,235,2,1,0,'MU/HS/24/0010',19.00,21.00,'E','2025-09-22 14:10:41','2025-09-22 14:10:41'),(634,235,2,1,0,'MU/HS/24/0017',22.00,16.00,'F','2025-09-22 14:10:41','2025-09-22 14:10:41'),(635,235,2,1,0,'MU/HS/24/0013',24.50,48.00,'A','2025-09-22 14:10:41','2025-09-22 14:10:41'),(636,235,2,1,0,'MU/HS/24/0015',24.50,30.00,'C','2025-09-22 14:10:41','2025-09-22 14:10:41'),(637,235,2,1,0,'MU/HS/24/0001',15.00,15.00,'F','2025-09-22 14:10:41','2025-09-22 14:10:41'),(638,235,2,1,0,'MU/HS/24/0236',19.50,37.00,'C','2025-09-22 14:10:41','2025-09-22 14:10:41'),(639,235,2,1,0,'MU/HS/24/0014',23.00,32.00,'C','2025-09-22 14:10:41','2025-09-22 14:10:41'),(640,235,2,1,0,'MU/HS/24/0006',26.50,49.00,'A','2025-09-22 14:10:41','2025-09-22 14:10:41'),(641,235,2,1,0,'MU/HS/24/0234',23.50,31.00,'C','2025-09-22 14:10:41','2025-09-22 14:10:41'),(642,235,2,1,0,'MU/HS/24/0007',21.00,44.00,'B','2025-09-22 14:10:41','2025-09-22 14:10:41'),(643,235,2,1,0,'MU/HS/24/0008',18.50,27.00,'D','2025-09-22 14:10:41','2025-09-22 14:10:41'),(644,235,2,1,0,'MU/HS/24/0003',25.00,45.00,'A','2025-09-22 14:10:41','2025-09-22 14:10:41'),(645,235,2,1,0,'MU/HS/24/0235',30.00,36.00,'B','2025-09-22 14:10:41','2025-09-22 14:10:41'),(646,235,2,1,0,'MU/HS/24/0261',23.50,28.00,'C','2025-09-22 14:10:41','2025-09-22 14:10:41'),(647,235,2,1,0,'MU/HS/24/0244',18.00,32.00,'C','2025-09-22 14:10:41','2025-09-22 14:10:41'),(648,235,2,1,0,'MU/HS/24/0002',22.00,34.00,'C','2025-09-22 14:10:41','2025-09-22 14:10:41'),(649,235,2,1,0,'MU/HS/24/0012',27.50,50.00,'A','2025-09-22 14:10:41','2025-09-22 14:10:41'),(650,235,2,1,0,'MU/HS/24/0018',24.00,49.00,'A','2025-09-22 14:10:41','2025-09-22 14:10:41'),(651,235,2,1,0,'MU/HS/24/0016',19.00,27.00,'D','2025-09-22 14:10:41','2025-09-22 14:10:41'),(652,235,2,1,0,'MU/HS/24/0009',21.00,37.00,'C','2025-09-22 14:10:41','2025-09-22 14:10:41'),(653,235,2,1,0,'MU/HS/24/0011',20.00,0.00,'F','2025-09-22 14:10:41','2025-09-22 14:10:41'),(654,235,2,1,0,'MU/23/0148',17.00,0.00,'F','2025-09-22 14:10:41','2025-09-22 14:10:41');
/*!40000 ALTER TABLE `results` ENABLE KEYS */;
UNLOCK TABLES;

--
-- Table structure for table `semesters`
--

DROP TABLE IF EXISTS `semesters`;
/*!40101 SET @saved_cs_client     = @@character_set_client */;
/*!50503 SET character_set_client = utf8mb4 */;
CREATE TABLE `semesters` (
  `id` int NOT NULL AUTO_INCREMENT,
  `session_id` int NOT NULL,
  `name` varchar(255) CHARACTER SET utf8mb4 COLLATE utf8mb4_general_ci NOT NULL,
  `active` int DEFAULT '0',
  `created_at` timestamp NOT NULL DEFAULT CURRENT_TIMESTAMP,
  `updated_at` timestamp NOT NULL DEFAULT CURRENT_TIMESTAMP ON UPDATE CURRENT_TIMESTAMP,
  PRIMARY KEY (`id`),
  KEY `session_id` (`session_id`)
) ENGINE=InnoDB AUTO_INCREMENT=3 DEFAULT CHARSET=utf8mb4 COLLATE=utf8mb4_general_ci;
/*!40101 SET character_set_client = @saved_cs_client */;

--
-- Dumping data for table `semesters`
--

LOCK TABLES `semesters` WRITE;
/*!40000 ALTER TABLE `semesters` DISABLE KEYS */;
INSERT INTO `semesters` VALUES (1,2,'First Semester',0,'2025-06-26 05:28:07','2025-06-26 05:28:07'),(2,2,'Second Semester',1,'2025-06-26 05:28:15','2025-09-21 06:20:18');
/*!40000 ALTER TABLE `semesters` ENABLE KEYS */;
UNLOCK TABLES;

--
-- Table structure for table `sessions`
--

DROP TABLE IF EXISTS `sessions`;
/*!40101 SET @saved_cs_client     = @@character_set_client */;
/*!50503 SET character_set_client = utf8mb4 */;
CREATE TABLE `sessions` (
  `id` int NOT NULL,
  `name` varchar(255) NOT NULL,
  `start_date` date DEFAULT NULL,
  `end_date` date DEFAULT NULL,
  `active` tinyint(1) DEFAULT '1',
  `created_at` timestamp NOT NULL DEFAULT CURRENT_TIMESTAMP,
  `updated_at` timestamp NOT NULL DEFAULT CURRENT_TIMESTAMP ON UPDATE CURRENT_TIMESTAMP,
  PRIMARY KEY (`id`)
) ENGINE=InnoDB DEFAULT CHARSET=utf8mb4 COLLATE=utf8mb4_0900_ai_ci;
/*!40101 SET character_set_client = @saved_cs_client */;

--
-- Dumping data for table `sessions`
--

LOCK TABLES `sessions` WRITE;
/*!40000 ALTER TABLE `sessions` DISABLE KEYS */;
INSERT INTO `sessions` VALUES (1,'2023/2024','0002-03-24','0023-03-04',0,'2025-02-05 12:27:41','2025-02-19 05:01:57'),(2,'2024/2025','2024-09-01','2025-06-30',1,'2025-02-05 12:27:41','2025-02-05 12:27:41'),(3,'2025/2026','2025-10-06','2026-01-01',0,'2025-02-26 07:12:56','2025-09-22 10:04:43');
/*!40000 ALTER TABLE `sessions` ENABLE KEYS */;
UNLOCK TABLES;

--
-- Table structure for table `staff`
--

DROP TABLE IF EXISTS `staff`;
/*!40101 SET @saved_cs_client     = @@character_set_client */;
/*!50503 SET character_set_client = utf8mb4 */;
CREATE TABLE `staff` (
  `id` int NOT NULL AUTO_INCREMENT,
  `role` varchar(50) COLLATE utf8mb4_general_ci NOT NULL,
  `department_id` int DEFAULT NULL,
  `first_name` varchar(255) COLLATE utf8mb4_general_ci NOT NULL,
  `last_name` varchar(255) COLLATE utf8mb4_general_ci NOT NULL,
  `email` varchar(255) COLLATE utf8mb4_general_ci NOT NULL,
  `username` varchar(255) COLLATE utf8mb4_general_ci NOT NULL,
  `password` varchar(255) COLLATE utf8mb4_general_ci NOT NULL,
  `photo` varchar(255) COLLATE utf8mb4_general_ci DEFAULT NULL,
  `phone` varchar(20) COLLATE utf8mb4_general_ci DEFAULT NULL,
  `address` text COLLATE utf8mb4_general_ci,
  `created_at` timestamp NOT NULL DEFAULT CURRENT_TIMESTAMP,
  `updated_at` timestamp NOT NULL DEFAULT CURRENT_TIMESTAMP ON UPDATE CURRENT_TIMESTAMP,
  PRIMARY KEY (`id`),
  UNIQUE KEY `email` (`email`),
  UNIQUE KEY `username` (`username`),
  KEY `department_id` (`department_id`)
) ENGINE=InnoDB AUTO_INCREMENT=6 DEFAULT CHARSET=utf8mb4 COLLATE=utf8mb4_general_ci;
/*!40101 SET character_set_client = @saved_cs_client */;

--
-- Dumping data for table `staff`
--

LOCK TABLES `staff` WRITE;
/*!40000 ALTER TABLE `staff` DISABLE KEYS */;
INSERT INTO `staff` VALUES (1,'admin',NULL,'Administrator','Admin','admin@example.com','admin','hashedpassword','admin.png','1234567890','123 Admin Street','2025-02-05 12:27:41','2025-09-13 05:59:20'),(2,'admin',NULL,'otong','akan','otong.akan@madukauniversity.edu.ng','akjesus','$2b$10$K2BD2tU1l13xgDvD0mO4WexolvRxRaCUUEt4twXZL.RjgBUOVzIYa',NULL,NULL,NULL,'2025-09-12 17:38:07','2025-09-20 13:12:33'),(3,'staff',NULL,'try','this','try@mail.com','trythis','$2b$10$P3qCAQK120NlMNqt3coMMez2dR1bqNzFRmtIfvGVgZTbHwtc1SIp.',NULL,NULL,NULL,'2025-09-13 08:21:20','2025-09-13 08:21:20'),(5,'admin',NULL,'Admin','User','admin@madukauniversity.edu.ng','adminuser','$2b$10$4ixzEo6sczJxuZ3Jx/IyVu0nU6KtKWTVImfyGqBMnUurK9mA8X9JS',NULL,NULL,NULL,'2025-09-21 15:22:03','2025-09-21 15:22:48');
/*!40000 ALTER TABLE `staff` ENABLE KEYS */;
UNLOCK TABLES;

--
-- Table structure for table `students`
--

DROP TABLE IF EXISTS `students`;
/*!40101 SET @saved_cs_client     = @@character_set_client */;
/*!50503 SET character_set_client = utf8mb4 */;
CREATE TABLE `students` (
  `id` int NOT NULL,
  `department_id` int NOT NULL,
  `level_id` int NOT NULL,
  `registration_number` varchar(255) NOT NULL,
  `first_name` varchar(255) NOT NULL,
  `last_name` varchar(255) NOT NULL,
  `email` varchar(255) NOT NULL,
  `username` varchar(255) NOT NULL,
  `password` varchar(255) NOT NULL,
  `phone` varchar(100) DEFAULT '08012345678',
  `photo` varchar(255) DEFAULT NULL,
  `created_at` timestamp NULL DEFAULT NULL,
  `updated_at` timestamp NULL DEFAULT NULL ON UPDATE CURRENT_TIMESTAMP,
  `role` varchar(10) DEFAULT NULL,
  `blocked` int DEFAULT NULL,
  KEY `idx_students_registration_number` (`registration_number`)
) ENGINE=InnoDB DEFAULT CHARSET=utf8mb4 COLLATE=utf8mb4_0900_ai_ci;
/*!40101 SET character_set_client = @saved_cs_client */;

--
-- Dumping data for table `students`
--

LOCK TABLES `students` WRITE;
/*!40000 ALTER TABLE `students` DISABLE KEYS */;
INSERT INTO `students` VALUES (1,10,1,'MU/BS/24/0001','CHISOM','OKAFOR','okafor.chisom@madukauniversity.edu.ng','MARYCYNTHIA','MU/BS/24/0001','08012345678','NULL','2025-07-16 12:42:13','2025-09-13 08:42:43','student',0),(2,10,1,'MU/BS/24/0002','FAVOUR','OKEZIE','okezie.favour@madukauniversity.edu.ng','CHISOM','$2b$10$8j6mtdntJghi3H5BqqkueeNC6WEhb0usmNUyImy92xSGvcfohPNVq','08012345678','NULL','2025-07-16 12:42:13','2025-09-13 09:03:33','student',1),(3,10,1,'MU/BS/24/0003','ICHECHI','AKAROLO','akarolo.ichechi@madukauniversity.edu.ng','AKELACHI','MU/BS/24/0003','08012345678','NULL','2025-07-16 12:42:13','2025-09-13 08:42:43','student',0),(4,10,1,'MU/BS/24/0004','KENECHUKWU','UGWUNSO','ugwunso.kenechukwu@madukauniversity.edu.ng','VALENTINE','MU/BS/24/0004','08012345678','NULL','2025-07-16 12:42:13','2025-09-13 08:42:43','student',0),(5,10,1,'MU/BS/24/0005','HOPE','ASOGWA','asogwa.hope@madukauniversity.edu.ng','UJUNWA','MU/BS/24/0005','08012345678','NULL','2025-07-16 12:42:13','2025-09-13 08:42:43','student',0),(6,10,1,'MU/BS/24/0006','IKECHUKWU','NGWUABUCHI','ngwuabuchi.ikechukwu@madukauniversity.edu.ng','GOODNEWS','MU/BS/24/0006','08012345678','NULL','2025-07-16 12:42:13','2025-09-13 08:42:43','student',0),(7,10,1,'MU/BS/24/0007','PRAISE','FASIPE','fasipe.praise@madukauniversity.edu.ng','INIOLUWA','MU/BS/24/0007','08012345678','NULL','2025-07-16 12:42:13','2025-09-13 08:42:43','student',0),(8,10,1,'MU/BS/24/0008','MIRCALE','NNAEMEKA','nnaemeka.mircale@madukauniversity.edu.ng','UDOCHI','MU/BS/24/0008','08012345678','NULL','2025-07-16 12:42:13','2025-09-13 08:42:43','student',0),(9,10,1,'MU/BS/24/0028','CHIAGOZIEM','OKECHUKWU','okechukwu.chiagoziem@madukauniversity.edu.ng','EMMANUEL','MU/BS/24/0028','08012345678','NULL','2025-07-16 12:42:13','2025-09-13 08:42:43','student',0),(10,6,1,'MU/EN/24/0001','EMMANUEL','IWUORIE','iwuorie.emmanuel@madukauniversity.edu.ng','UDOKA','MU/EN/24/0001','08012345678','NULL','2025-07-16 12:42:13','2025-09-13 08:42:43','student',0),(11,6,1,'MU/EN/24/0002','PRINCE','OGABA','ogaba.prince@madukauniversity.edu.ng','DAVID','MU/EN/24/0002','08012345678','NULL','2025-07-16 12:42:13','2025-09-13 08:42:43','student',0),(12,6,1,'MU/EN/24/0003','ANTHONIO','OGBU','ogbu.anthonio@madukauniversity.edu.ng','CHIDUBEM','MU/EN/24/0003','08012345678','NULL','2025-07-16 12:42:13','2025-09-13 08:42:43','student',0),(13,6,1,'MU/EN/24/0004','DANIEL','IKENNA','ikenna.daniel@madukauniversity.edu.ng','CHIDUBEM','MU/EN/24/0004','08012345678','NULL','2025-07-16 12:42:13','2025-09-13 08:42:43','student',0),(14,6,1,'MU/EN/24/0005','SONIA','USHIE','ushie.sonia@madukauniversity.edu.ng','EKABERE','MU/EN/24/0005','08012345678','NULL','2025-07-16 12:42:13','2025-09-13 08:42:43','student',0),(15,6,1,'MU/EN/24/0006','TESTIMONY','GABRIEL','gabriel.testimony@madukauniversity.edu.ng','CHUKWUCHETAM','MU/EN/24/0006','08012345678','NULL','2025-07-16 12:42:13','2025-09-13 08:42:43','student',0),(16,2,1,'MU/BS/24/0009','JASON','EGBO','egbo.jason@madukauniversity.edu.ng','UCHENNA','MU/BS/24/0009','08012345678','NULL','2025-07-16 12:42:13','2025-09-13 08:42:43','student',0),(17,2,1,'MU/BS/24/0010','VICTOR','IKECHUKWU','ikechukwu.victor@madukauniversity.edu.ng','MMADUABUCHI','MU/BS/24/0010','08012345678','NULL','2025-07-16 12:42:13','2025-09-13 08:42:43','student',0),(18,2,1,'MU/BS/24/0011','MARY','EZE','eze.mary@madukauniversity.edu.ng','CHIKA','MU/BS/24/0011','08012345678','NULL','2025-07-16 12:42:13','2025-09-13 08:42:43','student',0),(19,2,1,'MU/BS/24/0012','PRECIOUS','EDEH','edeh.precious@madukauniversity.edu.ng','MMESOMA','MU/BS/24/0012','08012345678','NULL','2025-07-16 12:42:13','2025-09-13 08:42:43','student',0),(20,2,1,'MU/BS/24/0026','SOMADINA','ILO','ilo.somadina@madukauniversity.edu.ng','DERICK','MU/BS/24/0026','08012345678','NULL','2025-07-16 12:42:13','2025-09-13 08:42:43','student',0),(21,7,1,'MU/EN/24/0007','GLORY','CHIAKA','chiaka.glory@madukauniversity.edu.ng','IHUOMA','MU/EN/24/0007','08012345678','NULL','2025-07-16 12:42:13','2025-09-13 08:42:43','student',0),(22,7,1,'MU/EN/24/0008','FELIX','ONUCHE','onuche.felix@madukauniversity.edu.ng','ADAH ','MU/EN/24/0008','08012345678','NULL','2025-07-16 12:42:13','2025-09-13 08:42:43','student',0),(23,7,1,'MU/EN/24/0009','JERRY','ABAKPA','abakpa.jerry@madukauniversity.edu.ng','OFUOWOICHO','MU/EN/24/0009','08012345678','NULL','2025-07-16 12:42:13','2025-09-13 08:42:43','student',0),(24,7,1,'MU/EN/24/0010','CHUKWUEMEKA','ANABIKE','anabike.chukwuemeka@madukauniversity.edu.ng','HARRISON','MU/EN/24/0010','08012345678','NULL','2025-07-16 12:42:13','2025-09-13 08:42:43','student',0),(25,7,1,'MU/EN/24/0011','GODGIFT','OKELE','okele.godgift@madukauniversity.edu.ng','CHUKWUKA','MU/EN/24/0011','08012345678','NULL','2025-07-16 12:42:13','2025-09-13 08:42:43','student',0),(26,16,1,'MU/CO/24/0001','DAVID','OKEKE','okeke.david@madukauniversity.edu.ng','CHIMERIE','MU/CO/24/0001','08012345678','NULL','2025-07-16 12:42:13','2025-09-13 08:42:43','student',0),(27,16,1,'MU/CO/24/0002','CHARLES','OZOUDE','ozoude.charles@madukauniversity.edu.ng','SOMTOCHUKWU','MU/CO/24/0002','08012345678','NULL','2025-07-16 12:42:13','2025-09-13 08:42:43','student',0),(28,16,1,'MU/CO/24/0003','CHINONSO','UGWOKE','ugwoke.chinonso@madukauniversity.edu.ng','SUNDAY ','MU/CO/24/0003','08012345678','NULL','2025-07-16 12:42:13','2025-09-13 08:42:43','student',0),(29,16,1,'MU/CO/24/0004','EDOZIE','CHIMAOBI','chimaobi.edozie@madukauniversity.edu.ng','EMMANUEL','MU/CO/24/0004','08012345678','NULL','2025-07-16 12:42:13','2025-09-13 08:42:43','student',0),(30,16,1,'MU/CO/24/0005','CHILAGOROM','NICHOLAS','nicholas.chilagorom@madukauniversity.edu.ng','OTITODIRICHUKWU','MU/CO/24/0005','08012345678','NULL','2025-07-16 12:42:13','2025-09-13 08:42:43','student',0),(31,16,1,'MU/CO/24/0006','KAYODE','OLUWASEUN','oluwaseun.kayode@madukauniversity.edu.ng','MOBOLAGI','MU/CO/24/0006','08012345678','NULL','2025-07-16 12:42:13','2025-09-13 08:42:43','student',0),(32,16,1,'MU/CO/24/0007','CORNERSTONE','OLUCHUKWU','oluchukwu.cornerstone@madukauniversity.edu.ng','TRIUMPH ','MU/CO/24/0007','08012345678','NULL','2025-07-16 12:42:13','2025-09-13 08:42:43','student',0),(33,16,1,'MU/CO/24/0008','MIRACLE','ENEMUO','enemuo.miracle@madukauniversity.edu.ng','CHIBUBE','MU/CO/24/0008','08012345678','NULL','2025-07-16 12:42:13','2025-09-13 08:42:43','student',0),(34,16,1,'MU/CO/24/0009','ANAKWUE','CHIBUEZE','chibueze.anakwue@madukauniversity.edu.ng','HENRY','MU/CO/24/0009','08012345678','NULL','2025-07-16 12:42:13','2025-09-13 08:42:43','student',0),(35,16,1,'MU/CO/24/0010','NDUJIUBA','OKECHUKWU','okechukwu.ndujiuba@madukauniversity.edu.ng','KELVIN','MU/CO/24/0010','08012345678','NULL','2025-07-16 12:42:13','2025-09-13 08:42:43','student',0),(36,16,1,'MU/CO/24/0011','NDUJIUBA','OKENNA','okenna.ndujiuba@madukauniversity.edu.ng','KENNETH','MU/CO/24/0011','08012345678','NULL','2025-07-16 12:42:13','2025-09-13 08:42:43','student',0),(37,16,1,'MU/CO/24/0012','CHIMERE','NWACHUKWU','nwachukwu.chimere@madukauniversity.edu.ng','AZUNNA','MU/CO/24/0012','08012345678','NULL','2025-07-16 12:42:13','2025-09-13 08:42:43','student',0),(38,16,1,'MU/CO/24/0013','AKAEZE','AGBO','agbo.akaeze@madukauniversity.edu.ng','OBED','MU/CO/24/0013','08012345678','NULL','2025-07-16 12:42:13','2025-09-13 08:42:43','student',0),(39,16,1,'MU/CO/24/0014','EBUKA','DIKE','dike.ebuka@madukauniversity.edu.ng','EMMANUEL','MU/CO/24/0014','08012345678','NULL','2025-07-16 12:42:13','2025-09-13 08:42:43','student',0),(40,16,1,'MU/CO/24/0015','UNEKE','OGONNA','ogonna.uneke@madukauniversity.edu.ng','AMAECHI','MU/CO/24/0015','08012345678','NULL','2025-07-16 12:42:13','2025-09-13 08:42:43','student',0),(41,16,1,'MU/CO/24/0016','EROMONSELE','ET-EXCEL','et-excel.eromonsele@madukauniversity.edu.ng','OSASUMIEN','MU/CO/24/0016','08012345678','NULL','2025-07-16 12:42:13','2025-09-13 08:42:43','student',0),(42,16,1,'MU/CO/24/0017','IZUOGU','OLUEBUBECHUKWU','oluebubechukwu.izuogu@madukauniversity.edu.ng','CHIKA','MU/CO/24/0017','08012345678','NULL','2025-07-16 12:42:13','2025-09-13 08:42:43','student',0),(43,16,1,'MU/CO/24/0018','ANTHONIA','UGWUANYI','ugwuanyi.anthonia@madukauniversity.edu.ng','IFUNANYA','MU/CO/24/0018','08012345678','NULL','2025-07-16 12:42:13','2025-09-13 08:42:43','student',0),(44,16,1,'MU/CO/24/0019','DIVINE','UFONDU','ufondu.divine@madukauniversity.edu.ng','IFEOMA','MU/CO/24/0019','08012345678','NULL','2025-07-16 12:42:13','2025-09-13 08:42:43','student',0),(45,16,1,'MU/CO/24/0020','DAVID','HENRY','henry.david@madukauniversity.edu.ng','EBUBECHUKWU','MU/CO/24/0020','08012345678','NULL','2025-07-16 12:42:13','2025-09-13 08:42:43','student',0),(46,16,1,'MU/CO/24/0021','COLLINS','CHUKA','chuka@madukauniversity.edu.ng','CHUKWUEMEKA','MU/CO/24/0021','08012345678','NULL','2025-07-16 12:42:13','2025-09-13 08:42:43','student',0),(47,16,1,'MU/CO/24/0042','OKEOGHENE','GODWIN','godwin.okeoghene@madukauniversity.edu.ng','DANIEL','MU/CO/24/0042','08012345678','NULL','2025-07-16 12:42:13','2025-09-13 08:42:43','student',0),(48,16,1,'MU/CO/24/0043','CHRISTIAN','EDEH','edeh.christian@madukauniversity.edu.ng','CHUKWUEMEKA','MU/CO/24/0043','08012345678','NULL','2025-07-16 12:42:13','2025-09-13 08:42:43','student',0),(49,16,1,'MU/CO/24/0044','THEODORA','OGBAJI','ogbaji.theodora@madukauniversity.edu.ng','AMARACHI','MU/CO/24/0044','08012345678','NULL','2025-07-16 12:42:13','2025-09-13 08:42:43','student',0),(50,16,1,'MU/CO/24/0045','UGOCHUKWU','THOMAS','thomas.collins@madukauniversity.edu.ng','COLLINS','MU/CO/24/0045','08012345678','NULL','2025-07-16 12:42:13','2025-09-13 08:42:43','student',0),(51,16,1,'MU/CO/24/0046','KENNETH','EZENWANNE','ezenwanne.kenneth@madukauniversity.edu.ng','CHIGOZIEM','MU/CO/24/0046','08012345678','NULL','2025-07-16 12:42:13','2025-09-13 08:42:43','student',0),(52,16,1,'MU/CO/24/0047','PIO','OKONKWO','okonwkwo.pio@madukauniversity.edu.ng','LOTANNA ','MU/CO/24/0047','08012345678','NULL','2025-07-16 12:42:13','2025-09-13 08:42:43','student',0),(53,16,1,'MU/CO/24/0049','CHIBUIKE','JOHNSON','johnson.chibuike@madukauniversity.edu.ng','JOSHUA','MU/CO/24/0049','08012345678','NULL','2025-07-16 12:42:13','2025-09-13 08:42:43','student',0),(54,19,1,'MU/CO/24/0022','WINNER','KEMAKOLAM','kemakolam.winner@madukauniversity.edu.ng','KOSISOCHUKWU','MU/CO/24/0022','08012345678','NULL','2025-07-16 12:42:13','2025-09-13 08:42:43','student',0),(55,19,1,'MU/CO/24/0023','GODWIN','OJILE','ojile.godwin@madukauniversity.edu.ng','SAMUEL','MU/CO/24/0023','08012345678','NULL','2025-07-16 12:42:13','2025-09-13 08:42:43','student',0),(56,19,1,'MU/CO/24/0024','EBUBECHI','CHINWETALU','chinwetalu.ebubechi@madukauniversity.edu.ng','GODSMARK','MU/CO/24/0024','08012345678','NULL','2025-07-16 12:42:13','2025-09-13 08:42:43','student',0),(57,19,1,'MU/CO/24/0040','COLLINS','CHUKWUDI','chukwudi.collins@madukauniversity.edu.ng','CHUKWUNARU','MU/CO/24/0040','08012345678','NULL','2025-07-16 12:42:13','2025-09-13 08:42:43','student',0),(58,19,1,'MU/CO/24/0025','CHIDUMBIA','ACHIFE','achife.chidumbia@madukauniversity.edu.ng','WILLIAMS','MU/CO/24/0025','08012345678','NULL','2025-07-16 12:42:13','2025-09-13 08:42:43','student',0),(59,19,1,'MU/CO/24/0026','TOBECHUKWU','ONYISHI','onyishi.tobechukwu@madukauniversity.edu.ng','THADDEUS ','MU/CO/24/0026','08012345678','NULL','2025-07-16 12:42:13','2025-09-13 08:42:43','student',0),(60,19,1,'MU/CO/24/0027','CHIDUBEM','UDEH','udeh.chidubem@madukauniversity.edu.ng','RAPHAEL','MU/CO/24/0027','08012345678','NULL','2025-07-16 12:42:13','2025-09-13 08:42:43','student',0),(61,19,1,'MU/CO/24/0028','TREASURE','ONYEKA','onyeka.treasure@madukauniversity.edu.ng','CHUKWUKAIMA','MU/CO/24/0028','08012345678','NULL','2025-07-16 12:42:13','2025-09-13 08:42:43','student',0),(62,19,1,'MU/CO/24/0029','STEPHEN','JOHN','john.stephen@madukauniversity.edu.ng','CHIBUIKE ','MU/CO/24/0029','08012345678','NULL','2025-07-16 12:42:13','2025-09-13 08:42:43','student',0),(63,19,1,'MU/CO/24/0030','PASCAL','OPARA','chukwuemeka.pascal@madukauniversity.edu.ng','CHUKWUEBUKA','MU/CO/24/0030','08012345678','NULL','2025-07-16 12:42:13','2025-09-13 08:42:43','student',0),(64,19,1,'MU/CO/24/0031','GIANINA','CHIDOLUE','chidolue.gianina@madukauniversity.edu.ng','CHIJINDU','MU/CO/24/0031','08012345678','NULL','2025-07-16 12:42:13','2025-09-13 08:42:43','student',0),(65,19,1,'MU/CO/24/0032','MALACHY','EZE','eze.malachy@madukauniversity.edu.ng','TOCHUKWU','MU/CO/24/0032','08012345678','NULL','2025-07-16 12:42:13','2025-09-13 08:42:43','student',0),(66,19,1,'MU/CO/24/0033','DAVID','PAUL','paul.david@madukauniversity.edu.ng','CHINEDU','MU/CO/24/0033','08012345678','NULL','2025-07-16 12:42:13','2025-09-13 08:42:43','student',0),(67,19,1,'MU/CO/24/0034','CHIBUIKE','OFFORDILE','offordile.chibuike@madukauniversity.edu.ng','MICHEAL','MU/CO/24/0034','08012345678','NULL','2025-07-16 12:42:13','2025-09-13 08:42:43','student',0),(68,19,1,'MU/CO/24/0035','ONYEDIKACHI','NNAEMEKA','nnaemeka.onyedikachi@madukauniversity.edu.ng','HENRY','MU/CO/24/0035','08012345678','NULL','2025-07-16 12:42:13','2025-09-13 08:42:43','student',0),(69,19,1,'MU/CO/24/0036','CHIBUIKE','NJOKU','njoku.chibuike@madukauniversity.edu.ng','SAMUEL','MU/CO/24/0036','08012345678','NULL','2025-07-16 12:42:13','2025-09-13 08:42:43','student',0),(70,19,1,'MU/CO/24/0037','MARTINS','AKWUSIE','akwusie.martins@madukauniversity.edu.ng','CHUKWUNWEIKE','MU/CO/24/0037','08012345678','NULL','2025-07-16 12:42:13','2025-09-13 08:42:43','student',0),(71,19,1,'MU/CO/24/0041','CHUKWUEMEKA','IKEAGWU','ikeagwu.chukwuemeka@madukauniversity.edu.ng','GERALD','MU/CO/24/0041','08012345678','NULL','2025-07-16 12:42:13','2025-09-13 08:42:43','student',0),(72,19,1,'MU/CO/24/0048','MARVIN','CHIMERE','chimere.marvin@madukauniversity.edu.ng','ANEZICHUKWUIHE','MU/CO/24/0048','08012345678','NULL','2025-07-16 12:42:13','2025-09-13 08:42:43','student',0),(73,8,1,'MU/EN/24/0012','CHIBUEZE','IDDI','iddi.chibueze@madukauniversity.edu.ng','MICHAEL','MU/EN/24/0012','08012345678','NULL','2025-07-16 12:42:13','2025-09-13 08:42:43','student',0),(74,8,1,'MU/EN/24/0013','EBUBECHUKWU','OKECHUKWU','okechukwu.ebubechukwu@madukauniversity.edu.ng','PRINCE','MU/EN/24/0013','08012345678','NULL','2025-07-16 12:42:13','2025-09-13 08:42:43','student',0),(75,8,1,'MU/EN/24/0014','ALEXANDER','IWEBUNOR','iwebunor.alexander@madukauniversity.edu.ng','BLESSING','MU/EN/24/0014','08012345678','NULL','2025-07-16 12:42:13','2025-09-13 08:42:43','student',0),(76,8,1,'MU/EN/24/0015','SUCCESS','OKEH','okeh.success@madukauniversity.edu.ng','TOCHUKWU','MU/EN/24/0015','08012345678','NULL','2025-07-16 12:42:13','2025-09-13 08:42:43','student',0),(77,8,1,'MU/EN/24/0054','EKELEDIRICHUKWU','NELSON','nelson.ekeledirichukwu@madukauniversity.edu.ng','VICTORY','MU/EN/24/0054','08012345678','NULL','2025-07-16 12:42:13','2025-09-13 08:42:43','student',0),(78,17,1,'MU/CO/24/0038','PRINCE','IDIM','idim.prince@madukauniversity.edu.ng','EKEMAH','MU/CO/24/0038','08012345678','NULL','2025-07-16 12:42:13','2025-09-13 08:42:43','student',0),(79,3,1,'MU/BS/24/0013','FAVOUR','IBE','ibe.uzochukwu@madukauniversity.edu.ng','UZOCHUKWU','MU/BS/24/0013','08012345678','NULL','2025-07-16 12:42:13','2025-09-13 08:42:43','student',0),(80,3,1,'MU/BS/24/0014','JOY','ASADU','asadu.joy@madukauniversity.edu.ng','CHIMEREMMA','MU/BS/24/0014','08012345678','NULL','2025-07-16 12:42:13','2025-09-13 08:42:43','student',0),(81,3,1,'MU/BS/24/0015','DANIELLA','OGBONDAMATI','ogbondamati.daniella@madukauniversity.edu.ng','BUDUNUCHIKA','MU/BS/24/0015','08012345678','NULL','2025-07-16 12:42:13','2025-09-13 08:42:43','student',0),(82,3,1,'MU/BS/24/0016','NNADOZIE','RUNCIE-DANIEL','runcie-daniel.nnadozie@madukauniversity.edu.ng','           -','MU/BS/24/0016','08012345678','NULL','2025-07-16 12:42:14','2025-09-13 08:42:43','student',0),(83,3,1,'MU/BS/24/0017','VALENTINA','DURU','duru.valentina@madukauniversity.edu.ng','ONYINYECHI','MU/BS/24/0017','08012345678','NULL','2025-07-16 12:42:14','2025-09-13 08:42:43','student',0),(84,3,1,'MU/BS/24/0018','EBUBE','CELESTINE','celestine.ebube@madukauniversity.edu.ng','MAUREEN','MU/BS/24/0018','08012345678','NULL','2025-07-16 12:42:14','2025-09-13 08:42:43','student',0),(85,3,1,'MU/BS/24/0019','CELINE','ENYI','enyi.celine@madukauniversity.edu.ng','NNEOMA','MU/BS/24/0019','08012345678','NULL','2025-07-16 12:42:14','2025-09-13 08:42:43','student',0),(86,3,1,'MU/BS/24/0020','FAVOUR DESTINY','ERASTUS-OBINNA','erastus-obinna.favourdestiny@madukauniversity.edu.ng','CHIZARAM','MU/BS/24/0020','08012345678','NULL','2025-07-16 12:42:14','2025-09-13 08:42:43','student',0),(87,3,1,'MU/BS/24/0027','FAITHFUL','ANTHONY','anthony.faithful@madukauniversity.edu.ng','DANIEL','MU/BS/24/0027','08012345678','NULL','2025-07-16 12:42:14','2025-09-13 08:42:43','student',0),(88,3,1,'MU/BS/24/0032','OLIVE','OPARAH-HENRY','oparah-henry.olive@madukauniversity.edu.ng','CHIZITERE','MU/BS/24/0032','08012345678','NULL','2025-07-16 12:42:14','2025-09-13 08:42:43','student',0),(89,3,1,'MU/BS/24/0033','CHIAMAKA','OKECHUKWU','okechukwu.chiamaka@madukauniversity.edu.ng','TREASURE','MU/BS/24/0033','08012345678','NULL','2025-07-16 12:42:14','2025-09-13 08:42:43','student',0),(90,27,1,'MU/LW/24/0001','MIRACLE                   ','CHIJIKE','chijike.miraclechinwendum@madukauniversity.edu.ng','CHINWENDUM','password','08012345678','NULL','2025-07-16 12:42:14','2025-09-20 22:52:07','student',0),(91,27,1,'MU/LW/24/0002','IFUNANYA','ENEH','eneh.ifunanyadominica@madukauniversity.edu.ng','DOMINICA','MU/LW/24/0002','08012345678','NULL','2025-07-16 12:42:14','2025-09-13 08:42:43','student',0),(92,27,1,'MU/LW/24/0003','FAITH','IKEH','ikeh_faith@madukauniversity.edu.ng','NGOZI','MU/LW/24/0003','08012345678','NULL','2025-07-16 12:42:14','2025-09-13 08:42:43','student',0),(93,27,1,'MU/LW/24/0004','PRINCESS','CHRISTIAN','christian.princess@madukauniversity.edu.ng','IFUNANYA','MU/LW/24/0004','08012345678','NULL','2025-07-16 12:42:14','2025-09-13 08:42:43','student',0),(94,27,1,'MU/LW/24/0005','ZOHARA ','AGHOLOR','agholor.zoharaoseyem@madukauniversity.edu.ng','OSEYEM','MU/LW/24/0005','08012345678','NULL','2025-07-16 12:42:14','2025-09-13 08:42:43','student',0),(95,27,1,'MU/LW/24/0006','KEHINDE ','AMOO','amoo.kehindeblessing@madukauniversity.edu.ng','BLESSING','MU/LW/24/0006','08012345678','NULL','2025-07-16 12:42:14','2025-09-13 08:42:43','student',0),(96,27,1,'MU/LW/24/0007','GLORY ','OCHONOGOR','ochonogor.gloryraphael@madukauniversity.edu.ng','RAPHAEL','MU/LW/24/0007','08012345678','NULL','2025-07-16 12:42:14','2025-09-13 08:42:43','student',0),(97,27,1,'MU/LW/24/0008','SAMUEL ','AGWARAKWE','agwarakwe.samuelifeanyichukwu@madukauniversity.edu.ng','IFEANYICHUKWU','MU/LW/24/0008','08012345678','NULL','2025-07-16 12:42:14','2025-09-13 08:42:43','student',0),(98,27,1,'MU/LW/24/0009','PASCAL ','OBI','obi.pascalchibuike@madukauniversity.edu.ng','CHIBUIKE','MU/LW/24/0009','08012345678','NULL','2025-07-16 12:42:14','2025-09-13 08:42:43','student',0),(99,27,1,'MU/LW/24/0010','NEWMAN ','OFOEZIE','ofoezie.newmanidinma@madukauniversity.edu.ng','IDIMMA','MU/LW/24/0010','08012345678','NULL','2025-07-16 12:42:14','2025-09-13 08:42:43','student',0),(100,27,1,'MU/LW/24/0011','BASIL ','NDUKA','nduka.basilchibueze@madukauniversity.edu.ng','CHIBUEZE','MU/LW/24/0011','08012345678','NULL','2025-07-16 12:42:14','2025-09-13 08:42:43','student',0),(101,27,1,'MU/LW/24/0012','SHARON ','EGEONU','egeonu.sharonsomtochukwu@madukauniversity.edu.ng','SOMTOCHUKWU','MU/LW/24/0012','08012345678','NULL','2025-07-16 12:42:14','2025-09-13 08:42:43','student',0),(102,27,1,'MU/LW/24/0013','GODSFAITHFULLNESS ','CHIJIOKE','chijioke.godsfaithfullness@madukauniversity.edu.ng','CHIMKANMA','MU/LW/24/0013','08012345678','NULL','2025-07-16 12:42:14','2025-09-13 08:42:43','student',0),(103,27,1,'MU/LW/24/0014','LIGHT ','WODI','wodi.lightchidugam@madukauniversity.edu.ng','CHIDUGAM','MU/LW/24/0014','08012345678','NULL','2025-07-16 12:42:14','2025-09-13 08:42:43','student',0),(104,27,1,'MU/LW/24/0015','HELEN','FELIX','felix.helenakide@madukauniversity.edu.ng','AKIDE','MU/LW/24/0015','08012345678','NULL','2025-07-16 12:42:14','2025-09-13 08:42:43','student',0),(105,27,1,'MU/LW/24/0016','KINGSLEY','EZEA','kingsley.ezea@madukauniversity.edu.ng','CHINEDU','MU/LW/24/0016','08012345678','NULL','2025-07-16 12:42:14','2025-09-13 08:42:43','student',0),(106,27,1,'MU/LW/24/0017','NNAEMEKA ','ODIMEGA','odimega.nnaemekafamous@madukauniversity.edu.ng','FAMOUS','MU/LW/24/0017','08012345678','NULL','2025-07-16 12:42:14','2025-09-13 08:42:43','student',0),(107,27,1,'MU/LW/24/0018','VICTORY ','NWABOR','nwabor.victoryokwukwe@madukauniversity.edu.ng','OKWUKWE','MU/LW/24/0018','08012345678','NULL','2025-07-16 12:42:14','2025-09-13 08:42:43','student',0),(108,27,1,'MU/LW/24/0019','CHINENYENWA','OZIOKO','chinenyenwa.oziokoyvonne@madukauniversity.edu.ng','YVONNE','MU/LW/24/0019','08012345678','NULL','2025-07-16 12:42:14','2025-09-13 08:42:43','student',0),(109,27,1,'MU/LW/24/0020','MARIA','IGBALUGA','maria.igbaluga@madukauniversity.edu.ng','UDOIWUESE','MU/LW/24/0020','08012345678','NULL','2025-07-16 12:42:14','2025-09-13 08:42:43','student',0),(110,27,1,'MU/LW/24/0021','KARIRI','IKECHUKWU','kariri.ikechukwugospel@madukauniversity.edu.ng','GOSPEL','MU/LW/24/0021','08012345678','NULL','2025-07-16 12:42:14','2025-09-13 08:42:43','student',0),(111,27,1,'MU/LW/24/0022','EKENE  ','ONUKWU ','onwukwe.ekenefavour@madukauniversity.edu.ng','FAVOUR','MU/LW/24/0022','08012345678','NULL','2025-07-16 12:42:14','2025-09-13 08:42:43','student',0),(112,27,1,'MU/LW/24/0023','CHIMELUM','OKONKWO','chimelum.okonkwosuccess@madukauniversity.edu.ng','SUCCESS','MU/LW/24/0023','08012345678','NULL','2025-07-16 12:42:14','2025-09-13 08:42:43','student',0),(113,27,1,'MU/LW/24/0024','CLIFFORD ','NDIOTI','ndioti.cliffordnnaemeka@madukauniversity.edu.ng','NNAEMEKA','MU/LW/24/0024','08012345678','NULL','2025-07-16 12:42:14','2025-09-13 08:42:43','student',0),(114,27,1,'MU/LW/24/0025','MICHAEL ','AROH','aroh.michaelchidiebere@madukauniversity.edu.ng','CHIDIEBERE','MU/LW/24/0025','08012345678','NULL','2025-07-16 12:42:14','2025-09-13 08:42:43','student',0),(115,27,1,'MU/LW/24/0026','PRAISE','EGBO','praise.egboozioma@madukauniversity.edu.ng','OZIOMA','MU/LW/24/0026','08012345678','NULL','2025-07-16 12:42:14','2025-09-13 08:42:43','student',0),(116,27,1,'MU/LW/24/0027','ANASTASIA','NWANKWO','nwankwo.anastasiafavour@madukauniversity.edu.ng','FAVOUR','MU/LW/24/0027','08012345678','NULL','2025-07-16 12:42:14','2025-09-13 08:42:43','student',0),(117,27,1,'MU/LW/24/0028','GOODNESS ','EZE','eze.goodnessifeoma@madukauniversity.edu.ng','IFEOMA','MU/LW/24/0028','08012345678','NULL','2025-07-16 12:42:14','2025-09-13 08:42:43','student',0),(118,27,1,'MU/LW/24/0029','CHIGOZIE ','CHUKWUEMEKA','chukwuemeka.chigozieinnocent@madukauniversity.edu.ng','INNOCENT','MU/LW/24/0029','08012345678','NULL','2025-07-16 12:42:14','2025-09-13 08:42:43','student',0),(119,27,1,'MU/LW/24/0030','DIVINE ','ONUKWUBE','onukwube.divineonyinye@madukauniversity.edu.ng','ONYINYE','MU/LW/24/0030','08012345678','NULL','2025-07-16 12:42:14','2025-09-13 08:42:43','student',0),(120,27,1,'MU/LW/24/0031','JOHN ','OKEILE','okeile.johnikechukwu@madukauniversity.edu.ng','IKECHUKWU','MU/LW/24/0031','08012345678','NULL','2025-07-16 12:42:14','2025-09-13 08:42:43','student',0),(121,27,1,'MU/LW/24/0032','ESOMCHI ','NWANGUMA','nwanguma.esomchiadanna@madukauniversity.edu.ng','ADANNA','MU/LW/24/0032','08012345678','NULL','2025-07-16 12:42:14','2025-09-13 08:42:43','student',0),(122,27,1,'MU/LW/24/0033','SONIA ','IKECHUKWU','ikechukwu.soniammesoma@madukauniversity.edu.ng','MMESOMA','MU/LW/24/0033','08012345678','NULL','2025-07-16 12:42:14','2025-09-13 08:42:43','student',0),(123,27,1,'MU/LW/24/0034','LILIAN','YOHANNA','lilian.yohannadaji@madukauniversity.edu.ng','DAJI','MU/LW/24/0034','08012345678','NULL','2025-07-16 12:42:14','2025-09-13 08:42:43','student',0),(124,27,1,'MU/LW/24/0035','OWOLABI','AGBABIAKA','owolabi.agbabiaka@madukauniversity.edu.ng','DAUDA','MU/LW/24/0035','08012345678','NULL','2025-07-16 12:42:14','2025-09-13 08:42:43','student',0),(125,27,1,'MU/LW/24/0036','AKUDO','JOHNBOSCO','akudo.johnboscofavour@madukauniversity.edu.ng','FAVOUR','MU/LW/24/0036','08012345678','NULL','2025-07-16 12:42:14','2025-09-13 08:42:43','student',0),(126,27,1,'MU/LW/24/0037','PEACE  ','EWA','ewa.peaceada@madukauniversity.edu.ng','ADA','MU/LW/24/0037','08012345678','NULL','2025-07-16 12:42:14','2025-09-13 08:42:43','student',0),(127,27,1,'MU/LW/24/0038','SCHOLAR ','ANTHONY','anthony.scholarakudo@madukauniversity.edu.ng','AKUDO','MU/LW/24/0038','08012345678','NULL','2025-07-16 12:42:14','2025-09-13 08:42:43','student',0),(128,27,1,'MU/LW/24/0039','CHIBUNNA  ','OPARA','opara.chibunnamaxwell@madukauniversity.edu.ng','MAXWELL','MU/LW/24/0039','08012345678','NULL','2025-07-16 12:42:14','2025-09-13 08:42:43','student',0),(129,27,1,'MU/LW/24/0040','GLORY ','JUBRIN','jubrin.gloryonyinyechi@madukauniversity.edu.ng','ONYINYECHI','MU/LW/24/0040','08012345678','NULL','2025-07-16 12:42:14','2025-09-13 08:42:43','student',0),(130,27,1,'MU/LW/24/0041','MICHAEL  ','DIKE','dike.michaelifeanyi@madukauniversity.edu.ng','IFEANYI','MU/LW/24/0041','08012345678','NULL','2025-07-16 12:42:14','2025-09-13 08:42:43','student',0),(131,27,1,'MU/LW/24/0042','CHOSEN ','EZE                           ','eze.chosenchidera@madukauniversity.edu.ng','CHIDERA','MU/LW/24/0042','08012345678','NULL','2025-07-16 12:42:14','2025-09-13 08:42:43','student',0),(132,27,1,'MU/LW/24/0043','CLINTON ','OPARA','opara.clintonchidiebere@madukauniversity.edu.ng','CHIDIEBERE','MU/LW/24/0043','08012345678','NULL','2025-07-16 12:42:14','2025-09-13 08:42:43','student',0),(133,27,1,'MU/LW/24/0044','LIGHT ','IKWUEGBU','ikwuegbu.lightchimezuru@madukauniversity.edu.ng','CHIMEZURU','MU/LW/24/0044','08012345678','NULL','2025-07-16 12:42:14','2025-09-13 08:42:43','student',0),(134,27,1,'MU/LW/24/0045','CHINAZA','MALIZU','malizu.chinaza@madukauniversity.edu.ng','GIFT','MU/LW/24/0045','08012345678','NULL','2025-07-16 12:42:14','2025-09-13 08:42:43','student',0),(135,27,1,'MU/LW/24/0046','GOODLUCK','OGBONNA','ogbonna.goodluck@madukauniversity.edu.ng','CHUKWUEBUKA','MU/LW/24/0046','08012345678','NULL','2025-07-16 12:42:14','2025-09-13 08:42:43','student',0),(136,27,1,'MU/LW/24/0047','FAVOUR','AJAH','ajah.favour@madukauniversity.edu.ng','CHIMEREMMA','MU/LW/24/0047','08012345678','NULL','2025-07-16 12:42:14','2025-09-13 08:42:43','student',0),(137,27,1,'MU/LW/24/0048','FAVOUR','UKPABIO','ukpabio.favour@madukauniversity.edu.ng','IHUOMA','MU/LW/24/0048','08012345678','NULL','2025-07-16 12:42:14','2025-09-13 08:42:43','student',0),(138,27,1,'MU/LW/24/0049','GOODNESS ','SUNDAY','sunday.goodness@madukauniversity.edu.ng','CHIMDALU','MU/LW/24/0049','08012345678','NULL','2025-07-16 12:42:14','2025-09-13 08:42:43','student',0),(139,27,1,'MU/LW/24/0050','PURITY','EMMANUEL','emmanuel.purity@madukauniversity.edu.ng','OLUOMACHI','MU/LW/24/0050','08012345678','NULL','2025-07-16 12:42:14','2025-09-13 08:42:43','student',0),(140,27,1,'MU/LW/24/0051','THELMA','OBIEKWE','obiekwe.thelma@madukauniversity.edu.ng','CHIDERA','MU/LW/24/0051','08012345678','NULL','2025-07-16 12:42:14','2025-09-13 08:42:43','student',0),(141,27,1,'MU/LW/24/0052','PEACE  ','DUDU','dudu.peace@madukauniversity.edu.ng','          -','MU/LW/24/0052','08012345678','NULL','2025-07-16 12:42:14','2025-09-13 08:42:43','student',0),(142,27,1,'MU/LW/24/0053','FRANCIS','OGBU','ogbu.francis@madukauniversity.edu.ng','CHINONSO','MU/LW/24/0053','08012345678','NULL','2025-07-16 12:42:14','2025-09-13 08:42:43','student',0),(143,27,1,'MU/LW/24/0054','ADANAYA','JONAH','jonah.adanaya@madukauniversity.edu.ng','TUGGAH','MU/LW/24/0054','08012345678','NULL','2025-07-16 12:42:14','2025-09-13 08:42:43','student',0),(144,27,1,'MU/LW/24/0055','FAVOUR','MATHEW','mathew.favour@madukauniversity.edu.ng','CHIAMAKA','MU/LW/24/0055','08012345678','NULL','2025-07-16 12:42:14','2025-09-13 08:42:43','student',0),(145,27,1,'MU/LW/24/0056','CHINONYELUM','OBELE','obele.chinonyelum@madukauniversity.edu.ng','CONFIDENCE','MU/LW/24/0056','08012345678','NULL','2025-07-16 12:42:14','2025-09-13 08:42:43','student',0),(146,27,1,'MU/LW/24/0057','CHINEDU','CHINONYEREM','chinonyerem.chinedu@madukauniversity.edu.ng','BENEDICTA','MU/LW/24/0057','08012345678','NULL','2025-07-16 12:42:14','2025-09-13 08:42:43','student',0),(147,27,1,'MU/LW/24/0058','KOSISOCHUKWU','MADUNEME','maduneme.kosisochukwu@madukauniversity.edu.ng','FRANCISCA-CLAIRE','MU/LW/24/0058','08012345678','NULL','2025-07-16 12:42:14','2025-09-13 08:42:43','student',0),(148,27,1,'MU/LW/24/0059','CHIGOZIE ','BENJAMIN','benjamin.chigozie@madukauniversity.edu.ng','RACHAEL','MU/LW/24/0059','08012345678','NULL','2025-07-16 12:42:14','2025-09-13 08:42:43','student',0),(149,27,1,'MU/LW/24/0060','CHIOMA','IVOKE','ivoke.chioma@madukauniversity.edu.ng','EMMANUELLA','MU/LW/24/0060','08012345678','NULL','2025-07-16 12:42:14','2025-09-13 08:42:43','student',0),(150,27,1,'MU/LW/24/0061','EMMANUELLA','ANUFORO','anuforo.emmanuella@madukauniversity.edu.ng','ENYINNAYA','MU/LW/24/0061','08012345678','NULL','2025-07-16 12:42:14','2025-09-13 08:42:43','student',0),(151,27,1,'MU/LW/24/0062','CHISOM','CHUKWU','chukwu_chisom@madukauniversity.edu.ng','DIAMOND','MU/LW/24/0062','08012345678','NULL','2025-07-16 12:42:14','2025-09-13 08:42:43','student',0),(152,27,1,'MU/LW/24/0063','ELIZABETH','ILLO','illo.elizabeth@madukauniversity.edu.ng','CHIEMERIE','MU/LW/24/0063','08012345678','NULL','2025-07-16 12:42:14','2025-09-13 08:42:43','student',0),(153,27,1,'MU/LW/24/0064','VICTOR','NNADOZIE','nnadozie.victor@madukauniversity.edu.ng','ONYEMAOBI','MU/LW/24/0064','08012345678','NULL','2025-07-16 12:42:14','2025-09-13 08:42:43','student',0),(154,27,1,'MU/LW/24/0065','CHIZOBA','ONYEMA','onyema.chizoba@madukauniversity.edu.ng','FAVOUR','MU/LW/24/0065','08012345678','NULL','2025-07-16 12:42:14','2025-09-13 08:42:43','student',0),(155,27,1,'MU/LW/24/0066','DIVINE ','AMANAHU','amanahu.divine@madukauniversity.edu.ng','UCHECHI','MU/LW/24/0066','08012345678','NULL','2025-07-16 12:42:14','2025-09-13 08:42:43','student',0),(156,27,1,'MU/LW/24/0067','JOEL','EKHATOR','ekhator.joel@madukauniversity.edu.ng','IRIAGBONSE','MU/LW/24/0067','08012345678','NULL','2025-07-16 12:42:14','2025-09-13 08:42:43','student',0),(157,27,1,'MU/LW/24/0068','PRECIOUS','ISAAC','isaac.precious@madukauniversity.edu.ng','MARY','MU/LW/24/0068','08012345678','NULL','2025-07-16 12:42:14','2025-09-13 08:42:43','student',0),(158,27,1,'MU/LW/24/0069','JOSEMARIO','EZE','eze.josemario@madukauniversity.edu.ng','ODINAKACHUKWU','MU/LW/24/0069','08012345678','NULL','2025-07-16 12:42:14','2025-09-13 08:42:43','student',0),(159,27,1,'MU/LW/24/0070','VICTORY ','AJAH','ajah.victory@madukauniversity.edu.ng','CHUKWUEMEKA','MU/LW/24/0070','08012345678','NULL','2025-07-16 12:42:14','2025-09-13 08:42:43','student',0),(160,27,1,'MU/LW/24/0071','JIDECHI','AMADIKE','amadike.jidechi@madukauniversity.edu.ng','XAVIER','MU/LW/24/0071','08012345678','NULL','2025-07-16 12:42:14','2025-09-13 08:42:43','student',0),(161,27,1,'MU/LW/24/0072','GOLDEN','OBIANYIDO','obianyido.golden@madukauniversity.edu.ng','CHIBUZO','MU/LW/24/0072','08012345678','NULL','2025-07-16 12:42:14','2025-09-13 08:42:43','student',0),(162,27,1,'MU/LW/24/0073','COLLINS','OBASI','obasi.collins@madukauniversity.edu.ng','CHIKAOSORO','MU/LW/24/0073','08012345678','NULL','2025-07-16 12:42:14','2025-09-13 08:42:43','student',0),(163,27,1,'MU/LW/24/0075','MAKUOCHUKWU','OGBUIKE','ogbuike.makuochukwu@madukauniversity.edu.ng','CHRISTABEL','MU/LW/24/0075','08012345678','NULL','2025-07-16 12:42:14','2025-09-13 08:42:43','student',0),(164,27,1,'MU/LW/24/0076','CHIEMERIE','UMEBIDO','umebido.chiemerie@madukauniversity.edu.ng','CLEMENT','MU/LW/24/0076','08012345678','NULL','2025-07-16 12:42:14','2025-09-13 08:42:43','student',0),(165,27,1,'MU/LW/24/0077','SOLOMON','ONWE-OGBU','onwe-ogbu.solomon@madukauniversity.edu.ng','OTUMALA','MU/LW/24/0077','08012345678','NULL','2025-07-16 12:42:14','2025-09-13 08:42:43','student',0),(166,27,1,'MU/LW/24/0078','JOSHUA','SHANKYURA','shankyura.joshua@madukauniversity.edu.ng','AHKIBI','MU/LW/24/0078','08012345678','NULL','2025-07-16 12:42:14','2025-09-13 08:42:43','student',0),(167,27,1,'MU/LW/24/0079','MIRACLE','JOEL','joel.miracle@madukauniversity.edu.ng','OLUEBUBE','MU/LW/24/0079','08012345678','NULL','2025-07-16 12:42:14','2025-09-13 08:42:43','student',0),(168,27,1,'MU/LW/24/0080','EMMANUEL','AGBO','agbo.emmanuel@madukauniversity.edu.ng','NDUBUISI','MU/LW/24/0080','08012345678','NULL','2025-07-16 12:42:14','2025-09-13 08:42:43','student',0),(169,27,1,'MU/LW/24/0081','VICTOR','UKANWA','ukanwa.victor@madukauniversity.edu.ng','CHINECHEREM','MU/LW/24/0081','08012345678','NULL','2025-07-16 12:42:14','2025-09-13 08:42:43','student',0),(170,27,1,'MU/LW/24/0082','DAVID','UDEH','udeh.david@madukauniversity.edu.ng','CHUKWUMEREMEZE','MU/LW/24/0082','08012345678','NULL','2025-07-16 12:42:14','2025-09-13 08:42:43','student',0),(171,27,1,'MU/LW/24/0083','NGODOO','PAASE','paase.ngodoo@madukauniversity.edu.ng','NATASHA','MU/LW/24/0083','08012345678','NULL','2025-07-16 12:42:14','2025-09-13 08:42:43','student',0),(172,27,1,'MU/LW/24/0084','SAMSON','OJI','oji.samson@madukauniversity.edu.ng','UMA','MU/LW/24/0084','08012345678','NULL','2025-07-16 12:42:14','2025-09-13 08:42:43','student',0),(173,27,1,'MU/LW/24/0085','GODGIFT','IKPEAMOGOR','ikpeamogor.godgift@madukauniversity.edu.ng','CHUKWUYENUM','MU/LW/24/0085','08012345678','NULL','2025-07-16 12:42:14','2025-09-13 08:42:43','student',0),(174,27,1,'MU/LW/24/0086','AGBA','PRINCE','agba.princess@madukauniversity.edu.ng','CHUKWUMA','MU/LW/24/0086','08012345678','NULL','2025-07-16 12:42:14','2025-09-13 08:42:43','student',0),(175,1,1,'MU/BS/24/0021','MAC-ANTHONY','USHIE','mac-anthony.ushie@madukauniversity.edu.ng','UKANATABUCHI','MU/BS/24/0021','08012345678','NULL','2025-07-16 12:42:14','2025-09-13 08:42:43','student',0),(176,1,1,'MU/BS/24/0022','OKORIBI','SOKARI','sokari.okoribi@madukauniversity.edu.ng','TONI','MU/BS/24/0022','08012345678','NULL','2025-07-16 12:42:14','2025-09-13 08:42:43','student',0),(177,1,1,'MU/BS/24/0023','CHIKAMSO','EZENILO','ezenilo.chikamso@madukauniversity.edu.ng','STEPHANIE','MU/BS/24/0023','08012345678','NULL','2025-07-16 12:42:14','2025-09-13 08:42:43','student',0),(178,1,1,'MU/BS/24/0024','PRINCESS','OBI-ANUONYE','obi-anuonye.princess@madukauniversity.edu.ng','ADAEZE','MU/BS/24/0024','08012345678','NULL','2025-07-16 12:42:14','2025-09-13 08:42:43','student',0),(179,1,1,'MU/BS/24/0025','EMMANUEL','ONYEMA','onyema.emmanuel@madukauniversity.edu.ng','SOROMTOCHUKWU','MU/BS/24/0025','08012345678','NULL','2025-07-16 12:42:14','2025-09-13 08:42:43','student',0),(180,1,1,'MU/BS/24/0029','ROSAPARKS','EKECHUKWU','ekechukwu.rosaparks@madukauniversity.edu.ng','AMARACHI','MU/BS/24/0029','08012345678','NULL','2025-07-16 12:42:14','2025-09-13 08:42:43','student',0),(181,1,1,'MU/BS/24/0030','MICHAEL','ANIEKE','anieke.michael@madukauniversity.edu.ng','CHIDERA','MU/BS/24/0030','08012345678','NULL','2025-07-16 12:42:14','2025-09-13 08:42:43','student',0),(182,5,1,'MU/EN/24/0016','DANIEL','OKEKE','okeke.daniel@madukauniversity.edu.ng','EBUBE','MU/EN/24/0016','08012345678','NULL','2025-07-16 12:42:15','2025-09-13 08:42:43','student',0),(183,5,1,'MU/EN/24/0017','CHUKWUEMEKA','UGWOKE','ugwoke.chukwuemeka@madukauniversity.edu.ng','JOSHUA','MU/EN/24/0017','08012345678','NULL','2025-07-16 12:42:15','2025-09-13 08:42:43','student',0),(184,5,1,'MU/EN/24/0018','SAMUEL','OZOR','ozor.samuel@madukauniversity.edu.ng','CHYKWUMA','MU/EN/24/0018','08012345678','NULL','2025-07-16 12:42:15','2025-09-13 08:42:43','student',0),(185,5,1,'MU/EN/24/0019','OKECHUKWU','OZOKPOR','ozokpor.okechukwu@madukauniversity.edu.ng','SAMUEL','MU/EN/24/0019','08012345678','NULL','2025-07-16 12:42:15','2025-09-13 08:42:43','student',0),(186,5,1,'MU/EN/24/0020','NNAMDI','AKWUSIE','akwusie.nnamdi@madukauniversity.edu.ng','CHRISTIAN','MU/EN/24/0020','08012345678','NULL','2025-07-16 12:42:15','2025-09-13 08:42:43','student',0),(187,5,1,'MU/EN/24/0021','INNOCENT','IMOCHA','imocha.innocent@madukauniversity.edu.ng','NNADOZIE','MU/EN/24/0021','08012345678','NULL','2025-07-16 12:42:15','2025-09-13 08:42:43','student',0),(188,5,1,'MU/EN/24/0022','UCHECHUKWU','ASUZU','asuzu.uchechukwu@madukauniversity.edu.ng','MIRACLE','MU/EN/24/0022','08012345678','NULL','2025-07-16 12:42:15','2025-09-13 08:42:43','student',0),(189,15,1,'MU/EN/24/0023','DAVID','OKEKE','okeke.david2@madukauniversity.edu.ng','EBUBECHI','MU/EN/24/0023','08012345678','NULL','2025-07-16 12:42:15','2025-09-13 08:42:43','student',0),(190,15,1,'MU/EN/24/0024','RISEN','OKORO','okoro.risen@madukauniversity.edu.ng','ONYEDIKACHI','MU/EN/24/0024','08012345678','NULL','2025-07-16 12:42:15','2025-09-13 08:42:43','student',0),(191,15,1,'MU/EN/24/0025','UCHECHUKWU','OKENWA','okenwa.uchechukwu@madukauniversity.edu.ng','IFEANYICHUKWU','MU/EN/24/0025','08012345678','NULL','2025-07-16 12:42:15','2025-09-13 08:42:43','student',0),(192,15,1,'MU/EN/24/0026','MICHAEL','ILOH','iloh.michael@madukauniversity.edu.ng','CHIBUIKE','MU/EN/24/0026','08012345678','NULL','2025-07-16 12:42:15','2025-09-13 08:42:43','student',0),(193,15,1,'MU/EN/24/0027','MIRACLE','AJA','aja.miracle@madukauniversity.edu.ng','NDUKA','MU/EN/24/0027','08012345678','NULL','2025-07-16 12:42:15','2025-09-13 08:42:43','student',0),(194,15,1,'MU/EN/24/0028','FAVOUR','EZUGWU','ezugwu.favour@madukauniversity.edu.ng','CHIAGOZIE','MU/EN/24/0028','08012345678','NULL','2025-07-16 12:42:15','2025-09-13 08:42:43','student',0),(195,12,1,'MU/HS/24/0001','EBUBECHUKWU','OZONUWE','ozonuwe.ebubechukwu@madukauniversity.edu.ng','PHAREZ','MU/HS/24/0001','08012345678','NULL','2025-07-16 12:42:15','2025-09-13 08:42:43','student',0),(196,12,1,'MU/HS/24/0002','PRAISE','OKON','okon.praise@madukauniversity.edu.ng','ETIMBOK','MU/HS/24/0002','08012345678','NULL','2025-07-16 12:42:15','2025-09-13 08:42:43','student',0),(197,12,1,'MU/HS/24/0003','MMESOMA','OKAFOR','mmesoma.okafor@madukauniversity.edu.ng','MARY-CLARE','MU/HS/24/0003','08012345678','NULL','2025-07-16 12:42:15','2025-09-13 08:42:43','student',0),(198,12,1,'MU/HS/24/0004','CHARITY','DAUDA','charity.dauda@madukauniversity.edu.ng','NYAM','MU/HS/24/0004','08012345678','NULL','2025-07-16 12:42:15','2025-09-13 08:42:43','student',0),(199,12,1,'MU/HS/24/0005','ANDERSON','AUDU','anderson.audu@madukauniversity.edu.ng','OTUADAH','MU/HS/24/0005','08012345678','NULL','2025-07-16 12:42:15','2025-09-13 08:42:43','student',0),(200,12,1,'MU/HS/24/0006','IDANGO','OGWUCHE','mathias.ogwuche@madukauniversity.edu.ng','MATHIAS','MU/HS/24/0006','08012345678','NULL','2025-07-16 12:42:15','2025-09-13 08:42:43','student',0),(201,12,1,'MU/HS/24/0007','JENNIFER','CHUKWUMA','jennifer.chukwuma@madukauniversity.edu.ng','ADAOLISA','MU/HS/24/0007','08012345678','NULL','2025-07-16 12:42:15','2025-09-13 08:42:43','student',0),(202,12,1,'MU/HS/24/0008','MERCY','ODO','mercy.odo@madukauniversity.edu.ng','NNEKA','MU/HS/24/0008','08012345678','NULL','2025-07-16 12:42:15','2025-09-13 08:42:43','student',0),(203,12,1,'MU/HS/24/0009','TISEER','ANEWE','tiseer.anewe@madukauniversity.edu.ng','JOSEPH','MU/HS/24/0009','08012345678','NULL','2025-07-16 12:42:15','2025-09-13 08:42:43','student',0),(204,12,1,'MU/HS/24/0010','CHARLES','NWAKUNNA','charles.nwakunna@madukauniversity.edu.ng','ROTANNA','MU/HS/24/0010','08012345678','NULL','2025-07-16 12:42:15','2025-09-13 08:42:43','student',0),(205,12,1,'MU/HS/24/0011','LORDRICKS','OYIGBA-IFEANYI','lordricks.oyiga-ifeanyi@madukauniversity.edu.ng','SOMTO','MU/HS/24/0011','08012345678','NULL','2025-07-16 12:42:15','2025-09-13 08:42:43','student',0),(206,12,1,'MU/HS/24/0012','PRECIOUS','IBEABUCHI','precious.ibeabuchi@madukauniversity.edu.ng','CHIAMAKA','MU/HS/24/0012','08012345678','NULL','2025-07-16 12:42:15','2025-09-13 08:42:43','student',0),(207,12,1,'MU/HS/24/0013','CHIOMA','IWUOHA','iwuoha.chioma@madukauniversity.edu.ng','NELLY','MU/HS/24/0013','08012345678','NULL','2025-07-16 12:42:15','2025-09-13 08:42:43','student',0),(208,12,1,'MU/HS/24/0014','FAVOUR','OKAFOR-CHINEDU','okafor-chinedu.favour@madukauniversity.edu.ng','CHIDINMA','MU/HS/24/0014','08012345678','NULL','2025-07-16 12:42:15','2025-09-13 08:42:43','student',0),(209,12,1,'MU/HS/24/0015','EBUBECHI','EDOZIE','edozie.ebubechukwu@madukauniversity.edu.ng','ONYEKACHI','MU/HS/24/0015','08012345678','NULL','2025-07-16 12:42:15','2025-09-13 08:42:43','student',0),(210,12,1,'MU/HS/24/0016','SYLVIA','ENECHUKWU','enechukwu.sylvia@madukauniversity.edu.ng','CHINECHEREM','MU/HS/24/0016','08012345678','NULL','2025-07-16 12:42:15','2025-09-13 08:42:43','student',0),(211,12,1,'MU/HS/24/0017','CHIOMA','EZEAKOR','ezeakor.chioma@madukauniversity.edu.ng','REJOICE','MU/HS/24/0017','08012345678','NULL','2025-07-16 12:42:15','2025-09-13 08:42:43','student',0),(212,12,1,'MU/HS/24/0018','SUCCESS','DIDIGWU','didigwu.success@madukauniversity.edu.ng','ULOAKU','MU/HS/24/0018','08012345678','NULL','2025-07-16 12:42:15','2025-09-13 08:42:43','student',0),(213,12,1,'MU/HS/24/0256','COLLINS','ONYEKE','onyeke.collins@madukauniversity.edu.ng','IFEANYI','MU/HS/24/0256','08012345678','NULL','2025-07-16 12:42:15','2025-09-13 08:42:43','student',0),(214,12,1,'MU/HS/24/0254','PAMELA','CHRISTOPHER','christopher.pamela@madukauniversity.edu.ng','CHINECHEREM','MU/HS/24/0254','08012345678','NULL','2025-07-16 12:42:15','2025-09-13 08:42:43','student',0),(215,9,1,'MU/MS/24/0001','VICTOR','ANOKE ','anoke.victorogbonnaya@madukauniversity.edu.ng','OGONNAYA','MU/MS/24/0001','08012345678','NULL','2025-07-16 12:42:15','2025-09-13 08:42:43','student',0),(216,9,1,'MU/MS/24/0002','DIVINE ','OKWUCHUKWU','okwuchukwu.divineekenedirichukwu@madukauniversity.edu.ng','EKENEDIRICHUKWU','MU/MS/24/0002','08012345678','NULL','2025-07-16 12:42:15','2025-09-13 08:42:43','student',0),(217,9,1,'MU/MS/24/0003','ARICHA ','ODE','ode.arichacomfort@madukauniversity.edu.ng','COMFORT','MU/MS/24/0003','08012345678','NULL','2025-07-16 12:42:15','2025-09-13 08:42:43','student',0),(218,9,1,'MU/MS/24/0004','PRAISEWORTH ','SOLUTION','solution.praisewortheyeshoya@madukauniversity.edu.ng','EYESHOYA','MU/MS/24/0004','08012345678','NULL','2025-07-16 12:42:15','2025-09-13 08:42:43','student',0),(219,9,1,'MU/MS/24/0005','CHIDERA ','OZIOKO','ozioko.chideraadaeze@madukauniversity.edu.ng','ADAEZE','MU/MS/24/0005','08012345678','NULL','2025-07-16 12:42:15','2025-09-13 08:42:43','student',0),(220,9,1,'MU/MS/24/0006','CHIOMA','AKPE','akpe.chioma@madukauniversity.edu.ng','GOODNESS','MU/MS/24/0006','08012345678','NULL','2025-07-16 12:42:15','2025-09-13 08:42:43','student',0),(221,9,1,'MU/MS/24/0007','DAVID ','AKANMU','akanmu.davidtemiloluwa@madukauniversity.edu.ng','TEMILOLUWA','MU/MS/24/0007','08012345678','NULL','2025-07-16 12:42:15','2025-09-13 08:42:43','student',0),(222,9,1,'MU/MS/24/0008','ABDULROUF ','ADESOLA','adesola.abdulroufomotayo@madukauniversity.edu.ng','OMOTAYO','MU/MS/24/0008','08012345678','NULL','2025-07-16 12:42:15','2025-09-13 08:42:43','student',0),(223,9,1,'MU/MS/24/0009','SHARONROSE ','ISEZUO-DAVID','isezuo-david.sharonroseovene@madukauniversity.edu.ng','OVENE','MU/MS/24/0009','08012345678','NULL','2025-07-16 12:42:15','2025-09-13 08:42:43','student',0),(224,9,1,'MU/MS/24/0010','MARTINS ','WILLIAMS','williams.martinsadeiza@madukauniversity.edu.ng','ADEIZA','MU/MS/24/0010','08012345678','NULL','2025-07-16 12:42:15','2025-09-13 08:42:43','student',0),(225,9,1,'MU/MS/24/0011','ATUBA ','ADU','adu.atubaclaris@madukauniversity.edu.ng','CLARIS','MU/MS/24/0011','08012345678','NULL','2025-07-16 12:42:15','2025-09-13 08:42:43','student',0),(226,9,1,'MU/MS/24/0012','CHERRYL','NWAKANMA','nwakanma.cherryl@madukauniversity.edu.ng','MUNACHIMSO','MU/MS/24/0012','08012345678','NULL','2025-07-16 12:42:15','2025-09-13 08:42:43','student',0),(227,9,1,'MU/MS/24/0013','CHIMCHETARAM','OKOLIE','okolie.chimcheteram@madukauniversity.edu.ng','','MU/MS/24/0013','08012345678','NULL','2025-07-16 12:42:15','2025-09-13 08:42:43','student',0),(228,9,1,'MU/MS/24/0014','COLLINS','URAMA','urama.collins@madukauniversity.edu.ng','SOMTO','MU/MS/24/0014','08012345678','NULL','2025-07-16 12:42:15','2025-09-13 08:42:43','student',0),(229,9,1,'MU/MS/24/0015','MESHACK ','JOHN','john.meshackodungbe@madukauniversity.edu.ng','ODUNGBE','MU/MS/24/0015','08012345678','NULL','2025-07-16 12:42:15','2025-09-13 08:42:43','student',0),(230,9,1,'MU/MS/24/0016','CHUKWUMA','UCHE','uche.chukwuma@madukauniversity.edu.ng','STANLEY','MU/MS/24/0016','08012345678','NULL','2025-07-16 12:42:15','2025-09-13 08:42:43','student',0),(231,9,1,'MU/MS/24/0017','IZODUWA ','EKHATOR','ekhator.izoduwaesther@madukauniversity.edu.ng','ESTHER','MU/MS/24/0017','08012345678','NULL','2025-07-16 12:42:15','2025-09-13 08:42:43','student',0),(232,9,1,'MU/MS/24/0018','PRECIOUS','LEO','leo.precious@madukauniversity.edu.ng','USMAN','MU/MS/24/0018','08012345678','NULL','2025-07-16 12:42:15','2025-09-13 08:42:43','student',0),(233,9,1,'MU/MS/24/0019','EMMANUEL','OBINNA','obinna.emmanuel@madukauniversity.edu.ng','','MU/MS/24/0019','08012345678','NULL','2025-07-16 12:42:15','2025-09-13 08:42:43','student',0),(234,9,1,'MU/MS/24/0020','KIMBERLY','AHAMEFUNA','ahamefuna.kimberly@madukauniversity.edu.ng','N.','MU/MS/24/0020','08012345678','NULL','2025-07-16 12:42:15','2025-09-13 08:42:43','student',0),(235,9,1,'MU/MS/24/0021','JOSHUA','CHUKWUEMEKA','chukwuemeka.joshua@madukauniversity.edu.ng','C.','MU/MS/24/0021','08012345678','NULL','2025-07-16 12:42:15','2025-09-13 08:42:43','student',0),(236,9,1,'MU/MS/24/0022','DANIELLA ','OGHENEOCHUKO','ogheneochuko.daniellachichetaram@madukauniversity.edu.ng','CHICHETARAM','MU/MS/24/0022','08012345678','NULL','2025-07-16 12:42:15','2025-09-13 08:42:43','student',0),(237,9,1,'MU/MS/24/0023','VIRTUE','AYEGBA','ayegba.virtueinikpi@madukauniversity.edu.ng','INIKPI','MU/MS/24/0023','08012345678','NULL','2025-07-16 12:42:15','2025-09-13 08:42:43','student',0),(238,9,1,'MU/MS/24/0024','NGOZI','OKOROJI','okoroji.ngozi@madukauniversity.edu.ng','HILLARY','MU/MS/24/0024','08012345678','NULL','2025-07-16 12:42:15','2025-09-13 08:42:43','student',0),(239,9,1,'MU/MS/24/0025','STEPHANIE','ASIANYA','asianya.stephanie@madukauniversity.edu.ng','OLUEBUBE','MU/MS/24/0025','08012345678','NULL','2025-07-16 12:42:15','2025-09-13 08:42:43','student',0),(240,9,1,'MU/MS/24/0026','DANIEL','OJULE','ojule.danielkelechi@madukauniversity.edu.ng','KELECHI','MU/MS/24/0026','08012345678','NULL','2025-07-16 12:42:15','2025-09-13 08:42:43','student',0),(241,9,1,'MU/MS/24/0027','JESSICA','CHUKWU','chukwu.jessicaadaobi@madukauniversity.edu.ng','ADAOBI','MU/MS/24/0027','08012345678','NULL','2025-07-16 12:42:15','2025-09-13 08:42:43','student',0),(242,9,1,'MU/MS/24/0028','UGONNIA','MANAFA','ugonnia.manafaclare@madukauniversity.edu.ng','CLARE','MU/MS/24/0028','08012345678','NULL','2025-07-16 12:42:15','2025-09-13 08:42:43','student',0),(243,9,1,'MU/MS/24/0030','EPHRAIM','DESTINY','destiny.ephraim@madukauniversity.edu.ng','CHIDERA','MU/MS/24/0030','08012345678','NULL','2025-07-16 12:42:15','2025-09-13 08:42:43','student',0),(244,9,1,'MU/MS/24/0031','VICTOR','AKABUEZE','akabueze.victorchisom@madukauniversity.edu.ng','CHISOM','MU/MS/24/0031','08012345678','NULL','2025-07-16 12:42:15','2025-09-13 08:42:43','student',0),(245,9,1,'MU/MS/24/0032','MERCY','CHUKWUEMEKA','chukwuemeka.mercychidiebere@madukauniversity.edu.ng','CHIDIEBERE','MU/MS/24/0032','08012345678','NULL','2025-07-16 12:42:15','2025-09-13 08:42:43','student',0),(246,9,1,'MU/MS/24/0033','BRYANT','AGBAKAHI','agbakahi.bryantchukwuma@madukauniversity.edu.ng','CHUKWUMA','MU/MS/24/0033','08012345678','NULL','2025-07-16 12:42:15','2025-09-13 08:42:43','student',0),(247,9,1,'MU/MS/24/0034','BRIAN','EKEANYANWU','ekeanyanwu.brian@madukauniversity.edu.ng','IKEMDINACHI','MU/MS/24/0034','08012345678','NULL','2025-07-16 12:42:15','2025-09-13 08:42:43','student',0),(248,9,1,'MU/MS/24/0035','EKENE','OMEGHAI','omeghai.ekene@madukauniversity.edu.ng','DIURE','MU/MS/24/0035','08012345678','NULL','2025-07-16 12:42:15','2025-09-13 08:42:43','student',0),(249,9,1,'MU/MS/24/0036','JESSICA','VICTOR','victor.jessica@madukauniversity.edu.ng','CHINYERUM','MU/MS/24/0036','08012345678','NULL','2025-07-16 12:42:15','2025-09-13 08:42:43','student',0),(250,9,1,'MU/MS/24/0037','WEALTH','JOSEPH-IGORO','josephigoro.wealth@madukauniversity.edu.ng','AYEBABOMO','MU/MS/24/0037','08012345678','NULL','2025-07-16 12:42:15','2025-09-13 08:42:43','student',0),(251,9,1,'MU/MS/24/0038','ANSELM','IKECHUKWU','ikechukeu.anselm@madukauniversity.edu.ng','CHINEMEREM','MU/MS/24/0038','08012345678','NULL','2025-07-16 12:42:15','2025-09-13 08:42:43','student',0),(252,9,1,'MU/MS/24/0039','FAVOUR ','OKORO ','okoro.favour@madukauniversity.edu.ng','MMESOMA','MU/MS/24/0039','08012345678','NULL','2025-07-16 12:42:15','2025-09-13 08:42:43','student',0),(253,9,1,'MU/MS/24/0040','PAMELA','OBIEKWE','obiekwe.pamela@madukauniversity.edu.ng','CHIKODILI','MU/MS/24/0040','08012345678','NULL','2025-07-16 12:42:15','2025-09-13 08:42:43','student',0),(254,9,1,'MU/MS/24/0041','VICTORY','MICHAEL','michael.victory@madukauniversity.edu.ng','CHIEMEKAM','MU/MS/24/0041','08012345678','NULL','2025-07-16 12:42:15','2025-09-13 08:42:43','student',0),(255,9,1,'MU/MS/24/0042','CHIAMAKA','PHILIP','philip.chiamaka@madukauniversity.edu.ng','FAITH','MU/MS/24/0042','08012345678','NULL','2025-07-16 12:42:15','2025-09-13 08:42:43','student',0),(256,9,1,'MU/MS/24/0043','CHIOMA','PHILIP','philip.chioma@madukauniversity.edu.ng','FAITH','MU/MS/24/0043','08012345678','NULL','2025-07-16 12:42:15','2025-09-13 08:42:43','student',0),(257,9,1,'MU/MS/24/0044','JENNIFER','CHINYERE','chinyere.jennifer@madukauniversity.edu.ng','IHUOMA','MU/MS/24/0044','08012345678','NULL','2025-07-16 12:42:15','2025-09-13 08:42:43','student',0),(258,9,1,'MU/MS/24/0045','VALENRIE','AKHIGBE','akhigbe.valenrie@madukauniversity.edu.ng','CHIAZALAM','MU/MS/24/0045','08012345678','NULL','2025-07-16 12:42:15','2025-09-13 08:42:43','student',0),(259,9,1,'MU/MS/24/0046','EMMANUEL','JUDE','jude.emmanuel@madukauniversity.edu.ng','CHIDERA','MU/MS/24/0046','08012345678','NULL','2025-07-16 12:42:15','2025-09-13 08:42:43','student',0),(260,9,1,'MU/MS/24/0047','EPHRAIM','EZE','eze.ephraim@madukauniversity.edu.ng','CHIMDINDU','MU/MS/24/0047','08012345678','NULL','2025-07-16 12:42:15','2025-09-13 08:42:43','student',0),(261,9,1,'MU/MS/24/0048','ANITA','AKOWUNDU','akowundu.anita@madukauniversity.edu.ng','CHINAEMEREM','MU/MS/24/0048','08012345678','NULL','2025-07-16 12:42:15','2025-09-13 08:42:43','student',0),(262,9,1,'MU/MS/24/0049','EZINNE','AKWARI','akwari.ezinne@madukauniversity.edu.ng','ROSA','MU/MS/24/0049','08012345678','NULL','2025-07-16 12:42:15','2025-09-13 08:42:43','student',0),(263,9,1,'MU/MS/24/0050','RUTH','ACHARA','achara.ruth@madukauniversity.edu.ng','AMARACHI','MU/MS/24/0050','08012345678','NULL','2025-07-16 12:42:15','2025-09-13 08:42:43','student',0),(264,9,1,'MU/MS/24/0051','JESSICA','OGUBUIKE','ogubuike.jessica@madukauniversity.edu.ng','CHIOMA','MU/MS/24/0051','08012345678','NULL','2025-07-16 12:42:15','2025-09-13 08:42:43','student',0),(265,9,1,'MU/MS/24/0052','FLORENCE','ONYEMA','onyema.florence@madukauniversity.edu.ng','      -','MU/MS/24/0052','08012345678','NULL','2025-07-16 12:42:15','2025-09-13 08:42:43','student',0),(266,9,1,'MU/MS/24/0053','VICTOR','AMAEFULE','amaefule.victor@madukauniversity.edu.ng','EZE','MU/MS/24/0053','08012345678','NULL','2025-07-16 12:42:15','2025-09-13 08:42:43','student',0),(267,9,1,'MU/MS/24/0054','RICHARD','AMAEFULE','amaefule.richard@madukauniversity.edu.ng','UGOCHUKWU','MU/MS/24/0054','08012345678','NULL','2025-07-16 12:42:15','2025-09-13 08:42:43','student',0),(268,9,1,'MU/MS/24/0055','STEVE','ITULA-OMODIAGBE','itula-omodiagbe.steve@madukauniversity.edu.ng','OSEDEBAMEN','MU/MS/24/0055','08012345678','NULL','2025-07-16 12:42:15','2025-09-13 08:42:43','student',0),(269,9,1,'MU/MS/24/0056','AIHINORIA','ABU-SYLVESTER','abu-sylvester.aihinoria@madukauniversity.edu.ng','DESTINY','MU/MS/24/0056','08012345678','NULL','2025-07-16 12:42:15','2025-09-13 08:42:43','student',0),(270,9,1,'MU/MS/24/0057','IKENNA','MBOMA','mboma.ikenna@madukauniversity.edu.ng','DAVID','MU/MS/24/0057','08012345678','NULL','2025-07-16 12:42:15','2025-09-13 08:42:43','student',0),(271,9,1,'MU/MS/24/0059','FAVOUR ','KENNEDY','kennedy.favour@madukauniversity.edu.ng','AMARACHI','MU/MS/24/0059','08012345678','NULL','2025-07-16 12:42:15','2025-09-13 08:42:43','student',0),(272,9,1,'MU/MS/24/0060','OLUWALANOPE','IROKO','iroko.oluwalanope@madukauniversity.edu.ng','EBOSERIEMEN','MU/MS/24/0060','08012345678','NULL','2025-07-16 12:42:15','2025-09-13 08:42:43','student',0),(273,9,1,'MU/MS/24/0029','DANIEL','BUKOLA','bukola.daniel@madukauniversity.edu.ng','OLUWASEYI','MU/MS/24/0029','08012345678','NULL','2025-07-16 12:42:15','2025-09-13 08:42:43','student',0),(274,9,1,'MU/MS/24/0061','CLINTON','MICHAEL','michael.clinton@madukauniversity.edu.ng','LEO','MU/MS/24/0061','08012345678','NULL','2025-07-16 12:42:15','2025-09-13 08:42:43','student',0),(275,9,1,'MU/MS/24/0062','CHINONSO','NWACHUKWU','nwachukwu.chinonso@madukauniversity.edu.ng','FRANCIS-GRACIOUS','MU/MS/24/0062','08012345678','NULL','2025-07-16 12:42:15','2025-09-13 08:42:43','student',0),(276,9,1,'MU/MS/24/0058','ANGEL','LAWRENCE','lawrence.angel@madukauniversity.edu.ng','CHINAZA','MU/MS/24/0058','08012345678','NULL','2025-07-16 12:42:15','2025-09-13 08:42:43','student',0),(277,9,1,'MU/MS/24/0063','MARTINS ','IGWE','igwe.martins@madukauniversity.edu.ng','CHIDIEBERE','MU/MS/24/0063','08012345678','NULL','2025-07-16 12:42:15','2025-09-13 08:42:43','student',0),(278,9,1,'MU/MS/24/0064','BETHEL','MANCHA','mancha.bethel@madukauniversity.edu.ng','MARKUS','MU/MS/24/0064','08012345678','NULL','2025-07-16 12:42:15','2025-09-13 08:42:43','student',0),(279,9,1,'MU/MS/24/0065','KEOBIMYOROCHUKWU','UKEKWE','ukekwe.keobimyorochukwu@madukauniversity.edu.ng','GIFT','MU/MS/24/0065','08012345678','NULL','2025-07-16 12:42:15','2025-09-13 08:42:43','student',0),(280,9,1,'MU/MS/24/0066','PROMISE','PETER','peter.promise@madukauniversity.edu.ng','AKACHUKWU','MU/MS/24/0066','08012345678','NULL','2025-07-16 12:42:15','2025-09-13 08:42:43','student',0),(281,14,1,'MU/PH/24/0001','NZUBE','ONYIA','onyia.nzube@madukauniversity.edu.ng','EMMANUEL','MU/PH/24/0001','08012345678','NULL','2025-07-16 12:42:15','2025-09-13 08:42:43','student',0),(282,14,1,'MU/PH/24/0002','CHUKWUEMEKA','OGBULOGO','ogbulogo.chukwuemeka@madukauniversity.edu.ng','EMMANUEL','MU/PH/24/0002','08012345678','NULL','2025-07-16 12:42:15','2025-09-13 08:42:43','student',0),(283,14,1,'MU/PH/24/0003','KOSISOCHUKWU','ONYISHI','onyishi.kosisochukwu@madukauniversity.edu.ng','BENITA','MU/PH/24/0003','08012345678','NULL','2025-07-16 12:42:15','2025-09-13 08:42:43','student',0),(284,14,1,'MU/PH/24/0004','CELESTINE','AYOGU','ayogu.celestine@madukauniversity.edu.ng','NNANNA','MU/PH/24/0004','08012345678','NULL','2025-07-16 12:42:15','2025-09-13 08:42:43','student',0),(285,14,1,'MU/PH/24/0005','SUCCESS','UDOKA','udoka.success@madukauniversity.edu.ng','CHINENYE','MU/PH/24/0005','08012345678','NULL','2025-07-16 12:42:15','2025-09-13 08:42:43','student',0),(286,14,1,'MU/PH/24/0006','UBI','HARRISON','harrisonubi.sonia@madukauniversity.edu.ng','SONIA','MU/PH/24/0006','08012345678','NULL','2025-07-16 12:42:15','2025-09-13 08:42:43','student',0),(287,14,1,'MU/PH/24/0007','DILLY','NDOM','ndom.dilly@madukauniversity.edu.ng','PRECIOUS','MU/PH/24/0007','08012345678','NULL','2025-07-16 12:42:15','2025-09-13 08:42:43','student',0),(288,14,1,'MU/PH/24/0008','HENRY','UGWU','ugwu.henry@madukauniversity.edu.ng','CHIBUIKE','MU/PH/24/0008','08012345678','NULL','2025-07-16 12:42:16','2025-09-13 08:42:43','student',0),(289,14,1,'MU/PH/24/0009','PRECIOUS ','OKEKE','okeke.precious@madukauniversity.edu.ng','CHIOMA','MU/PH/24/0009','08012345678','NULL','2025-07-16 12:42:16','2025-09-13 08:42:43','student',0),(290,14,1,'MU/PH/24/0010','IFEOMA','UGONNA','stephanie.ugonna@madukauniversity.edu.ng','STEPHANIE','MU/PH/24/0010','08012345678','NULL','2025-07-16 12:42:16','2025-09-13 08:42:43','student',0),(291,14,1,'MU/PH/24/0011','SADIQ','MUHAMMED','muhammed.sadiq@madukauniversity.edu.ng','ILEAWA','MU/PH/24/0011','08012345678','NULL','2025-07-16 12:42:16','2025-09-13 08:42:43','student',0),(292,14,1,'MU/PH/24/0012','ERNEST','NNENWA','ernest.nnenwa@madukauniversity.edu.ng','OKEMINI','MU/PH/24/0012','08012345678','NULL','2025-07-16 12:42:16','2025-09-13 08:42:43','student',0),(293,14,1,'MU/PH/24/0013','FAVOUR','UGWUOKE','favour.ugwuoke@madukauniversity.edu.ng','CHIDUMAGA','MU/PH/24/0013','08012345678','NULL','2025-07-16 12:42:16','2025-09-13 08:42:43','student',0),(294,14,1,'MU/PH/24/0014','PRINCE','OKEHIE','okehie.isioma@madukauniversity.edu.ng','ISIOMA','MU/PH/24/0014','08012345678','NULL','2025-07-16 12:42:16','2025-09-13 08:42:43','student',0),(295,14,1,'MU/PH/24/0015','JOSHUA','ADEOSUN','joshua.adeosun@madukauniversity.edu.ng','ILERI','MU/PH/24/0015','08012345678','NULL','2025-07-16 12:42:16','2025-09-13 08:42:43','student',0),(296,14,1,'MU/PH/24/0016','PRAISE','ICH-NSOFOR','praise.ichnsofor@madukauniversity.edu.ng','UCHENNA','MU/PH/24/0016','08012345678','NULL','2025-07-16 12:42:16','2025-09-13 08:42:43','student',0),(297,14,1,'MU/PH/24/0017','EMMANUEL','ICH-NSOFOR','emmanuel.ichnsofor@madukauniversity.edu.ng','NNAEMEKA','MU/PH/24/0017','08012345678','NULL','2025-07-16 12:42:16','2025-09-13 08:42:43','student',0),(298,14,1,'MU/PH/24/0018','COLLINS','AMAEFULE','collins.amaefule@madukauniversity.edu.ng','CHISOM','MU/PH/24/0018','08012345678','NULL','2025-07-16 12:42:16','2025-09-13 08:42:43','student',0),(299,14,1,'MU/PH/24/0019','EMMANUEL','OKOYE','okoye.emmanuel@madukauniversity.edu.ng','CHIEMERIE','MU/PH/24/0019','08012345678','NULL','2025-07-16 12:42:16','2025-09-13 08:42:43','student',0),(300,14,1,'MU/PH/24/0020','DANIEL','EKO','daniel.eko@madukauniversity.edu.ng','LOVEDAY','MU/PH/24/0020','08012345678','NULL','2025-07-16 12:42:16','2025-09-13 08:42:43','student',0),(301,14,1,'MU/PH/24/0021','STEPHANIE','ONUORAH','stephanie.onuorah@madukauniversity.edu.ng','CHIDIOGO','MU/PH/24/0021','08012345678','NULL','2025-07-16 12:42:16','2025-09-13 08:42:43','student',0),(302,14,1,'MU/PH/24/0022','MARYANN','UCHE','maryann.uche@madukauniversity.edu.ng','IFEYINWA','MU/PH/24/0022','08012345678','NULL','2025-07-16 12:42:16','2025-09-13 08:42:43','student',0),(303,14,1,'MU/PH/24/0023','CHIBUIKEM','OKEKE','okeke.chibuekem@madukauniversity.edu.ng','PROSPER','MU/PH/24/0023','08012345678','NULL','2025-07-16 12:42:16','2025-09-13 08:42:43','student',0),(304,14,1,'MU/PH/24/0024','CHINONSO','ONYEMA','onyema.chinonso@madukauniversity.edu.ng','FRANKLIN','MU/PH/24/0024','08012345678','NULL','2025-07-16 12:42:16','2025-09-13 08:42:43','student',0),(305,14,1,'MU/PH/24/0025','DUNAMIS','UCHENNA','uchenna.dunamis@madukauniversity.edu.ng','OYIDIYA','MU/PH/24/0025','08012345678','NULL','2025-07-16 12:42:16','2025-09-13 08:42:43','student',0),(306,14,1,'MU/PH/24/0026','GENEVIEVE','EKWUEME','ekwuemes.genevieve@madukauniversity.edu.ng','OBIANUJU','MU/PH/24/0026','08012345678','NULL','2025-07-16 12:42:16','2025-09-13 08:42:43','student',0),(307,14,1,'MU/PH/24/0027','SOPHIA','ODOH','sophia.odoh@madukauniversity.edu.ng','MAKUOCHUKWU','MU/PH/24/0027','08012345678','NULL','2025-07-16 12:42:16','2025-09-13 08:42:43','student',0),(308,14,1,'MU/PH/24/0028','ANTHONY','CHUKWUMA','chukwuma.anthony@madukauniversity.edu.ng','OLUOMACHUKWU','MU/PH/24/0028','08012345678','NULL','2025-07-16 12:42:16','2025-09-13 08:42:43','student',0),(309,14,1,'MU/PH/24/0029','CHIKAMSO','AKAM','akam.chikamso@madukauniversity.edu.ng','AGATHA','MU/PH/24/0029','08012345678','NULL','2025-07-16 12:42:16','2025-09-13 08:42:43','student',0),(310,14,1,'MU/PH/24/0030','NESTOR','OBUMNEME','obumneme.nestor@madukauniversity.edu.ng','CHIKAMSO','MU/PH/24/0030','08012345678','NULL','2025-07-16 12:42:16','2025-09-13 08:42:43','student',0),(311,14,1,'MU/PH/24/0031','CHINENYE','ONYEGBU','onyegbu.chinenye@madukauniversity.edu.ng','PRECIOUS','MU/PH/24/0031','08012345678','NULL','2025-07-16 12:42:16','2025-09-13 08:42:43','student',0),(312,14,1,'MU/PH/24/0032','NWANEKEZIE','CHINONSO','chinonso.nwanekizie@madukauniversity.edu.ng','DANIEL','MU/PH/24/0032','08012345678','NULL','2025-07-16 12:42:16','2025-09-13 08:42:43','student',0),(313,14,1,'MU/PH/24/0033','CHINEDU','AGBO','agbo.chinedu@madukauniversity.edu.ng','RAPHAEL','MU/PH/24/0033','08012345678','NULL','2025-07-16 12:42:16','2025-09-13 08:42:43','student',0),(314,14,1,'MU/PH/24/0034','GRACE','EZE','grace.eze@madukauniversity.edu.ng','CHIMDINMA','MU/PH/24/0034','08012345678','NULL','2025-07-16 12:42:16','2025-09-13 08:42:43','student',0),(315,14,1,'MU/PH/24/0035','PRECIOUS','OBETA','obeta.precious@madukauniversity.edu.ng','SOMTO','MU/PH/24/0035','08012345678','NULL','2025-07-16 12:42:16','2025-09-13 08:42:43','student',0),(316,14,1,'MU/PH/24/0036','JUDE','JEROME','chidera.jerome@madukauniversity.edu.ng','CHIDERA','MU/PH/24/0036','08012345678','NULL','2025-07-16 12:42:16','2025-09-13 08:42:43','student',0),(317,14,1,'MU/PH/24/0037','CHIJIOKE','OGBONNAYA','ogbonnaya.chijioke@madukauniversity.edu.ng','WISDOM','MU/PH/24/0037','08012345678','NULL','2025-07-16 12:42:16','2025-09-13 08:42:43','student',0),(318,14,1,'MU/PH/24/0038','FARUQ','YAHAYA','faruq.yahaya@madukauniversity.edu.ng','MUHAMMED','MU/PH/24/0038','08012345678','NULL','2025-07-16 12:42:16','2025-09-13 08:42:43','student',0),(319,14,1,'MU/PH/24/0039','FAITH','OKORONKWO-OLOVO','faith.okoronkwoolovo@madukauniversity.edu.ng','ODINAKA','MU/PH/24/0039','08012345678','NULL','2025-07-16 12:42:16','2025-09-13 08:42:43','student',0),(320,14,1,'MU/PH/24/0040','BENEDICT','ONUIGBO','benedict.onuigbo@madukauniversity.edu.ng','CHIBUIKE','MU/PH/24/0040','08012345678','NULL','2025-07-16 12:42:16','2025-09-13 08:42:43','student',0),(321,14,1,'MU/PH/24/0041','JOEL','AROME','arome.joel@madukauniversity.edu.ng','     -','MU/PH/24/0041','08012345678','NULL','2025-07-16 12:42:16','2025-09-13 08:42:43','student',0),(322,14,1,'MU/PH/24/0042','DANIEL','EGBUAGU','daniel.egbuagu@madukauniversity.edu.ng','CHUKWUEBUKA','MU/PH/24/0042','08012345678','NULL','2025-07-16 12:42:16','2025-09-13 08:42:43','student',0),(323,14,1,'MU/PH/24/0043','CHUKWUKEZIE','OKEHIE','okehie.chukwukezie@madukauniversity.edu.ng','BLOSSOM','MU/PH/24/0043','08012345678','NULL','2025-07-16 12:42:16','2025-09-13 08:42:43','student',0),(324,14,1,'MU/PH/24/0044','OBIAMAKA','VAN-LARE','obiamkaka.vanlare@madukauniversity.edu.ng',' MARIE','MU/PH/24/0044','08012345678','NULL','2025-07-16 12:42:16','2025-09-13 08:42:43','student',0),(325,14,1,'MU/PH/24/0045','JOEL','UGWUOKE','ugwuoke.joel@madukauniversity.edu.ng','OSINACHI','MU/PH/24/0045','08012345678','NULL','2025-07-16 12:42:16','2025-09-13 08:42:43','student',0),(326,14,1,'MU/PH/24/0046','AYOADE','GBOLAHAN','gbolahan.ayoade@madukauniversity.edu.ng','BLESSING','MU/PH/24/0046','08012345678','NULL','2025-07-16 12:42:16','2025-09-13 08:42:43','student',0),(327,14,1,'MU/PH/24/0047','CYNTHIA','UBA','uba.cynthia@madukauniversity.edu.ng','OLACHI','MU/PH/24/0047','08012345678','NULL','2025-07-16 12:42:16','2025-09-13 08:42:43','student',0),(328,14,1,'MU/PH/24/0048','REJOICE','UFUOMA','ufuoma.rejoice@madukauniversity.edu.ng','EFEMENA','MU/PH/24/0048','08012345678','NULL','2025-07-16 12:42:16','2025-09-13 08:42:43','student',0),(329,14,1,'MU/PH/24/0049','GOODNESS','AJAH','ajah.goodness@madukauniversity.edu.ng','QUEENETTE','MU/PH/24/0049','08012345678','NULL','2025-07-16 12:42:16','2025-09-13 08:42:43','student',0),(330,14,1,'MU/PH/24/0050','KEMUEL','OMWIRHIREN','omwirhiren.kemuel@madukauniversity.edu.ng','KOKOROGHENE','MU/PH/24/0050','08012345678','NULL','2025-07-16 12:42:16','2025-09-13 08:42:43','student',0),(331,14,1,'MU/PH/24/0051','DOMINION','ADINO','adino.dominion@madukauniversity.edu.ng','OJIMA-OJO-GBE','MU/PH/24/0051','08012345678','NULL','2025-07-16 12:42:16','2025-09-13 08:42:43','student',0),(332,14,1,'MU/PH/24/0052','MIRACLE','SHONE','shone.miracle@madukauniversity.edu.ng','SEEMBER CHISOM','MU/PH/24/0052','08012345678','NULL','2025-07-16 12:42:16','2025-09-13 08:42:43','student',0),(333,14,1,'MU/PH/24/0053','ZENIAT','UMORU','umoru.zeniat@madukauniversity.edu.ng','      -','MU/PH/24/0053','08012345678','NULL','2025-07-16 12:42:16','2025-09-13 08:42:43','student',0),(334,14,1,'MU/PH/24/0054','PAULINE','ATSEN','atsen.pauline@madukauniversity.edu.ng','MSENDOO','MU/PH/24/0054','08012345678','NULL','2025-07-16 12:42:16','2025-09-13 08:42:43','student',0),(335,14,1,'MU/PH/24/0055','EMMANUEL','UMENYIRIORA','umenyiriora.emmanuel@madukauniversity.edu.ng','CHIDERA','MU/PH/24/0055','08012345678','NULL','2025-07-16 12:42:16','2025-09-13 08:42:43','student',0),(336,14,1,'MU/PH/24/0056','FATIHA','LASISI','lasisi.fatiha@madukauniversity.edu.ng','OLANREWAJU','MU/PH/24/0056','08012345678','NULL','2025-07-16 12:42:16','2025-09-13 08:42:43','student',0),(337,14,1,'MU/PH/24/0057','VICTOR','OKOYE ','okoye.victor@madukauniversity.edu.ng','UZOCHUKWU','MU/PH/24/0057','08012345678','NULL','2025-07-16 12:42:16','2025-09-13 08:42:43','student',0),(338,14,1,'MU/PH/24/0058','DIVINE','ANIOKE','anioke.divine@madukauniversity.edu.ng','MMESOMA','MU/PH/24/0058','08012345678','NULL','2025-07-16 12:42:16','2025-09-13 08:42:43','student',0),(339,14,1,'MU/PH/24/0059','PRECIOUS','NWAEZE','nwaeze.precious@madukauniversity.edu.ng','OTUOSIRIMASICHUKWU','MU/PH/24/0059','08012345678','NULL','2025-07-16 12:42:16','2025-09-13 08:42:43','student',0),(340,14,1,'MU/PH/24/0060','CHIAMAKA','AKPURU','akpuru.chiamaka@madukauniversity.edu.ng','FAVOUR','MU/PH/24/0060','08012345678','NULL','2025-07-16 12:42:16','2025-09-13 08:42:43','student',0),(341,14,1,'MU/PH/24/0061','PAULINA','IMAH','imah.paulina@madukauniversity.edu.ng','OMOVAZE','MU/PH/24/0061','08012345678','NULL','2025-07-16 12:42:16','2025-09-13 08:42:43','student',0),(342,14,1,'MU/PH/24/0062','PASCHAL','UZOAGA','uzoaga.paschal@madukauniversity.edu.ng','CHIEMERIE','MU/PH/24/0062','08012345678','NULL','2025-07-16 12:42:16','2025-09-13 08:42:43','student',0),(343,14,1,'MU/PH/24/0063','SHIMISUUR','DZER','dzer.shimur@madukauniversity.edu.ng','SANDRA','MU/PH/24/0063','08012345678','NULL','2025-07-16 12:42:16','2025-09-13 08:42:43','student',0),(344,14,1,'MU/PH/24/0064','REJOICE','PHILIP','philip.rejoice@madukauniversity.edu.ng','MMESOMA','MU/PH/24/0064','08012345678','NULL','2025-07-16 12:42:16','2025-09-13 08:42:43','student',0),(345,14,1,'MU/PH/24/0065','BLESSING','ODOH','odoh.blessing@madukauniversity.edu.ng','NGOZI','MU/PH/24/0065','08012345678','NULL','2025-07-16 12:42:16','2025-09-13 08:42:43','student',0),(346,14,1,'MU/PH/24/0066','UNITY','EJIM','ejim.unity@madukauniversity.edu.ng','SOMADINA','MU/PH/24/0066','08012345678','NULL','2025-07-16 12:42:16','2025-09-13 08:42:43','student',0),(347,14,1,'MU/PH/24/0067','CHUKWUNEME','OGBONNA','ogbonna.chukwuneme@madukauniversity.edu.ng','EBENEZER','MU/PH/24/0067','08012345678','NULL','2025-07-16 12:42:16','2025-09-13 08:42:43','student',0),(348,14,1,'MU/PH/24/0071','IRUOMA','ASHIEGBU','ashiegbu.iruoma@madukauniversity.edu.ng','GIFT','MU/PH/24/0071','08012345678','NULL','2025-07-16 12:42:16','2025-09-13 08:42:43','student',0),(349,14,1,'MU/PH/24/0074','MUNACHIMSO','OHANYIDO','ohanyido.munachimso@madukauniversity.edu.ng','STELLAMARIS','MU/PH/24/0074','08012345678','NULL','2025-07-16 12:42:16','2025-09-13 08:42:43','student',0),(350,14,1,'MU/PH/24/0075','DANIELLA','NWABUEZE','nwabueze.daniella@madukauniversity.edu.ng','CHUKWUDALU','MU/PH/24/0075','08012345678','NULL','2025-07-16 12:42:16','2025-09-13 08:42:43','student',0),(351,14,1,'MU/PH/24/0076','ANYHONY','NWACHUKWU','nwachukwu.anyhony@madukauniversity.edu.ng','CHIBUZOR','MU/PH/24/0076','08012345678','NULL','2025-07-16 12:42:16','2025-09-13 08:42:43','student',0),(352,14,1,'MU/PH/24/0077','OLUOMACHI','PAUL','paul.oluomachi@madukauniversity.edu.ng','     -','MU/PH/24/0077','08012345678','NULL','2025-07-16 12:42:16','2025-09-13 08:42:43','student',0),(353,14,1,'MU/PH/24/0078','EMMANUEL','NWEKE','nweke.emmanuel@madukauniversity.edu.ng','CHIDERA','MU/PH/24/0078','08012345678','NULL','2025-07-16 12:42:16','2025-09-13 08:42:43','student',0),(354,14,1,'MU/PH/24/0079','BENEDICT-MARY','OGBAEGBE','ogbaegbe.benedict-mary@madukauniversity.edu.ng','CHUKWUNOYELUM','MU/PH/24/0079','08012345678','NULL','2025-07-16 12:42:16','2025-09-13 08:42:43','student',0),(355,14,1,'MU/PH/24/0080','EBUBECHUKWU','MADU','madu.ebubechukwu@madukauniversity.edu.ng','VICTOR','MU/PH/24/0080','08012345678','NULL','2025-07-16 12:42:16','2025-09-13 08:42:43','student',0),(356,14,1,'MU/PH/24/0081','GIFT','JOSEPH','joseph.gift@madukauniversity.edu.ng','ENIGHACHARO','MU/PH/24/0081','08012345678','NULL','2025-07-16 12:42:16','2025-09-13 08:42:43','student',0),(357,14,1,'MU/PH/24/0082','PRAISE','JOHNSON','johnson.praise@madukauniversity.edu.ng','UCHECHI','MU/PH/24/0082','08012345678','NULL','2025-07-16 12:42:16','2025-09-13 08:42:43','student',0),(358,14,1,'MU/PH/24/0083','JENNIFER','OKEAFOR','okeafor.jennifer@madukauniversity.edu.ng','CHIDIMMA','MU/PH/24/0083','08012345678','NULL','2025-07-16 12:42:16','2025-09-13 08:42:43','student',0),(359,14,1,'MU/PH/24/0084','BENEDICTA','CHIBUEZE','chibueze.benedicta@madukauniversity.edu.ng','CHIOMA','MU/PH/24/0084','08012345678','NULL','2025-07-16 12:42:16','2025-09-13 08:42:43','student',0),(360,14,1,'MU/PH/24/0085','PROGRESS','IFEJIOFOR','ifejiofor.progress@madukauniversity.edu.ng','CHIKASOM','MU/PH/24/0085','08012345678','NULL','2025-07-16 12:42:16','2025-09-13 08:42:43','student',0),(361,14,1,'MU/PH/24/0086','FOUNTAIN','NNANNA','nnanna.fountain@madukauniversity.edu.ng','NDOCHUKWU','MU/PH/24/0086','08012345678','NULL','2025-07-16 12:42:16','2025-09-13 08:42:43','student',0),(362,14,1,'MU/PH/24/0087','FAVOUR','EMERUWA','emeruwa.favour@madukauniversity.edu.ng','ONYINYECHI','MU/PH/24/0087','08012345678','NULL','2025-07-16 12:42:16','2025-09-13 08:42:43','student',0),(363,14,1,'MU/PH/24/0088','PAUL','MKAANEM','mkaanem.paul@madukauniversity.edu.ng','PASENEN','MU/PH/24/0088','08012345678','NULL','2025-07-16 12:42:16','2025-09-13 08:42:43','student',0),(364,14,1,'MU/PH/24/0089','CHIBUIKE ','OKEJI','okeji.chibuike@madukauniversity.edu.ng','EMMANUEL','MU/PH/24/0089','08012345678','NULL','2025-07-16 12:42:16','2025-09-13 08:42:43','student',0),(365,14,1,'MU/PH/24/0090','EBERECHI','CHIKEZIE','chikezie.eberechi@madukauniversity.edu.ng','PECULIAR','MU/PH/24/0090','08012345678','NULL','2025-07-16 12:42:16','2025-09-13 08:42:43','student',0),(366,11,1,'MU/HS/24/0019','JUDITH','SUNSUWA','sunsuwa.judith@madukauniversity.edu.ng','PHILIP','MU/HS/24/0019','08012345678','NULL','2025-07-16 12:42:16','2025-09-13 08:42:43','student',0),(367,11,1,'MU/HS/24/0020','DANIEL','ANIGBOGU','anigbogu.daniel@madukauniversity.edu.ng','OKWUCHUKWU','MU/HS/24/0020','08012345678','NULL','2025-07-16 12:42:16','2025-09-13 08:42:43','student',0),(368,11,1,'MU/HS/24/0021','HADASSAH','IBITOYE','ibitoye.hadassah@madukauniversity.edu.ng','IBITOMILOLA','MU/HS/24/0021','08012345678','NULL','2025-07-16 12:42:16','2025-09-13 08:42:43','student',0),(369,11,1,'MU/HS/24/0022','JOSEPH','ESSANG','essang.joseph@madukauniversity.edu.ng','TOMAS','MU/HS/24/0022','08012345678','NULL','2025-07-16 12:42:16','2025-09-13 08:42:43','student',0),(370,11,1,'MU/HS/24/0023','EBUBECHUKWU','AWURUIKE','awuruike.ebubechukwu@madukauniversity.edu.ng','KAMSIYOCHUKWU','MU/HS/24/0023','08012345678','NULL','2025-07-16 12:42:16','2025-09-13 08:42:43','student',0),(371,11,1,'MU/HS/24/0024','PRAISE','NWANKPA','nwankpa.praise@madukauniversity.edu.ng','KELECHUKWU','MU/HS/24/0024','08012345678','NULL','2025-07-16 12:42:16','2025-09-13 08:42:43','student',0),(372,11,1,'MU/HS/24/0025','FINEGOLD','EMEAKO','emeako.finegold@madukauniversity.edu.ng','AMARACHI','MU/HS/24/0025','08012345678','NULL','2025-07-16 12:42:16','2025-09-13 08:42:43','student',0),(373,24,1,'MU/HS/24/0026','EMMANUEL','NWEKPA','nwekpa.emmanuel@madukauniversity.edu.ng','IRUKA','MU/HS/24/0026','08012345678','NULL','2025-07-16 12:42:16','2025-09-13 08:42:43','student',0),(374,24,1,'MU/HS/24/0028','MARGARET','AKIGHIR','akighir.margaret@madukauniversity.edu.ng','SECHIVIR','MU/HS/24/0028','08012345678','NULL','2025-07-16 12:42:16','2025-09-13 08:42:43','student',0),(375,24,1,'MU/HS/24/0029','PAUL','EZEDE','ezede.paul@madukauniversity.edu.ng','EZEUGWU','MU/HS/24/0029','08012345678','NULL','2025-07-16 12:42:16','2025-09-13 08:42:43','student',0),(376,24,1,'MU/HS/24/0030','SABASTINE','OSSAI','ossai.sabastine@madukauniversity.edu.ng','UCHENNA','MU/HS/24/0030','08012345678','NULL','2025-07-16 12:42:16','2025-09-13 08:42:43','student',0),(377,24,1,'MU/HS/24/0031','AMANDA','NIXON','nixon.amanda@madukauniversity.edu.ng','OGBE','MU/HS/24/0031','08012345678','NULL','2025-07-16 12:42:16','2025-09-13 08:42:43','student',0),(378,24,1,'MU/HS/24/0032','CHUBIYOJO','AUDU','audu.chubiyojo@madukauniversity.edu.ng','MIRACLE','MU/HS/24/0032','08012345678','NULL','2025-07-16 12:42:16','2025-09-13 08:42:43','student',0),(379,24,1,'MU/HS/24/0033','NESTOR','NGWOKE','ngwoke.chimaobi@madukauniversity.edu.ng','CHIMAOBI','MU/HS/24/0033','08012345678','NULL','2025-07-16 12:42:16','2025-09-13 08:42:43','student',0),(380,24,1,'MU/HS/24/0034','UCHENNA','SUNDAY','sunday.uchenna@madukauniversity.edu.ng','FAVOUR','MU/HS/24/0034','08012345678','NULL','2025-07-16 12:42:16','2025-09-13 08:42:43','student',0),(381,24,1,'MU/HS/24/0035','AMARACHI','URAMA','urama.amarachi@madukauniversity.edu.ng','ESTHER','MU/HS/24/0035','08012345678','NULL','2025-07-16 12:42:16','2025-09-13 08:42:43','student',0),(382,24,1,'MU/HS/24/0036','THERESA','GWONGS','gwongs.theresa@madukauniversity.edu.ng','GAROS','MU/HS/24/0036','08012345678','NULL','2025-07-16 12:42:16','2025-09-13 08:42:43','student',0),(383,24,1,'MU/HS/24/0037','VICTORY','SYLVANUS','sylvanus.victory@madukauniversity.edu.ng','     -','MU/HS/24/0037','08012345678','NULL','2025-07-16 12:42:16','2025-09-13 08:42:43','student',0),(384,24,1,'MU/HS/24/0038','DIVINE','PHILIP','philip.divine@madukauniversity.edu.ng','ADAEZE','MU/HS/24/0038','08012345678','NULL','2025-07-16 12:42:16','2025-09-13 08:42:43','student',0),(385,24,1,'MU/HS/24/0039','DOOSHIMA','TERUNGWA','terungwa.dooshima@madukauniversity.edu.ng','JOY','MU/HS/24/0039','08012345678','NULL','2025-07-16 12:42:16','2025-09-13 08:42:43','student',0),(386,24,1,'MU/HS/24/0040','PRECIOUS','CHUKWU','chukwu.precious@madukauniversity.edu.ng','ONYINYECHI','MU/HS/24/0040','08012345678','NULL','2025-07-16 12:42:16','2025-09-13 08:42:43','student',0),(387,24,1,'MU/HS/24/0041','IDALINA','ROBERT','robert.idalina@madukauniversity.edu.ng','ITARI','MU/HS/24/0041','08012345678','NULL','2025-07-16 12:42:16','2025-09-13 08:42:43','student',0),(388,24,1,'MU/HS/24/0253','CHIDERA','AMECHI','amechi.chidera@madukauniversity.edu.ng','PRAISE','MU/HS/24/0253','08012345678','NULL','2025-07-16 12:42:16','2025-09-13 08:42:43','student',0),(389,18,1,'MU/EN/24/0030','JOSEPH','OMOWA','omowa.joseph@madukauniversity.edu.ng','PAMILERIN','MU/EN/24/0030','08012345678','NULL','2025-07-16 12:42:16','2025-09-13 08:42:43','student',0),(390,18,1,'MU/EN/24/0031','YAHJIOKE','GOGO','gogo.yahjioke@madukauniversity.edu.ng','DANIEL','MU/EN/24/0031','08012345678','NULL','2025-07-16 12:42:16','2025-09-13 08:42:43','student',0),(391,18,1,'MU/EN/24/0032','BEST','CHINEDU','chinedu.best@madukauniversity.edu.ng','CHUKWUKA','MU/EN/24/0032','08012345678','NULL','2025-07-16 12:42:16','2025-09-13 08:42:43','student',0),(392,18,1,'MU/EN/24/0033','KING','DAVIES-EKE','davieseke.king@madukauniversity.edu.ng','CHUKWUZITELU','MU/EN/24/0033','08012345678','NULL','2025-07-16 12:42:16','2025-09-13 08:42:43','student',0),(393,18,1,'MU/EN/24/0034','CHRISTIAN','OMEJE','christian.omeje@madukauniversity.edu.ng','IKEMSINACHI','MU/EN/24/0034','08012345678','NULL','2025-07-16 12:42:16','2025-09-13 08:42:43','student',0),(394,18,1,'MU/EN/24/0035','SOGIDECHUKWU','UDE','ude.sogidechukwu@madukauniversity.edu.ng','VICTORY','MU/EN/24/0035','08012345678','NULL','2025-07-16 12:42:16','2025-09-13 08:42:43','student',0),(395,18,1,'MU/EN/24/0036','EBUBEYAH','GOGO','gogo.ebubeyah@madukauniversity.edu.ng','DAVID','MU/EN/24/0036','08012345678','NULL','2025-07-16 12:42:16','2025-09-13 08:42:43','student',0),(396,18,1,'MU/EN/24/0057','SAMBEN-NWOSU','ODUAGU','oduagu.kamsyjerry@madukauniversity.edu.ng','KAMSY JERRY','MU/EN/24/0057','08012345678','','2025-07-16 12:42:17','2025-09-13 08:42:43','student',0),(397,18,1,'MU/EN/24/0037','CHIDUBEM','DENCHUKWU','chidubem.denchukwu@madukauniversity.edu.ng','MALCOLM','MU/EN/24/0037','08012345678','NULL','2025-07-16 12:42:17','2025-09-13 08:42:43','student',0),(398,18,1,'MU/EN/24/0038','ODINAKACHUKWU','ASOGWA','asogwa.odinakachukwu@madukauniversity.edu.ng','GODSTIME','MU/EN/24/0038','08012345678','NULL','2025-07-16 12:42:17','2025-09-13 08:42:43','student',0),(399,18,1,'MU/EN/24/0039','CHUKWUDI','EKWUEME','ekwuemes.chukwudi@madukauniversity.edu.ng','JUDE','MU/EN/24/0039','08012345678','NULL','2025-07-16 12:42:17','2025-09-13 08:42:43','student',0),(400,18,1,'MU/EN/24/0040','SUCCESS','AJAH','ajah.success@madukauniversity.edu.ng','EBERECHUKWU','MU/EN/24/0040','08012345678','NULL','2025-07-16 12:42:17','2025-09-13 08:42:43','student',0),(401,18,1,'MU/EN/24/0041','DOMINIC','OKEWU','okewu.dominic@madukauniversity.edu.ng','OCHICHIOMA','MU/EN/24/0041','08012345678','NULL','2025-07-16 12:42:17','2025-09-13 08:42:43','student',0),(402,18,1,'MU/EN/24/0042','YADICHIMMA','UGELE','ugele.yadichimma@madukauniversity.edu.ng','MELANIE','MU/EN/24/0042','08012345678','NULL','2025-07-16 12:42:17','2025-09-13 08:42:43','student',0),(403,18,1,'MU/EN/24/0043','GODSON','NWAKERENDU','nwakerendu.godson@madukauniversity.edu.ng','UCHE','MU/EN/24/0043','08012345678','NULL','2025-07-16 12:42:17','2025-09-13 08:42:43','student',0),(404,18,1,'MU/EN/24/0044','ORIBI','MIEBAKA-DIKIBO','miebaka-dikibo.oribi@madukauniversity.edu.ng','','MU/EN/24/0044','08012345678','NULL','2025-07-16 12:42:17','2025-09-13 08:42:43','student',0),(405,18,1,'MU/EN/24/0045','CHIBUZO','UWADINACHI','uwadinachi.chibuzo@madukauniversity.edu.ng','SIBIGAM','MU/EN/24/0045','08012345678','NULL','2025-07-16 12:42:17','2025-09-13 08:42:43','student',0),(406,18,1,'MU/EN/24/0046','BENJAMIN','MUOBUIKE','muobuike.benjamin@madukauniversity.edu.ng','TOCHUKWU','MU/EN/24/0046','08012345678','NULL','2025-07-16 12:42:17','2025-09-13 08:42:43','student',0),(407,18,1,'MU/EN/24/0047','BENSON','DANIEL','daniel.benson@madukauniversity.edu.ng','CHINEDU','MU/EN/24/0047','08012345678','NULL','2025-07-16 12:42:17','2025-09-13 08:42:43','student',0),(408,18,1,'MU/EN/24/0048','JOY','OSOKA','osoka.joy@madukauniversity.edu.ng','ADANNAYA','MU/EN/24/0048','08012345678','NULL','2025-07-16 12:42:17','2025-09-13 08:42:43','student',0),(409,18,1,'MU/EN/24/0049','ANSWER','KENNETH-NWAUBANI','kenneth-nwaubani.answer@madukauniversity.edu.ng','CHIMEREMEZE','MU/EN/24/0049','08012345678','NULL','2025-07-16 12:42:17','2025-09-13 08:42:43','student',0),(410,18,1,'MU/EN/24/0050','CHINENYE','OBI-OKAFOR','obi-okafor.chinenye@madukauniversity.edu.ng','PRECIOUS','MU/EN/24/0050','08012345678','NULL','2025-07-16 12:42:17','2025-09-13 08:42:43','student',0),(411,18,1,'MU/EN/24/0051','GABRIEL','OBIAJULU','obiajulu.gabriel@madukauniversity.edu.ng','AKACHUKWU','MU/EN/24/0051','08012345678','NULL','2025-07-16 12:42:17','2025-09-13 08:42:43','student',0),(412,18,1,'MU/EN/24/0053','VICTORY','OTUONYE-CHRIS','otuonye-chris.victory@madukauniversity.edu.ng','DABERECHI','MU/EN/24/0053','08012345678','NULL','2025-07-16 12:42:17','2025-09-13 08:42:43','student',0),(413,18,1,'MU/EN/24/0029','FAVOUR','MAXWELL','maxwell.favour@madukauniversity.edu.ng','IFUNANYA','MU/EN/24/0029','08012345678','NULL','2025-07-16 12:42:17','2025-09-13 08:42:43','student',0),(414,18,1,'MU/EN/24/0055','CHIOMA','UGBOAJA','ugboaja.chioma@madukauniversity.edu.ng','OSQUEEN','MU/EN/24/0055','08012345678','NULL','2025-07-16 12:42:17','2025-09-13 08:42:43','student',0),(415,18,1,'MU/EN/24/0056','IFECHUKWU','EZENWAFOR','ezenwafor.ifechukwu@madukauniversity.edu.ng','VICTOR','MU/EN/24/0056','08012345678','NULL','2025-07-16 12:42:17','2025-09-13 08:42:43','student',0),(416,13,1,'MU/HS/24/0042','JOHN','CHIDI','chidi.ugonna@madukauniversity.edu.ng','UGONNA','MU/HS/24/0042','08012345678','NULL','2025-07-16 12:42:17','2025-09-13 08:42:43','student',0),(417,13,1,'MU/HS/24/0043','ROSEMARY','UGODI','rosemary.ugodi@madukauniversity.edu.ng','ADAEZE','MU/HS/24/0043','08012345678','NULL','2025-07-16 12:42:17','2025-09-13 08:42:43','student',0),(418,13,1,'MU/HS/24/0044','MERCY','THOMAS','thomas.mercy@madukauniversity.edu.ng','OLUCHI','MU/HS/24/0044','08012345678','NULL','2025-07-16 12:42:17','2025-09-13 08:42:43','student',0),(419,13,1,'MU/HS/24/0045','FAVOUR','CHUKWUEMEKA','chukwuemeka.favour@madukauniversity.edu.ng','MARY','MU/HS/24/0045','08012345678','NULL','2025-07-16 12:42:17','2025-09-13 08:42:43','student',0),(420,13,1,'MU/HS/24/0046','CHINWE','CHUKWUEMEKA','chukwuemeka.pleasant@madukauniversity.edu.ng','PLEASANT','MU/HS/24/0046','08012345678','NULL','2025-07-16 12:42:17','2025-09-13 08:42:43','student',0),(421,13,1,'MU/HS/24/0047','CHRISTABEL','OGOMEZIE','ogomezies.christabel@madukauniversity.edu.ng','TOCHUKWU','MU/HS/24/0047','08012345678','NULL','2025-07-16 12:42:17','2025-09-13 08:42:43','student',0),(422,13,1,'MU/HS/24/0048','CHIMAMANDA','ONYEKA','onyeka.chimuanya@madukauniversity.edu.ng','GOODNESS','MU/HS/24/0048','08012345678','NULL','2025-07-16 12:42:17','2025-09-13 08:42:43','student',0),(423,13,1,'MU/HS/24/0049','MARY','CHUKWUMA','chukwuma.mary@madukauniversity.edu.ng','OGECHI','MU/HS/24/0049','08012345678','NULL','2025-07-16 12:42:17','2025-09-13 08:42:43','student',0),(424,13,1,'MU/HS/24/0050','CHIBUGO','OJUKWU','ojukwu.chibugo@madukauniversity.edu.ng','BRENDA','MU/HS/24/0050','08012345678','NULL','2025-07-16 12:42:17','2025-09-13 08:42:43','student',0),(425,13,1,'MU/HS/24/0051','RITA','CHIJIOKE','chijioke.rita@madukauniversity.edu.ng','ODINAKACHUKWU','MU/HS/24/0051','08012345678','NULL','2025-07-16 12:42:17','2025-09-13 08:42:43','student',0),(426,13,1,'MU/HS/24/0052','FAITH','SOLOMON','faith.solomon@madukauniversity.edu.ng','ULOMA','MU/HS/24/0052','08012345678','NULL','2025-07-16 12:42:17','2025-09-13 08:42:43','student',0),(427,13,1,'MU/HS/24/0053','RUTH','OKEMINI','okemini.faith@madukauniversity.edu.ng','NKWEGU','MU/HS/24/0053','08012345678','NULL','2025-07-16 12:42:17','2025-09-13 08:42:43','student',0),(428,13,1,'MU/HS/24/0054','DIVINE-FAVOUR','ONYEKA','onyeka.divinefavour@madukauniversity.edu.ng','CHISIMDI','MU/HS/24/0054','08012345678','NULL','2025-07-16 12:42:17','2025-09-13 08:42:43','student',0),(429,13,1,'MU/HS/24/0055','CHUKWUBUIKEM','MONYEI','monyei.chukwubuikem@madukauniversity.edu.ng','GABRIEL','MU/HS/24/0055','08012345678','NULL','2025-07-16 12:42:17','2025-09-13 08:42:43','student',0),(430,13,1,'MU/HS/24/0056','EMEKA','FELIX ','felix.emeka@madukauniversity.edu.ng','JOHN','MU/HS/24/0056','08012345678','NULL','2025-07-16 12:42:17','2025-09-13 08:42:43','student',0),(431,13,1,'MU/HS/24/0057','DESTINY','ANIUDE','aniude.destiny@madukauniversity.edu.ng','IKECHUKWU','MU/HS/24/0057','08012345678','NULL','2025-07-16 12:42:17','2025-09-13 08:42:43','student',0),(432,13,1,'MU/HS/24/0058','AMARACHUKWU','EZENWA','ezenwa.amarachukwu@madukauniversity.edu.ng','GODS GIFT','MU/HS/24/0058','08012345678','NULL','2025-07-16 12:42:17','2025-09-13 08:42:43','student',0),(433,13,1,'MU/HS/24/0059','BENITA','UCHENNA','uchenna.benita@madukauniversity.edu.ng','CHINECHEREM','MU/HS/24/0059','08012345678','NULL','2025-07-16 12:42:17','2025-09-13 08:42:43','student',0),(434,13,1,'MU/HS/24/0060','BLESSING','EZEAKU ','ezeaku.blessing@madukauniversity.edu.ng','NGOZICHUKWU','MU/HS/24/0060','08012345678','NULL','2025-07-16 12:42:17','2025-09-13 08:42:43','student',0),(435,13,1,'MU/HS/24/0061','PEARL','AZUMARA','azumara.pearl@madukauniversity.edu.ng','UGO','MU/HS/24/0061','08012345678','NULL','2025-07-16 12:42:17','2025-09-13 08:42:43','student',0),(436,13,1,'MU/HS/24/0062','CHIZARAM','NNOCHIRI','nnochiri.chizaram@madukauniversity.edu.ng','MARY','MU/HS/24/0062','08012345678','NULL','2025-07-16 12:42:17','2025-09-13 08:42:43','student',0),(437,13,1,'MU/HS/24/0063','SOPURUCHIKWU','AUGUSTINE','augustine.desmond@madukauniversity.edu.ng','DESMOND','MU/HS/24/0063','08012345678','NULL','2025-07-16 12:42:17','2025-09-13 08:42:43','student',0),(438,13,1,'MU/HS/24/0064','ONYINYE','UMEBIDO','umebido.onyinye@madukauniversity.edu.ng','PRECIOUS','MU/HS/24/0064','08012345678','NULL','2025-07-16 12:42:17','2025-09-13 08:42:43','student',0),(439,13,1,'MU/HS/24/0065','ONYINYE','ONONIBA','ononiba.glory@madukauniversity.edu.ng','GLORY','MU/HS/24/0065','08012345678','NULL','2025-07-16 12:42:17','2025-09-13 08:42:43','student',0),(440,13,1,'MU/HS/24/0066','PETROLINA','EZE','petrolina.eze@madukauniversity.edu.ng','UGOCHUKWU','MU/HS/24/0066','08012345678','NULL','2025-07-16 12:42:17','2025-09-13 08:42:43','student',0),(441,13,1,'MU/HS/24/0067','MMESOMA','NKECHUKWU','nkechhuchukwu.mmesoma@madukauniversity.edu.ng','CHRISTABEL','MU/HS/24/0067','08012345678','NULL','2025-07-16 12:42:17','2025-09-13 08:42:43','student',0),(442,13,1,'MU/HS/24/0068','FLORA','ASIKA','flora.asika@madukauniversity.edu.ng','CHIDINMA','MU/HS/24/0068','08012345678','NULL','2025-07-16 12:42:17','2025-09-13 08:42:43','student',0),(443,13,1,'MU/HS/24/0069','ADAEZE','EZE ','eze.adaeze@madukauniversity.edu.ng','TREASURE','MU/HS/24/0069','08012345678','NULL','2025-07-16 12:42:17','2025-09-13 08:42:43','student',0),(444,13,1,'MU/HS/24/0070','GLORY','AJODO','ajodo.glory@madukauniversity.edu.ng','OJONUGWA','MU/HS/24/0070','08012345678','NULL','2025-07-16 12:42:17','2025-09-13 08:42:43','student',0),(445,13,1,'MU/HS/24/0071','KASARACHI','IHEJIRIKA','ihejirika.kasarachi@madukauniversity.edu.ng','LOVETH','MU/HS/24/0071','08012345678','NULL','2025-07-16 12:42:17','2025-09-13 08:42:43','student',0),(446,13,1,'MU/HS/24/0072','OLUOMA','IFEANYICHUKWU','ifeanychukwu.oluoma@madukauniversity.edu.ng','PRECIOUS','MU/HS/24/0072','08012345678','NULL','2025-07-16 12:42:17','2025-09-13 08:42:43','student',0),(447,13,1,'MU/HS/24/0073','KAILA','EKE','eke.kaila@madukauniversity.edu.ng','CHINAZOM','MU/HS/24/0073','08012345678','NULL','2025-07-16 12:42:17','2025-09-13 08:42:43','student',0),(448,13,1,'MU/HS/24/0074','DABERECHI','OTUMA','otuma.daberechi@madukauniversity.edu.ng','BLESSING','MU/HS/24/0074','08012345678','NULL','2025-07-16 12:42:17','2025-09-13 08:42:43','student',0),(449,13,1,'MU/HS/24/0075','JESSICA','NWAKUMA','nwakuna.jessica@madukauniversity.edu.ng','CHINACHEREM','MU/HS/24/0075','08012345678','NULL','2025-07-16 12:42:17','2025-09-13 08:42:43','student',0),(450,13,1,'MU/HS/24/0076','CHARITY','AGBATA','agbata.charity@madukauniversity.edu.ng','CHINAZA','MU/HS/24/0076','08012345678','NULL','2025-07-16 12:42:17','2025-09-13 08:42:43','student',0),(451,13,1,'MU/HS/24/0077','VANESSA','EKE-OFOEGBU','ekeofoegbu.vanessa@madukauniversity.edu.ng','AMARACHI','MU/HS/24/0077','08012345678','NULL','2025-07-16 12:42:17','2025-09-13 08:42:43','student',0),(452,13,1,'MU/HS/24/0078','CHIAMAKA','OKORO','okoro.chiamaka@madukauniversity.edu.ng','DAMIANA','MU/HS/24/0078','08012345678','NULL','2025-07-16 12:42:17','2025-09-13 08:42:43','student',0),(453,13,1,'MU/HS/24/0079','FAITH','OGBUAGU','ogbuagu.faith@madukauniversity.edu.ng','CHIABOUTU','MU/HS/24/0079','08012345678','NULL','2025-07-16 12:42:17','2025-09-13 08:42:43','student',0),(454,13,1,'MU/HS/24/0080','NGOZI','EGWUATU','egwuatu.ngozi@madukauniversity.edu.ng','VICTORIA','MU/HS/24/0080','08012345678','NULL','2025-07-16 12:42:17','2025-09-13 08:42:43','student',0),(455,13,1,'MU/HS/24/0081','VICTOR','IBEH','victor.ibeh@madukauniversity.edu.ng','CHIBUIKE','MU/HS/24/0081','08012345678','NULL','2025-07-16 12:42:17','2025-09-13 08:42:43','student',0),(456,13,1,'MU/HS/24/0082','MUBARAK','DHIKRULLAHI','dhikrullai.mubarak@madukauniversity.edu.ng','ADEBUKOLA','MU/HS/24/0082','08012345678','NULL','2025-07-16 12:42:17','2025-09-13 08:42:43','student',0),(457,13,1,'MU/HS/24/0083','CHUKWUEBUKA','OLERU','oleru.chukwuebuka@madukauniversity.edu.ng','CORNELUS','MU/HS/24/0083','08012345678','NULL','2025-07-16 12:42:17','2025-09-13 08:42:43','student',0),(458,13,1,'MU/HS/24/0084','PRAISE-GOD','ABBA','abba.praisegod@madukauniversity.edu.ng','ABBA','MU/HS/24/0084','08012345678','NULL','2025-07-16 12:42:17','2025-09-13 08:42:43','student',0),(459,13,1,'MU/HS/24/0085','IFEOMA','IFEANYI','ifeanyi.ifeoma@madukauniversity.edu.ng','','MU/HS/24/0085','08012345678','NULL','2025-07-16 12:42:17','2025-09-13 08:42:43','student',0),(460,13,1,'MU/HS/24/0086','JOAN','OBI','obi.chiamka@madukauniversity.edu.ng','CHIAMAKA','MU/HS/24/0086','08012345678','NULL','2025-07-16 12:42:17','2025-09-13 08:42:43','student',0),(461,13,1,'MU/HS/24/0087','FRANCESS','AKABUOGU','akabuogu.francess@madukauniversity.edu.ng','.U.','MU/HS/24/0087','08012345678','NULL','2025-07-16 12:42:17','2025-09-13 08:42:43','student',0),(462,13,1,'MU/HS/24/0088','AMARACHI','CHUKWUNWEOBA','chukwunweoba.amarachi@madukauniversity.edu.ng','CHRISTIANA','MU/HS/24/0088','08012345678','NULL','2025-07-16 12:42:17','2025-09-13 08:42:43','student',0),(463,13,1,'MU/HS/24/0089','ANN','OKORO','ann.okoro@madukauniversity.edu.ng','KALU','MU/HS/24/0089','08012345678','NULL','2025-07-16 12:42:17','2025-09-13 08:42:43','student',0),(464,13,1,'MU/HS/24/0090','ANGEL','DONATUS','donatus.angeltricia@madukauniversity.edu.ng','TRICIA','MU/HS/24/0090','08012345678','NULL','2025-07-16 12:42:17','2025-09-13 08:42:43','student',0),(465,13,1,'MU/HS/24/0091','OGHENEKOME','GODWIN','godwin.oghenekome@madukauniversity.edu.ng','MAGDALENE','MU/HS/24/0091','08012345678','NULL','2025-07-16 12:42:17','2025-09-13 08:42:43','student',0),(466,13,1,'MU/HS/24/0092','MARYJANE','CHINEDU','chinedu.maryjane@madukauniversity.edu.ng','UJUNWA','MU/HS/24/0092','08012345678','NULL','2025-07-16 12:42:17','2025-09-13 08:42:43','student',0),(467,13,1,'MU/HS/24/0093','MARYJANE','IWUEKE','iwueke.oluchukwu@madukauniversity.edu.ng','OLUCHUKWU','MU/HS/24/0093','08012345678','NULL','2025-07-16 12:42:17','2025-09-13 08:42:43','student',0),(468,13,1,'MU/HS/24/0094','PERPETUA','EZE','eze.perpetual@madukauniversity.edu.ng','SOCHIMAOBI','MU/HS/24/0094','08012345678','NULL','2025-07-16 12:42:17','2025-09-13 08:42:43','student',0),(469,13,1,'MU/HS/24/0095','KAIMA','CHUKWURAH','kaima.chukwuurah@madukauniversity.edu.ng','RHEMA','MU/HS/24/0095','08012345678','NULL','2025-07-16 12:42:17','2025-09-13 08:42:43','student',0),(470,13,1,'MU/HS/24/0096','IVEREN','ABATA','abata.iveren@madukauniversity.edu.ng','EMMANUELLA','MU/HS/24/0096','08012345678','NULL','2025-07-16 12:42:17','2025-09-13 08:42:43','student',0),(471,13,1,'MU/HS/24/0097','PRAISE','ELOCHUKWU','elochukwu.praise@madukauniversity.edu.ng','CHINENYE','MU/HS/24/0097','08012345678','NULL','2025-07-16 12:42:17','2025-09-13 08:42:43','student',0),(472,13,1,'MU/HS/24/0098','ADEZE','SIMON','adaeke.simon@madukauniversity.edu.ng','GOODNESS','MU/HS/24/0098','08012345678','NULL','2025-07-16 12:42:17','2025-09-13 08:42:43','student',0),(473,13,1,'MU/HS/24/0099','DAVID','OJEAH','ojeh.davida@madukauniversity.edu.ng','TOCHUKWU','MU/HS/24/0099','08012345678','NULL','2025-07-16 12:42:17','2025-09-13 08:42:43','student',0),(474,13,1,'MU/HS/24/0100','KENNEDY','MBALISIGWE','kingsley.mbalisigwe@madukauniversity.edu.ng','CHIDOZIE','MU/HS/24/0100','08012345678','NULL','2025-07-16 12:42:17','2025-09-13 08:42:43','student',0),(475,13,1,'MU/HS/24/0101','FAUSTINA','AJIMAH','ajimah.faustina@madukauniversity.edu.ng','KOSISOCHUKWU','MU/HS/24/0101','08012345678','NULL','2025-07-16 12:42:17','2025-09-13 08:42:43','student',0),(476,13,1,'MU/HS/24/0102','ADIMCHINOBI','ELUWA','eluwa.adimchinobi@madukauniversity.edu.ng','GRACE','MU/HS/24/0102','08012345678','NULL','2025-07-16 12:42:17','2025-09-13 08:42:43','student',0),(477,13,1,'MU/HS/24/0103','DAVIDA','EKWEBELEM','ekwebelem.davida@madukauniversity.edu.ng','UDOCHUKWU','MU/HS/24/0103','08012345678','NULL','2025-07-16 12:42:17','2025-09-13 08:42:43','student',0),(478,13,1,'MU/HS/24/0104','NANCY','AGU','agu.nancy@madukauniversity.edu.ng','CHIOMA','MU/HS/24/0104','08012345678','NULL','2025-07-16 12:42:17','2025-09-13 08:42:43','student',0),(479,13,1,'MU/HS/24/0105','ONYINYEMEREM','IDDI','iddi.rosemary@madukauniversity.edu.ng','ROSEMARY','MU/HS/24/0105','08012345678','NULL','2025-07-16 12:42:17','2025-09-13 08:42:43','student',0),(480,13,1,'MU/HS/24/0106','EPIPHEMIA','UGWU','ugwu.euphemia@madukauniversity.edu.ng','CHINAZA','MU/HS/24/0106','08012345678','NULL','2025-07-16 12:42:17','2025-09-13 08:42:43','student',0),(481,13,1,'MU/HS/24/0107','SHARON','FATOBA','fatoba.sharon@madukauniversity.edu.ng','OLUWADARASIMI','MU/HS/24/0107','08012345678','NULL','2025-07-16 12:42:17','2025-09-13 08:42:43','student',0),(482,13,1,'MU/HS/24/0108','ISHUGHN','WUAM','wuam.ishughn@madukauniversity.edu.ng','LILIAN','MU/HS/24/0108','08012345678','NULL','2025-07-16 12:42:17','2025-09-13 08:42:43','student',0),(483,13,1,'MU/HS/24/0109','FAVOUR','DIGWU','digwu.favour@madukauniversity.edu.ng','IFEBUCHECHUKWU','MU/HS/24/0109','08012345678','NULL','2025-07-16 12:42:17','2025-09-13 08:42:43','student',0),(484,13,1,'MU/HS/24/0110','CHIDINMA','OGBU','ogbu.chidimma@madukauniversity.edu.ng','JUDITH','MU/HS/24/0110','08012345678','NULL','2025-07-16 12:42:17','2025-09-13 08:42:43','student',0),(485,13,1,'MU/HS/24/0111','KINGSLEY','MBALISIGWE','kingsley.chidear@madukauniversity.edu.ng','CHIDERA','MU/HS/24/0111','08012345678','NULL','2025-07-16 12:42:17','2025-09-13 08:42:43','student',0),(486,13,1,'MU/HS/24/0112','DIVINE FAVOUR ','CHIMA','chima.divinefavour@madukauniversity.edu.ng','AMARACHI','MU/HS/24/0112','08012345678','NULL','2025-07-16 12:42:17','2025-09-13 08:42:43','student',0),(487,13,1,'MU/HS/24/0113','PEARL','IROMARA','iromara.miracle@madukauniversity.edu.ng','OLUEBUBE ','MU/HS/24/0113','08012345678','NULL','2025-07-16 12:42:17','2025-09-13 08:42:43','student',0),(488,13,1,'MU/HS/24/0114','CALEB','NWABOR ','nwabor.caleb@madukauniversity.edu.ng','CHUKWUEKWU','MU/HS/24/0114','08012345678','NULL','2025-07-16 12:42:17','2025-09-13 08:42:43','student',0),(489,13,1,'MU/HS/24/0115','CHIADIKOBI','EZEOHA','ezeoha.chiadkobi@madukauniversity.edu.ng','DANIEL','MU/HS/24/0115','08012345678','NULL','2025-07-16 12:42:17','2025-09-13 08:42:43','student',0),(490,13,1,'MU/HS/24/0116','ANN','UCHENNA-DIKE','uchennadike.ann@madukauniversity.edu.ng','CHINELO','MU/HS/24/0116','08012345678','NULL','2025-07-16 12:42:17','2025-09-13 08:42:43','student',0),(491,13,1,'MU/HS/24/0117','MMESOMA','UCHENNA','uchenna.mmesoma@madukauniversity.edu.ng','STACY','MU/HS/24/0117','08012345678','NULL','2025-07-16 12:42:17','2025-09-13 08:42:43','student',0),(492,13,1,'MU/HS/24/0118','LOIS','ANYANWU','anyanwu.lois@madukauniversity.edu.ng','CHIOMA','MU/HS/24/0118','08012345678','NULL','2025-07-16 12:42:17','2025-09-13 08:42:43','student',0),(493,13,1,'MU/HS/24/0119','CHELSEA','CHIMERE','chimere.chelsea@madukauniversity.edu.ng','KAMSIYOCHUKWU','MU/HS/24/0119','08012345678','NULL','2025-07-16 12:42:17','2025-09-13 08:42:43','student',0),(494,13,1,'MU/HS/24/0120','ABIGAIL','LOUIS','louis.abigail@madukauniversity.edu.ng','OBASI','MU/HS/24/0120','08012345678','NULL','2025-07-16 12:42:17','2025-09-13 08:42:43','student',0),(495,13,1,'MU/HS/24/0121','GLORY','HYCINTH','hycinth.arizona@madukauniversity.edu.ng','ARIZONA','MU/HS/24/0121','08012345678','NULL','2025-07-16 12:42:17','2025-09-13 08:42:43','student',0),(496,13,1,'MU/HS/24/0122','FAITH','HYCINTH','hycinth.faith@madukauniversity.edu.ng','ISIOMA','MU/HS/24/0122','08012345678','NULL','2025-07-16 12:42:17','2025-09-13 08:42:43','student',0),(497,13,1,'MU/HS/24/0123','KIMBERLY','UMECHUKWU','umechukwu.kimberly@madukauniversity.edu.ng','CHIMAMANDA','MU/HS/24/0123','08012345678','NULL','2025-07-16 12:42:17','2025-09-13 08:42:43','student',0),(498,13,1,'MU/HS/24/0124','MMESOMA','EZEJIDEAKU','mmesoma.ezejudeaku@madukauniversity.edu.ng','FAVOUR','MU/HS/24/0124','08012345678','NULL','2025-07-16 12:42:17','2025-09-13 08:42:43','student',0),(499,13,1,'MU/HS/24/0125','BLESSING','NWANJA','nwanja.blessing@madukauniversity.edu.ng','OGBONNE','MU/HS/24/0125','08012345678','NULL','2025-07-16 12:42:17','2025-09-13 08:42:43','student',0),(500,13,1,'MU/HS/24/0126','ONYINYE','ONUKWU','onukwu.onyinyechi@madukauniversity.edu.ng','GIFT','MU/HS/24/0126','08012345678','NULL','2025-07-16 12:42:17','2025-09-13 08:42:43','student',0),(501,13,1,'MU/HS/24/0127','UGOCHUKWU','ONYEGBUNAM','onyegbunam.ugochukwu@madukauniversity.edu.ng','NDUBUISI','MU/HS/24/0127','08012345678','NULL','2025-07-16 12:42:17','2025-09-13 08:42:43','student',0),(502,13,1,'MU/HS/24/0128','CHIDOZIE','AJAEREH','ajaere.chidozie@madukauniversity.edu.ng','JESSY','MU/HS/24/0128','08012345678','NULL','2025-07-16 12:42:18','2025-09-13 08:42:43','student',0),(503,13,1,'MU/HS/24/0129','FECHI','OKOLIE','okoli.fechi@madukauniversity.edu.ng','IJEOMA','MU/HS/24/0129','08012345678','NULL','2025-07-16 12:42:18','2025-09-13 08:42:43','student',0),(504,13,1,'MU/HS/24/0130','CHIUGO','EZENWANNE','ezinwanne.chiugo@madukauniversity.edu.ng','ANITA','MU/HS/24/0130','08012345678','NULL','2025-07-16 12:42:18','2025-09-13 08:42:43','student',0),(505,13,1,'MU/HS/24/0131','CHIDIMMA','NGWU','ngwu.chidimma@madukauniversity.edu.ng','PATIENCE','MU/HS/24/0131','08012345678','NULL','2025-07-16 12:42:18','2025-09-13 08:42:43','student',0),(506,13,1,'MU/HS/24/0132','BLESSING','OKAFOR','okafor.blessing@madukauniversity.edu.ng','CHINECHEREM','MU/HS/24/0132','08012345678','NULL','2025-07-16 12:42:18','2025-09-13 08:42:43','student',0),(507,13,1,'MU/HS/24/0133','AMARACHI','FESTUS','festus.amarachi@madukauniversity.edu.ng','DEBORAH','MU/HS/24/0133','08012345678','NULL','2025-07-16 12:42:18','2025-09-13 08:42:43','student',0),(508,13,1,'MU/HS/24/0134','CHIDERA','NGWU','ngwu.chidera@madukauniversity.edu.ng','PROMISE','MU/HS/24/0134','08012345678','NULL','2025-07-16 12:42:18','2025-09-13 08:42:43','student',0),(509,13,1,'MU/HS/24/0135','SIERRA','MADUKWE-WISDOM','madukwesisdom.sierra@madukauniversity.edu.ng','CHIAZALAM','MU/HS/24/0135','08012345678','NULL','2025-07-16 12:42:18','2025-09-13 08:42:43','student',0),(510,13,1,'MU/HS/24/0136','FAVOUR','IGWENAGU','igwenagu.favour@madukauniversity.edu.ng','OBIANUJUNWA','MU/HS/24/0136','08012345678','NULL','2025-07-16 12:42:18','2025-09-13 08:42:43','student',0),(511,13,1,'MU/HS/24/0137','SOPHIE','ANTHONY','anthony.sophie@madukauniversity.edu.ng','KWUNIECHUKWU','MU/HS/24/0137','08012345678','NULL','2025-07-16 12:42:18','2025-09-13 08:42:43','student',0),(512,13,1,'MU/HS/24/0138','UCHE','ORJI-IKE','orjiike.uche@madukauniversity.edu.ng','EMMANUELLA','MU/HS/24/0138','08012345678','NULL','2025-07-16 12:42:18','2025-09-13 08:42:43','student',0),(513,13,1,'MU/HS/24/0139','ONYEBUCHI','IBEZIAKO','onyebuchi.ibeziako@madukauniversity.edu.ng','HENRY','MU/HS/24/0139','08012345678','NULL','2025-07-16 12:42:18','2025-09-13 08:42:43','student',0),(514,13,1,'MU/HS/24/0140','FAVOUR','KALU','kalu.favour@madukauniversity.edu.ng','EBUBECHI','MU/HS/24/0140','08012345678','NULL','2025-07-16 12:42:18','2025-09-13 08:42:43','student',0),(515,13,1,'MU/HS/24/0141','MACCELLINUS','MBAH','mbah.marcellinus@madukauniversity.edu.ng','      -','MU/HS/24/0141','08012345678','NULL','2025-07-16 12:42:18','2025-09-13 08:42:43','student',0),(516,13,1,'MU/HS/24/0142','ATINUKE','KOYENIKAN','koyenikan.atinuke@madukauniversity.edu.ng','FAVOUR','MU/HS/24/0142','08012345678','NULL','2025-07-16 12:42:18','2025-09-13 08:42:43','student',0),(517,13,1,'MU/HS/24/0143','DESTINY','UZUKWU','uzukwu.destiny@madukauniversity.edu.ng','MUNACHIMSO','MU/HS/24/0143','08012345678','NULL','2025-07-16 12:42:18','2025-09-13 08:42:43','student',0),(518,13,1,'MU/HS/24/0144','BRIDGET','AMALU','amalu.bridgt@madukauniversity.edu.ng','CHINYERE','MU/HS/24/0144','08012345678','NULL','2025-07-16 12:42:18','2025-09-13 08:42:43','student',0),(519,13,1,'MU/HS/24/0145','BARBARA','UDEOJI','udeoji.barbara@madukauniversity.edu.ng','CHISOM','MU/HS/24/0145','08012345678','NULL','2025-07-16 12:42:18','2025-09-13 08:42:43','student',0),(520,13,1,'MU/HS/24/0146','JESSICA','NDIBE','ndibe.jessica@madukauniversity.edu.ng','SOMTOCHUKWU','MU/HS/24/0146','08012345678','NULL','2025-07-16 12:42:18','2025-09-13 08:42:43','student',0),(521,13,1,'MU/HS/24/0147','PRECIOUS','ANTHONY ','anthony.precious@madukauniversity.edu.ng','CHIDERA','MU/HS/24/0147','08012345678','NULL','2025-07-16 12:42:18','2025-09-13 08:42:43','student',0),(522,13,1,'MU/HS/24/0148','CHIMEREMEZE','EZE','eze.chimeremueze@madukauniversity.edu.ng','THEOPHILA','MU/HS/24/0148','08012345678','NULL','2025-07-16 12:42:18','2025-09-13 08:42:43','student',0),(523,13,1,'MU/HS/24/0149','AMARACHI','EZEMONYE','ezemonye.amarachi@madukauniversity.edu.ng','CYNTHIA','MU/HS/24/0149','08012345678','NULL','2025-07-16 12:42:18','2025-09-13 08:42:43','student',0),(524,13,1,'MU/HS/24/0150','CHIOMA','EZEMONYE','ezemonye.chioma@madukauniversity.edu.ng','BENITA','MU/HS/24/0150','08012345678','NULL','2025-07-16 12:42:18','2025-09-13 08:42:43','student',0),(525,13,1,'MU/HS/24/0151','PRAISE','AJAH','ajah.praise@madukauniversity.edu.ng','CHUKWUEMERIA','MU/HS/24/0151','08012345678','NULL','2025-07-16 12:42:18','2025-09-13 08:42:43','student',0),(526,13,1,'MU/HS/24/0152','FAVOUR','EBUGHE','ebughe.favour@madukauniversity.edu.ng','OSOSE','MU/HS/24/0152','08012345678','NULL','2025-07-16 12:42:18','2025-09-13 08:42:43','student',0),(527,13,1,'MU/HS/24/0153','SOMTOCHUKWU','NNAJI','nnaji.somtochukwu@madukauniversity.edu.ng','CONFIDENCE','MU/HS/24/0153','08012345678','NULL','2025-07-16 12:42:18','2025-09-13 08:42:43','student',0),(528,13,1,'MU/HS/24/0154','ULOMA','NKAMA','nkama.uloma@madukauniversity.edu.ng','RACHEL','MU/HS/24/0154','08012345678','NULL','2025-07-16 12:42:18','2025-09-13 08:42:43','student',0),(529,13,1,'MU/HS/24/0155','CHIKADIBIA','ANI','ani.stephanie@madukauniversity.edu.ng','STEPHANIE','MU/HS/24/0155','08012345678','NULL','2025-07-16 12:42:18','2025-09-13 08:42:43','student',0),(530,13,1,'MU/HS/24/0156','OLUEBUBE','AKANDE','akande.oluebube@madukauniversity.edu.ng','DANIEL','MU/HS/24/0156','08012345678','NULL','2025-07-16 12:42:18','2025-09-13 08:42:43','student',0),(531,13,1,'MU/HS/24/0157','ANGEL','EKWERIKE','ekwerike.angel@madukauniversity.edu.ng','KASARACHI','MU/HS/24/0157','08012345678','NULL','2025-07-16 12:42:18','2025-09-13 08:42:43','student',0),(532,13,1,'MU/HS/24/0158','DANIELLA','ONWUEGBU','onwuegbu.daniella@madukauniversity.edu.ng','KOSISOCHUKWU','MU/HS/24/0158','08012345678','NULL','2025-07-16 12:42:18','2025-09-13 08:42:43','student',0),(533,13,1,'MU/HS/24/0159','DIVINE-TREASURE','MBAH','mbah.divinetreasure@madukauniversity.edu.ng','CHINELO','MU/HS/24/0159','08012345678','NULL','2025-07-16 12:42:18','2025-09-13 08:42:43','student',0),(534,13,1,'MU/HS/24/0160','PRECIOUS','NDUBUISI','ndubaisi.precious@madukauniversity.edu.ng','THERESA','MU/HS/24/0160','08012345678','NULL','2025-07-16 12:42:18','2025-09-13 08:42:43','student',0),(535,13,1,'MU/HS/24/0161','CLARA','EZEORAH','ezeorah.clara@madukauniversity.edu.ng','EZIAKU','MU/HS/24/0161','08012345678','NULL','2025-07-16 12:42:18','2025-09-13 08:42:43','student',0),(536,13,1,'MU/HS/24/0162','IFECHUKWU','OKONKWO','okonkwo.ifechukwu@madukauniversity.edu.ng','DANIEL','MU/HS/24/0162','08012345678','NULL','2025-07-16 12:42:18','2025-09-13 08:42:43','student',0),(537,13,1,'MU/HS/24/0163','JESSICA','ODOKARA','odokara.jessica@madukauniversity.edu.ng','MMESOMA','MU/HS/24/0163','08012345678','NULL','2025-07-16 12:42:18','2025-09-13 08:42:43','student',0),(538,13,1,'MU/HS/24/0164','ANNA ','MATHEW','mathew.anna@madukauniversity.edu.ng','HAPPINESS','MU/HS/24/0164','08012345678','NULL','2025-07-16 12:42:18','2025-09-13 08:42:43','student',0),(539,13,1,'MU/HS/24/0165','MIRACLE','EZEMA','ezema.miracle@madukauniversity.edu.ng','CHIJINDU','MU/HS/24/0165','08012345678','NULL','2025-07-16 12:42:18','2025-09-13 08:42:43','student',0),(540,13,1,'MU/HS/24/0166','VICTORIA','JOHNSON','johnson.victoria@madukauniversity.edu.ng','CHIAMAKA','MU/HS/24/0166','08012345678','NULL','2025-07-16 12:42:18','2025-09-13 08:42:43','student',0),(541,13,1,'MU/HS/24/0167','SOBULACHI','OWIRIWA','owiriwa.sobolachi@madukauniversity.edu.ng','PRINCESS','MU/HS/24/0167','08012345678','NULL','2025-07-16 12:42:18','2025-09-13 08:42:43','student',0),(542,13,1,'MU/HS/24/0168','PERFECT','EZEIGBO','ezeigbo.perfect@madukauniversity.edu.ng','ADAEZE','MU/HS/24/0168','08012345678','NULL','2025-07-16 12:42:18','2025-09-13 08:42:43','student',0),(543,13,1,'MU/HS/24/0169','VICTOR','UGWOKE','ugwoke.victor@madukauniversity.edu.ng','CHIEMERIE','MU/HS/24/0169','08012345678','NULL','2025-07-16 12:42:18','2025-09-13 08:42:43','student',0),(544,13,1,'MU/HS/24/0170','OLIVE','UGWOKE ','ugwoke.olive@madukauniversity.edu.ng','ONYINYECHI','MU/HS/24/0170','08012345678','NULL','2025-07-16 12:42:18','2025-09-13 08:42:43','student',0),(545,13,1,'MU/HS/24/0171','KELECHI','OKORO','okoro.kelechi@madukauniversity.edu.ng','PRECIOUS','MU/HS/24/0171','08012345678','NULL','2025-07-16 12:42:18','2025-09-13 08:42:43','student',0),(546,13,1,'MU/HS/24/0172','GRACIOUS','ONWUBALILI','onwubalili.gracious@madukauniversity.edu.ng','CHIOMA','MU/HS/24/0172','08012345678','NULL','2025-07-16 12:42:18','2025-09-13 08:42:43','student',0),(547,13,1,'MU/HS/24/0173','EMMANUELLA','IKECHUKWU','ikechukwu.emmanuella@madukauniversity.edu.ng','CHISOM','MU/HS/24/0173','08012345678','NULL','2025-07-16 12:42:18','2025-09-13 08:42:43','student',0),(548,13,1,'MU/HS/24/0174','FAVOUR','JAMES','james.favour@madukauniversity.edu.ng','ATARI','MU/HS/24/0174','08012345678','NULL','2025-07-16 12:42:18','2025-09-13 08:42:43','student',0),(549,13,1,'MU/HS/24/0175','JENNIFER','UGWUANYI','ugwuanyi.jennifer@madukauniversity.edu.ng','CHINAZA','MU/HS/24/0175','08012345678','NULL','2025-07-16 12:42:18','2025-09-13 08:42:43','student',0),(550,13,1,'MU/HS/24/0176','EMMANUEL ','CHRISTOPHER','christopher.emmanuel@madukauniversity.edu.ng','CHINAZAEKPERE','MU/HS/24/0176','08012345678','NULL','2025-07-16 12:42:18','2025-09-13 08:42:43','student',0),(551,13,1,'MU/HS/24/0177','CATHERINE','NWAZULUAHU','nwazuluahu.catherine@madukauniversity.edu.ng','ADAEZE','MU/HS/24/0177','08012345678','NULL','2025-07-16 12:42:18','2025-09-13 08:42:43','student',0),(552,13,1,'MU/HS/24/0178','MERCY','KALU','kalu.mercy@madukauniversity.edu.ng','EBERE','MU/HS/24/0178','08012345678','NULL','2025-07-16 12:42:18','2025-09-13 08:42:43','student',0),(553,13,1,'MU/HS/24/0179','MMESOMACHI','ONUOHA','onuaha.mmesomachi@madukauniversity.edu.ng','MIRIAN','MU/HS/24/0179','08012345678','NULL','2025-07-16 12:42:18','2025-09-13 08:42:43','student',0),(554,13,1,'MU/HS/24/0180','MERCY','DUDU','dudu.mercy@madukauniversity.edu.ng','     -','MU/HS/24/0180','08012345678','NULL','2025-07-16 12:42:18','2025-09-13 08:42:43','student',0),(555,13,1,'MU/HS/24/0181','FAVOUR','OKORIE','okorie.favour@madukauniversity.edu.ng','NGOZI','MU/HS/24/0181','08012345678','NULL','2025-07-16 12:42:18','2025-09-13 08:42:43','student',0),(556,13,1,'MU/HS/24/0182','FAVOUR','NWEKE','nweke.favour@madukauniversity.edu.ng','AMARACHUKWU','MU/HS/24/0182','08012345678','NULL','2025-07-16 12:42:18','2025-09-13 08:42:43','student',0),(557,13,1,'MU/HS/24/0183','CHISOM','NWOKE','nwoke.chisom@madukauniversity.edu.ng','JANE','MU/HS/24/0183','08012345678','NULL','2025-07-16 12:42:18','2025-09-13 08:42:43','student',0),(558,13,1,'MU/HS/24/0184','BLESSING','EZE','eze.blessing@madukauniversity.edu.ng','CHIDERA','MU/HS/24/0184','08012345678','NULL','2025-07-16 12:42:18','2025-09-13 08:42:43','student',0),(559,13,1,'MU/HS/24/0185','ESTHER','UGWUIKE','ugwuike.esther@madukauniversity.edu.ng','CHINAGOROM','MU/HS/24/0185','08012345678','NULL','2025-07-16 12:42:18','2025-09-13 08:42:43','student',0),(560,13,1,'MU/HS/24/0186','CHELSEA','OKOROEGO','okoroego_chelsea@madukauniversity.edu.ng','CHIDUMEBI','MU/HS/24/0186','08012345678','NULL','2025-07-16 12:42:18','2025-09-13 08:42:43','student',0),(561,13,1,'MU/HS/24/0187','ONYINYECHI','CHUKWUEGBO','chukwuegbo.onyinyechi@madukauniversity.edu.ng','ESTHER','MU/HS/24/0187','08012345678','NULL','2025-07-16 12:42:18','2025-09-13 08:42:43','student',0),(562,13,1,'MU/HS/24/0188','PRECIOUS','EZE','eze.precious@madukauniversity.edu.ng','GINIKA','MU/HS/24/0188','08012345678','NULL','2025-07-16 12:42:18','2025-09-13 08:42:43','student',0),(563,13,1,'MU/HS/24/0189','REJOICE','NCHEGHA','nchegha_rejoice@madukauniversity.edu.ng','CHISOM','MU/HS/24/0189','08012345678','NULL','2025-07-16 12:42:18','2025-09-13 08:42:43','student',0),(564,13,1,'MU/HS/24/0190','CHIEMERIE','OZIOKO','ozioko.chiemerie@madukauniversity.edu.ng','MARYANN','MU/HS/24/0190','08012345678','NULL','2025-07-16 12:42:18','2025-09-13 08:42:43','student',0),(565,13,1,'MU/HS/24/0191','ABAH','AGADA','agada_abah@madukauniversity.edu.ng','GLORIA','MU/HS/24/0191','08012345678','NULL','2025-07-16 12:42:18','2025-09-13 08:42:43','student',0),(566,13,1,'MU/HS/24/0192','ITSWELL','HARRISON','harrison.itswell@madukauniversity.edu.ng','CHIEMETAM','MU/HS/24/0192','08012345678','NULL','2025-07-16 12:42:18','2025-09-13 08:42:43','student',0),(567,13,1,'MU/HS/24/0193','AMARACHI','ATTAH','attah_amarachi@madukauniversity.edu.ng','ANIELA','MU/HS/24/0193','08012345678','NULL','2025-07-16 12:42:18','2025-09-13 08:42:43','student',0),(568,13,1,'MU/HS/24/0194','CHRISTABEL','OKORIE','okorie_christabel@madukauniversity.edu.ng','CHISOM','MU/HS/24/0194','08012345678','NULL','2025-07-16 12:42:18','2025-09-13 08:42:43','student',0),(569,13,1,'MU/HS/24/0195','ADAEZE','OZARAEBUKA','ozaraebuka.adaeze@madukauniversity.edu.ng','EMMANUELLA','MU/HS/24/0195','08012345678','NULL','2025-07-16 12:42:18','2025-09-13 08:42:43','student',0),(570,13,1,'MU/HS/24/0196','DIVINE','OKAFOR','okafor.divine@madukauniversity.edu.ng','CHIDIMMA','MU/HS/24/0196','08012345678','NULL','2025-07-16 12:42:18','2025-09-13 08:42:43','student',0),(571,13,1,'MU/HS/24/0197','JOEL','EKANEM','ekanem.joel@madukauniversity.edu.ng','UDO','MU/HS/24/0197','08012345678','NULL','2025-07-16 12:42:18','2025-09-13 08:42:43','student',0),(572,13,1,'MU/HS/24/0198','GLORY','CHIDOZIE','chidozie.glory@madukauniversity.edu.ng','PRECIOUS','MU/HS/24/0198','08012345678','NULL','2025-07-16 12:42:18','2025-09-13 08:42:43','student',0),(573,13,1,'MU/HS/24/0199','EMMANUELLA','ANIGWESHI','anigweshi.emmanuella@madukauniversity.edu.ng','MMESOMA','MU/HS/24/0199','08012345678','NULL','2025-07-16 12:42:18','2025-09-13 08:42:43','student',0),(574,13,1,'MU/HS/24/0200','PERPETUAL','ENETE','enete.perpetual@madukauniversity.edu.ng','OLUEBUBE ','MU/HS/24/0200','08012345678','NULL','2025-07-16 12:42:18','2025-09-13 08:42:43','student',0),(575,13,1,'MU/HS/24/0201','FAVOUR','ETHELBERT','ethelbert.favour@madukauniversity.edu.ng','KAMSIYOCHUKWU','MU/HS/24/0201','08012345678','NULL','2025-07-16 12:42:18','2025-09-13 08:42:43','student',0),(576,13,1,'MU/HS/24/0202','SANCTUS','OBIEKWEIHE','obiekweihe.sanctus@madukauniversity.edu.ng','NNAEMEZIEM','MU/HS/24/0202','08012345678','NULL','2025-07-16 12:42:18','2025-09-13 08:42:43','student',0),(577,13,1,'MU/HS/24/0203','DEBORAH','FASIPE','fasipe.deborah@madukauniversity.edu.ng','ERIOLUWA','MU/HS/24/0203','08012345678','NULL','2025-07-16 12:42:18','2025-09-13 08:42:43','student',0),(578,13,1,'MU/HS/24/0204','RACHAEL','OLAIYA','olaiya.rachael@madukauniversity.edu.ng','OLUWADAMILOLA','MU/HS/24/0204','08012345678','NULL','2025-07-16 12:42:18','2025-09-13 08:42:43','student',0),(579,13,1,'MU/HS/24/0260','ALICE ','OKLOBIA','aliceoyine@madukauniverity.edu.ng','oyine','MU/HS/24/0260','08012345678','NULL','2025-07-16 12:42:18','2025-09-13 08:42:43','student',0),(580,13,1,'MU/HS/24/0205','GODSPOWER','OKIEMUTE','okiemute.godspower@madukauniversity.edu.ng','NYERHOWO','MU/HS/24/0205','08012345678','NULL','2025-07-16 12:42:18','2025-09-13 08:42:43','student',0),(581,13,1,'MU/HS/24/0206','GIFT','OKONKWO','gift.okonkwo@madukauniversity.edu.ng','GINIKA','MU/HS/24/0206','08012345678','NULL','2025-07-16 12:42:18','2025-09-13 08:42:43','student',0),(582,13,1,'MU/HS/24/0207','AYOMIDE','ADEOLA','adeola.ayomide@madukauniversity.edu.ng','MERCY','MU/HS/24/0207','08012345678','NULL','2025-07-16 12:42:18','2025-09-13 08:42:43','student',0),(583,13,1,'MU/HS/24/0208','EZINNE','UGWU','ugwu.ezinne@madukauniversity.edu.ng','FAVOUR','MU/HS/24/0208','08012345678','NULL','2025-07-16 12:42:18','2025-09-13 08:42:43','student',0),(584,13,1,'MU/HS/24/0209','EMEKA','ANI','ani.emeka@madukauniversity.edu.ng','DOMINION','MU/HS/24/0209','08012345678','NULL','2025-07-16 12:42:18','2025-09-13 08:42:43','student',0),(585,13,1,'MU/HS/24/0210','AKACHUKWU','NWANGWU','nwangwu.akachukwu@madukauniversity.edu.ng','RICHMOND','MU/HS/24/0210','08012345678','NULL','2025-07-16 12:42:18','2025-09-13 08:42:43','student',0),(586,13,1,'MU/HS/24/0211','FAVOUR','IWUORIE','iwuorie.favour@madukauniversity.edu.ng','KELECHI','MU/HS/24/0211','08012345678','NULL','2025-07-16 12:42:18','2025-09-13 08:42:43','student',0),(587,13,1,'MU/HS/24/0212','DIVINEFAVOUR','UGWUOKE','divine.favour@madukauniversity.edu.ng','CHINEMEREM','MU/HS/24/0212','08012345678','NULL','2025-07-16 12:42:18','2025-09-13 08:42:43','student',0),(588,13,1,'MU/HS/24/0213','FAVOUR WEALTH','EZE','eze.favourwealth@madukauniversity.edu.ng','KAMSIYOCHUKWU','MU/HS/24/0213','08012345678','NULL','2025-07-16 12:42:18','2025-09-13 08:42:43','student',0),(589,11,1,'MU/HS/24/0214','DANIEL','ADELEYE','adeleye.daniel@madukauniversity.edu.ng','TAIWO','MU/HS/24/0214','08012345678','NULL','2025-07-16 12:42:18','2025-09-13 08:42:43','student',0),(590,13,1,'MU/HS/24/0215','DESTINY','STEPHEN','stephen.destiny@madukauniversity.edu.ng','CHIOMA','MU/HS/24/0215','08012345678','NULL','2025-07-16 12:42:18','2025-09-13 08:42:43','student',0),(591,13,1,'MU/HS/24/0216','CHRISTIAN','ONYEMAECHI','onyemaechi.christian@madukauniversity.edu.ng','CHIMZALUM','MU/HS/24/0216','08012345678','NULL','2025-07-16 12:42:18','2025-09-13 08:42:43','student',0),(592,13,1,'MU/HS/24/0217','OLUEBUBE','OGBU','ogbu.oluebube@madukauniversity.edu.ng','MARYSANDRA','MU/HS/24/0217','08012345678','NULL','2025-07-16 12:42:18','2025-09-13 08:42:43','student',0),(593,13,1,'MU/HS/24/0218','GENEVIEVE','ONOH','onoh.genevieve@madukauniversity.edu.ng','OGONNA','MU/HS/24/0218','08012345678','NULL','2025-07-16 12:42:18','2025-09-13 08:42:43','student',0),(594,13,1,'MU/HS/24/0219','CHISOMAGA','OBIDIGWE','obidigwe.chisomaga@madukauniversity.edu.ng','STEPHNIE','MU/HS/24/0219','08012345678','NULL','2025-07-16 12:42:18','2025-09-13 08:42:43','student',0),(595,13,1,'MU/HS/24/0220','FAVOUR','ENECHI','enechi.favour@madukauniversity.edu.ng','IFUNANYACHUKWU','MU/HS/24/0220','08012345678','NULL','2025-07-16 12:42:18','2025-09-13 08:42:43','student',0),(596,13,1,'MU/HS/24/0221','SHARON','MCKINGS','mckings.sharon@madukauniversity.edu.ng','CHIDERA','MU/HS/24/0221','08012345678','NULL','2025-07-16 12:42:18','2025-09-13 08:42:43','student',0),(597,13,1,'MU/HS/24/0222','EMMANUEL','ENE','ene.emmanuel@madukauniversity.edu.ng','CHIMUANYA','MU/HS/24/0222','08012345678','NULL','2025-07-16 12:42:18','2025-09-13 08:42:43','student',0),(598,13,1,'MU/HS/24/0238','CHISIMDI','EMEH','emeh.chisimdi@madukauniversity.edu.ng','PEARL','MU/HS/24/0238','08012345678','NULL','2025-07-16 12:42:18','2025-09-13 08:42:43','student',0),(599,13,1,'MU/HS/24/0239','DIVINE','SYDNEY','sydney.divine@madukauniversity.edu.ng','NMESOMA','MU/HS/24/0239','08012345678','NULL','2025-07-16 12:42:19','2025-09-13 08:42:43','student',0),(600,13,1,'MU/HS/24/0240','CHIOMA','CHUKA','chuka.chioma@madukauniversity.edu.ng','PRECIOUS','MU/HS/24/0240','08012345678','NULL','2025-07-16 12:42:19','2025-09-13 08:42:43','student',0),(601,13,1,'MU/HS/24/0241','MUNACHIMSO','DIKACHI','dikachi.munachimso@madukauniversity.edu.ng','MELISA','MU/HS/24/0241','08012345678','NULL','2025-07-16 12:42:19','2025-09-13 08:42:43','student',0),(602,13,1,'MU/HS/24/0242','PERPETUA','AGADA','agada.perpetua@madukauniversity.edu.ng','EKOWOCHE','MU/HS/24/0242','08012345678','NULL','2025-07-16 12:42:19','2025-09-13 08:42:43','student',0),(603,13,1,'MU/HS/24/0243','MARVELOUS','CHUKWUEMEKA','chukwuemeka.marvelous@madukauniversity.edu.ng','CHISOM','MU/HS/24/0243','08012345678','NULL','2025-07-16 12:42:19','2025-09-13 08:42:43','student',0),(604,13,1,'MU/HS/24/0247','CHINELO','CHIKEZIE','chikezie.chinelo@madukauniversity.edu.ng','REJOICE','MU/HS/24/0247','08012345678','NULL','2025-07-16 12:42:19','2025-09-13 08:42:43','student',0),(605,13,1,'MU/HS/24/0248','PRINCESS','OKPARA','okpara.princess@madukauniversity.edu.ng','ONYINYECHI','MU/HS/24/0248','08012345678','NULL','2025-07-16 12:42:19','2025-09-13 08:42:43','student',0),(606,13,1,'MU/HS/24/0249','UDOCHUKWU','ONWE','onwe.udochukwu@madukauniversity.edu.ng','GABRIELLA','MU/HS/24/0249','08012345678','NULL','2025-07-16 12:42:19','2025-09-13 08:42:43','student',0),(607,13,1,'MU/HS/24/0250','MIRACLE','ORIKPE','orikpe.miracle@madukauniversity.edu.ng','ONYINYE','MU/HS/24/0250','08012345678','NULL','2025-07-16 12:42:19','2025-09-13 08:42:43','student',0),(608,13,1,'MU/HS/24/0251','SOMTOCHUKWU','NNAMANI','nnamani.somtochukwu@madukauniversity.edu.ng','JOSEPH','MU/HS/24/0251','08012345678','NULL','2025-07-16 12:42:19','2025-09-13 08:42:43','student',0),(609,13,1,'MU/HS/24/0252','CHIAMARA','BARNABAS','barnabas.chiamara@madukauniversity.edu.ng','PRINCESS ENICA','MU/HS/24/0252','08012345678','NULL','2025-07-16 12:42:19','2025-09-13 08:42:43','student',0),(610,13,1,'MU/HS/24/0254','PRAISEGOD','OLEWEH','oleweh.praisegod@madukauniversity.edu.ng','CHUKWUEMEKA','MU/HS/24/0254','08012345678','NULL','2025-07-16 12:42:19','2025-09-13 08:42:43','student',0),(611,13,1,'MU/HS/24/0255','BLESSING','IFEANYI','ifeanyi.blessing@madukauniversity.edu.ng','CHIDINMMA','MU/HS/24/0255','08012345678','NULL','2025-07-16 12:42:19','2025-09-13 08:42:43','student',0),(612,13,1,'MU/HS/24/0256','WILLIAMS','NNAMCHI','nnamchi.williams@madukauniversity.edu.ng','OLISA','MU/HS/24/0256','08012345678','NULL','2025-07-16 12:42:19','2025-09-13 08:42:43','student',0),(613,13,1,'MU/HS/24/0257','BONAVENTURE','NWEZE','nweze.bonaventure@madukauniversity.edu.ng','UGOCHUKWU','MU/HS/24/0257','08012345678','NULL','2025-07-16 12:42:19','2025-09-13 08:42:43','student',0),(614,13,1,'MU/HS/24/0258','SONIA','EZE','eze.sonia@madukauniversity.edu.ng','MMESOMA','MU/HS/24/0258','08012345678','NULL','2025-07-16 12:42:19','2025-09-13 08:42:43','student',0),(615,23,1,'MU/HS/24/0244','VIVIAN','ANTHONY','anthony.vivian@madukauniversity.edu.ng','CHINENYE','MU/HS/24/0244','08012345678','NULL','2025-07-16 12:42:19','2025-09-13 08:42:43','student',0),(616,1,2,'MU/23/0403','GREAT-ERIC','NWEKE','great-eric.nweke@madukauniversity.edu.ng','CHIDUBEM','MU/23/0403','08012345678','NULL','2025-07-16 12:42:36','2025-09-13 08:42:43','student',0),(617,1,2,'MU/23/0402','GABRIEL','GABRIELLA','gabriella.gabriel@madukauniversity.edu.ng','Edebo','MU/23/0402','08012345678','NULL','2025-07-16 12:42:36','2025-09-13 08:42:43','student',0),(618,1,2,'MU/23/0401','CHINECHEREM','NDUBUISI','esther.ndubuisi@madukauniversity.edu.ng','ESTHER','MU/23/0401','08012345678','NULL','2025-07-16 12:42:36','2025-09-13 08:42:43','student',0),(619,1,2,'MU/23/0398','EMIEMOKUMO','ABIGAL','abigal.emiemokumo@madukauniversity.edu.ng','EMIEMOKUMO','MU/23/0398','08012345678','NULL','2025-07-16 12:42:36','2025-09-13 08:42:43','student',0),(620,1,2,'MU/23/0397','MICHAEL','ELEKWA','elekwa.michael@madukauniversity.edu.ng','Nnennaya','MU/23/0397','08012345678','NULL','2025-07-16 12:42:36','2025-09-13 08:42:43','student',0),(621,1,2,'MU/23/0396','Nwachukwu','Somtochukwu','somtochukwu.nwachukwu@madukauniversity.edu.ng','Gift','MU/23/0396','08012345678','NULL','2025-07-16 12:42:36','2025-09-13 08:42:43','student',0),(622,1,2,'MU/23/0395','Favour','Nwachukwu','joseph.favour@madukauniversity.edu.ng','Joseph','MU/23/0395','08012345678','NULL','2025-07-16 12:42:36','2025-09-13 08:42:43','student',0),(623,1,2,'MU/23/0399','Chukwuma','Onyedika','favour.chukwuma@madukauniversity.edu.ng','Favour','MU/23/0399','08012345678','NULL','2025-07-16 12:42:36','2025-09-13 08:42:43','student',0),(624,1,2,'MU/23/0015','Nnakaibe','chidera','chidera.nnakaibie@madukauniversity.edu.ng','christopher','MU/23/0015','08012345678','NULL','2025-07-16 12:42:36','2025-09-13 08:42:43','student',0),(625,1,2,'MU/23/0400','OKPARA','UGOCHI','princess.okpara@madukauniversity.edu.ng','PRINCESS','MU/23/0400','08012345678','NULL','2025-07-16 12:42:36','2025-09-13 08:42:43','student',0),(626,1,2,'MU/23/0014','Oguntamore','Ayomide','ayomide.oguntamore-morenikeji@madukauniversity.edu.ng','Morenikeji','MU/23/0014','08012345678','NULL','2025-07-16 12:42:36','2025-09-13 08:42:43','student',0),(627,2,1,'MU/BS/24/0034','JOHNPAUL','ONAH','onah.johnpaul@madukauniversity.edu.ng','CHINEDU','MU/BS/24/0034','08012345678','NULL','2025-07-16 12:42:36','2025-09-13 08:42:43','student',0),(628,2,2,'MU/23/0424','Abugu','Uchenna','uchenna.abugu@madukauniversity.edu.ng','Uchenna','MU/23/0424','08012345678','NULL','2025-07-16 12:42:36','2025-09-13 08:42:43','student',0),(629,2,2,'MU/23/0423','Nnamchi','Godswill','godswill.nnamchi@madukauniversity.edu.ng','Godswill','MU/23/0423','08012345678','NULL','2025-07-16 12:42:36','2025-09-13 08:42:43','student',0),(630,2,2,'MU/23/0422','DAVID','UMAOMA','david.umaoma@madukauniversity.edu.ng','UMAOMA','MU/23/0422','08012345678','NULL','2025-07-16 12:42:36','2025-09-13 08:42:43','student',0),(631,2,2,'MU/23/0421','Onyebuchi','Sylva','sylva.ochonma@madukauniversity.edu.ng','Sylva','MU/23/0421','08012345678','NULL','2025-07-16 12:42:36','2025-09-13 08:42:43','student',0),(632,2,2,'MU/23/0420','CHUKWUDI','GIFT','gift.chukwudi@madukauniversity.edu.ng','GIFT','MU/23/0420','08012345678','NULL','2025-07-16 12:42:36','2025-09-13 08:42:43','student',0),(633,10,2,'MU/23/0414','JONATHAN','ANTHONY','anthony.jonathan@madukauniversity.edu.ng','ANTHONY','MU/23/0414','08012345678','NULL','2025-07-16 12:42:36','2025-09-13 08:42:43','student',0),(634,10,2,'MU/23/0413','Chinemerem','Okonkwo','okonkwo.chinemerem@madukauniversity.edu.ng','Okonkwo','MU/23/0413','08012345678','NULL','2025-07-16 12:42:36','2025-09-13 08:42:43','student',0),(635,10,2,'MU/23/0412','Oluebube','Udeogaranya','udeogaranya.faith@madukauniversity.edu.ng','Udeogaranya','MU/23/0412','08012345678','NULL','2025-07-16 12:42:36','2025-09-13 08:42:43','student',0),(636,10,2,'MU/23/0411','PRISCILLA','ALI','ali.pricilla@madukauniversity.edu.ng','ALI','MU/23/0411','08012345678','NULL','2025-07-16 12:42:36','2025-09-13 08:42:43','student',0),(637,10,2,'MU/23/0410','Amarachukwu','Amobi','amobi.ruth@madukauniversity.edu.ng','Amobi','MU/23/0410','08012345678','NULL','2025-07-16 12:42:36','2025-09-13 08:42:43','student',0),(638,7,2,'MU/23/0309','OLISA EMMANUEL','ELWEREKWU','elwerekwu.olisa@madukauniversity.edu.ng','ELWEREKWU','MU/23/0309','08012345678','NULL','2025-07-16 12:42:36','2025-09-13 08:42:43','student',0),(639,7,2,'MU/23/0307','Grace','Edet','edet.grace@madukauniversity.edu.ng','Itoro-Obong','MU/23/0307','08012345678','NULL','2025-07-16 12:42:36','2025-09-13 08:42:43','student',0),(640,7,2,'MU/23/0305','Enojo','David','enojo.david@madukauniversity.edu.ng','Enyo-ojo','MU/23/0305','08012345678','NULL','2025-07-16 12:42:36','2025-09-13 08:42:43','student',0),(641,7,2,'MU/23/0304','Chidubem','Chidozie','chidozie.chidubem@madukauniversity.edu.ng','Favour','MU/23/0304','08012345678','NULL','2025-07-16 12:42:36','2025-09-13 08:42:43','student',0),(642,7,2,'MU/23/0303','EMMANUEL','ONWUAMAEGBU','onwuamaegbu.chiziterem@madukauniversity.edu.ng','CHIZITEREM','MU/23/0303','08012345678','NULL','2025-07-16 12:42:36','2025-09-13 08:42:43','student',0),(643,7,2,'MU/23/0302','Chidindu','Onyekwere','onyekwere.martins@madukauniversity.edu.ng','Martins','MU/23/0302','08012345678','NULL','2025-07-16 12:42:36','2025-09-13 08:42:43','student',0),(644,7,2,'MU/23/0301','Chisom','Onugwu','onugwu.chisom@madukauniversity.edu.ng','Anthony','MU/23/0301','08012345678','NULL','2025-07-16 12:42:36','2025-09-13 08:42:43','student',0),(645,7,2,'MU/23/0300','VICTOR','URAMA','urama.victor@madukauniversity.edu.ng','CHIBUIFE','MU/23/0300','08012345678','NULL','2025-07-16 12:42:36','2025-09-13 08:42:43','student',0),(646,7,2,'Mu/23/0308','Ibekwe ','Patricia ','ibekwe.chibundom@madukauniversity.edu.ng','Ibekwe','Mu/23/0308','08012345678','NULL','2025-07-16 12:42:36','2025-09-13 08:42:43','student',0),(647,27,2,'MU/23/0013','Obidike','Emmanuel','chidera.obidike@madukauniversity.edu.ng','Chidera','MU/23/0013','08012345678','NULL','2025-07-16 12:42:36','2025-09-13 08:42:43','student',0),(648,27,2,'MU/23/0005','Abah','Queen','oyiwodu.abah@madukauniversity.edu.ng','Oyiwodu','MU/23/0005','08012345678','NULL','2025-07-16 12:42:36','2025-09-13 08:42:43','student',0),(649,27,2,'MU/23/0004','Chibuike','Esther','esther.chibuike@madukauniversity.edu.ng','CHINWEOLU','MU/23/0004','08012345678','NULL','2025-07-16 12:42:36','2025-09-13 08:42:43','student',0),(650,27,2,'MU/23/0003','Mmesoma','Obinna','miracle.obinna@madukauniversity.edu.ng','Miracle','MU/23/0003','08012345678','NULL','2025-07-16 12:42:36','2025-09-13 08:42:43','student',0),(651,27,2,'MU/23/0002','Goodness','Agunwa','goodness.agunwa@madukauniversity.edu.ng','Nmesoma','MU/23/0002','08012345678','NULL','2025-07-16 12:42:36','2025-09-13 08:42:43','student',0),(652,27,2,'MU/23/0001','Abigail','Oji','abigail.oji@madukauniversity.edu.ng','Nneoma','MU/23/0001','08012345678','NULL','2025-07-16 12:42:36','2025-09-13 08:42:43','student',0),(653,27,2,'MU/23/0020','Amuchechukwu','Nnamdi-ekigbo','victoria.nnamdi-ekigbo@madukauniversity.edu.ng','Victoria','MU/23/0020','08012345678','NULL','2025-07-16 12:42:36','2025-09-13 08:42:43','student',0),(654,27,2,'MU/23/0019','Esther','Nwankwo','esther.nwankwo@madukauniversity.edu.ng','Ozioma','MU/23/0019','08012345678','NULL','2025-07-16 12:42:36','2025-09-13 08:42:43','student',0),(655,27,2,'MU/23/0018','Luke','Ogbaji','luke.ogbaji@madukauniversity.edu.ng','Chinonso','MU/23/0018','08012345678','NULL','2025-07-16 12:42:36','2025-09-13 08:42:43','student',0),(656,27,2,'MU/23/0017','Chimezie','Treasure','treasure.chimezie@madukauniversity.edu.ng','Oluchukwu','MU/23/0017','08012345678','NULL','2025-07-16 12:42:36','2025-09-13 08:42:43','student',0),(657,27,2,'MU/23/0016','Benedicta','Ikechukwu','benedicta.ikechukwu@madukauniversity.edu.ng','Ogochukwu','MU/23/0016','08012345678','NULL','2025-07-16 12:42:36','2025-09-13 08:42:43','student',0),(658,27,2,'MU/23/0029','Ogbonna','Emmanuel','emmanuel.ogbonna@madukauniversity.edu.ng','Chibuikem','MU/23/0029','08012345678','NULL','2025-07-16 12:42:36','2025-09-13 08:42:43','student',0),(659,27,2,'MU/23/0012','Maryann','Ozuba-remi','maryann.ozuba-remi@madukauniversity.edu.ng','Nmesoma','MU/23/0012','08012345678','NULL','2025-07-16 12:42:36','2025-09-13 08:42:43','student',0),(660,27,2,'MU/23/0011','Onyinyechi','Ikenna','onyinyechi.ikenna@madukauniversity.edu.ng','Nancy','MU/23/0011','08012345678','NULL','2025-07-16 12:42:36','2025-09-13 08:42:43','student',0),(661,27,2,'MU/23/0010','CHINWENDU','AKAOKWU','chinwendu.akaokwu@madukauniversity.edu.ng','STEPHANIE','MU/23/0010','08012345678','NULL','2025-07-16 12:42:36','2025-09-13 08:42:43','student',0),(662,27,2,'MU/23/0009','CHIAMAKA','IGBOKWE','covenant.igbokwe@madukauniversity.edu.ng','COVENANT','MU/23/0009','08012345678','NULL','2025-07-16 12:42:36','2025-09-13 08:42:43','student',0),(663,27,2,'MU/23/0007','Faith','Agboeze','faith.agboeze@madukauniversity.edu.ng','Chidinma','MU/23/0007','08012345678','NULL','2025-07-16 12:42:36','2025-09-13 08:42:43','student',0),(664,27,2,'MU/23/0044','Chimobi','Onu','chimobi.onu@madukauniversity.edu.ng','Jedidiah','MU/23/0044','08012345678','NULL','2025-07-16 12:42:36','2025-09-13 08:42:43','student',0),(665,27,2,'MU/23/0043','WILLIAMS','ONYE','williams.onye@madukauniversity.edu.ng','CHUKWUEBUKA','MU/23/0043','08012345678','NULL','2025-07-16 12:42:36','2025-09-13 08:42:43','student',0),(666,27,2,'MU/23/0042','kosisochukwu','Amaechi','kosisochukwu.amaechi@madukauniversity.edu.ng','Emmanuel','MU/23/0042','08012345678','NULL','2025-07-16 12:42:36','2025-09-13 08:42:43','student',0),(667,27,2,'MU/23/0038','ANGELICA','EDEH','chisom.edeh@madukauniversity.edu.ng','CHISOM','MU/23/0038','08012345678','NULL','2025-07-16 12:42:36','2025-09-13 08:42:43','student',0),(668,27,2,'MU/23/0037','Chinanuekpere','Chiazokam','ran-angelchinanuekpere@madukauniversity.edu.ng','Ran Angel','MU/23/0037','08012345678','NULL','2025-07-16 12:42:36','2025-09-13 08:42:43','student',0),(669,27,2,'MU/23/0036','MIRACLE','OPARA','miracle.opara@madukauniversity.edu.ng','CHINENYE','MU/23/0036','08012345678','NULL','2025-07-16 12:42:36','2025-09-13 08:42:43','student',0),(670,27,2,'MU/23/0035','CHINEMEREM','ANI','chinemerem.ani@madukauniversity.edu.ng','JENNIFER','MU/23/0035','08012345678','NULL','2025-07-16 12:42:36','2025-09-13 08:42:43','student',0),(671,27,2,'MU/23/0033','Chidinma','Onuh','chidinma.onuh@madukauniversity.edu.ng','Dora','MU/23/0033','08012345678','NULL','2025-07-16 12:42:36','2025-09-13 08:42:43','student',0),(672,27,2,'MU/23/0032','Chimdindu','Ogbonna','chimdindu.ogbonna@madukauniversity.edu.ng','Chizaramekpere','MU/23/0032','08012345678','NULL','2025-07-16 12:42:37','2025-09-13 08:42:43','student',0),(673,27,2,'MU/23/0031','Zenith','Osuoha','zenith.osuoha@madukauniversity.edu.ng','Chimakpa','MU/23/0031','08012345678','NULL','2025-07-16 12:42:37','2025-09-13 08:42:43','student',0),(674,27,2,'MU/23/0030','Christian','Nwokposi','christian.nwokposi@madukauniversity.edu.ng','Ugochukwu','MU/23/0030','08012345678','NULL','2025-07-16 12:42:37','2025-09-13 08:42:43','student',0),(675,27,2,'MU/23/0028','Chinemerem','Ugwuoke','chinemerem.ugwuoke@madukauniversity.edu.ng','Ronald','MU/23/0028','08012345678','NULL','2025-07-16 12:42:37','2025-09-13 08:42:43','student',0),(676,27,2,'MU/23/0027','Comfort','Udoji','comfort.udoji@madukauniversity.edu.ng','Nkechi','MU/23/0027','08012345678','NULL','2025-07-16 12:42:37','2025-09-13 08:42:43','student',0),(677,27,2,'MU/23/0050','Munachi','Onwe','munachi.onwe@madukauniversity.edu.ng','Goodluck','MU/23/0050','08012345678','NULL','2025-07-16 12:42:37','2025-09-13 08:42:43','student',0),(678,27,2,'MU/23/0049','ATTAH','CHIDIEBERE','chidieber.attah@madukauniversity.edu.ng','RHODA','MU/23/0049','08012345678','NULL','2025-07-16 12:42:37','2025-09-13 08:42:43','student',0),(679,27,2,'MU/23/0048','KAYIFECHUKWU','CHINWEZE','kayifechukwu.chinweze@madukauniversity.edu.ng','CHINWEZE','MU/23/0048','08012345678','NULL','2025-07-16 12:42:37','2025-09-13 08:42:43','student',0),(680,27,2,'MU/23/0045','Ausbeth','Onu','ausbeth.onu@madukauniversity.edu.ng','Okedinachi','MU/23/0045','08012345678','NULL','2025-07-16 12:42:37','2025-09-13 08:42:43','student',0),(681,27,2,'MU/23/0022','Kingsley','Tim','kingsley.tim@madukauniversity.edu.ng','Chidubem','MU/23/0022','08012345678','NULL','2025-07-16 12:42:37','2025-09-13 08:42:43','student',0),(682,27,2,'MU/23/0021','Anita','Tokula -Mark','anita.tokula-mark@madukauniversity.edu.ng','Ojochegbe','MU/23/0021','08012345678','NULL','2025-07-16 12:42:37','2025-09-13 08:42:43','student',0),(683,27,2,'MU/23/0056','Nneji','Adaeze','adaeze.nneji@madukauniversity.edu.ng','Emmanuella','MU/23/0056','08012345678','NULL','2025-07-16 12:42:37','2025-09-13 08:42:43','student',0),(684,27,2,'MU/23/0054','Fortune','Amaechi','fortune.amaechi@madukauniversity.edu.ng','Kosisochukwu','MU/23/0054','08012345678','NULL','2025-07-16 12:42:37','2025-09-13 08:42:43','student',0),(685,27,2,'MU/23/0059','Clare','Nwaeke','clare.nwaeke@madukauniversity.edu.ng','Nachikamdabere','MU/23/0059','08012345678','NULL','2025-07-16 12:42:37','2025-09-13 08:42:43','student',0),(686,27,2,'MU/23/0058','Udeh','Chidimma','victoria.udeh@madukauniversity.edu.ng','Victoria','MU/23/0058','08012345678','NULL','2025-07-16 12:42:37','2025-09-13 08:42:43','student',0),(687,27,2,'MU/23/0063','Okpala','Precious','adaeze.okpala@madukauniversity.edu.ng','Adaeze','MU/23/0063','08012345678','NULL','2025-07-16 12:42:37','2025-09-13 08:42:43','student',0),(688,27,2,'MU/23/0066','SENATOR','DOMINICS','senator.dominics@madukauniversity.edu.ng','CHUKWUEMEKA','MU/23/0066','08012345678','NULL','2025-07-16 12:42:37','2025-09-13 08:42:43','student',0),(689,27,2,'MU/23/0061','Ani','Favour','favour.ani@madukauniversity.edu.ng','Chinaza','MU/23/0061','08012345678','NULL','2025-07-16 12:42:37','2025-09-13 08:42:43','student',0),(690,27,2,'MU/23/0060','ASSUMPTA','IDOGWU','assumpta.idogwu@madukauniversity.edu.ng','EZINNE','MU/23/0060','08012345678','NULL','2025-07-16 12:42:37','2025-09-13 08:42:43','student',0),(691,27,2,'MU/23/0052','John-Paul','Onuoha','john-paul.onuoha@madukauniversity.edu.ng','Chimezirim','MU/23/0052','08012345678','NULL','2025-07-16 12:42:37','2025-09-13 08:42:43','student',0),(692,27,2,'MU/23/0051','Ifenna','Obi','hlary.obi@madukauniversity.edu.ng','Hilary','MU/23/0051','08012345678','NULL','2025-07-16 12:42:37','2025-09-13 08:42:43','student',0),(693,27,2,'MU/23/0047','Nzubechukwu','Nwankwo','nzube.nwankwo@madukauniversity.edu.ng','Daniel','MU/23/0047','08012345678','NULL','2025-07-16 12:42:37','2025-09-13 08:42:43','student',0),(694,27,2,'MU/23/0046','Nze','Chizaram','darlington.nze@madukauniversity.edu.ng','Darlington','MU/23/0046','08012345678','NULL','2025-07-16 12:42:37','2025-09-13 08:42:43','student',0),(695,27,2,'MU/23/0041','EKENE','ABUGU','ekene.abugu@madukauniversity.edu.ng','PETER','MU/23/0041','08012345678','NULL','2025-07-16 12:42:37','2025-09-13 08:42:43','student',0),(696,27,2,'MU/23/0040','Peace','Maxwell','peace.maxwell@madukauniversity.edu.ng','Amarachi','MU/23/0040','08012345678','NULL','2025-07-16 12:42:37','2025-09-13 08:42:43','student',0),(697,27,2,'MU/23/0039','Maduagwu','Miriam','amarachi.maduagwu@madukauniversity.edu.ng','Amarachi','MU/23/0039','08012345678','NULL','2025-07-16 12:42:37','2025-09-13 08:42:43','student',0),(698,27,2,'MU/23/0034','AMARACHI','JOSEPH','amarachi.joseph@madukauniversity.edu.ng','PEACE','MU/23/0034','08012345678','NULL','2025-07-16 12:42:37','2025-09-13 08:42:43','student',0),(699,27,2,'MU/23/0025','Somkene','Obute','somkene.obute@madukauniversity.edu.ng','HAMILTON','MU/23/0025','08012345678','NULL','2025-07-16 12:42:37','2025-09-13 08:42:43','student',0),(700,27,2,'MU/23/0024','Nnaji','Joy','joy.nnaji@madukauniversity.edu.ng','Ifechukwu','MU/23/0024','08012345678','NULL','2025-07-16 12:42:37','2025-09-13 08:42:43','student',0),(701,27,2,'MU/23/0023','Chimdiebube','Ogbonna','chimdiebube.ogbonna@madukauniversity.edu.ng','Glory','MU/23/0023','08012345678','NULL','2025-07-16 12:42:37','2025-09-13 08:42:43','student',0),(702,27,2,'MU/23/0006','Chukwudumebi','Anulugwo','chukwudumebi.anulugwo@madukauniversity.edu.ng','Daniella','MU/23/0006','08012345678','NULL','2025-07-16 12:42:37','2025-09-13 08:42:43','student',0),(703,27,2,'MU/23/0008','Adaku','Agbara','adaku.agbara@madukauniversity.edu.ng','Chimsomebi','MU/23/0008','08012345678','NULL','2025-07-16 12:42:37','2025-09-13 08:42:43','student',0),(704,27,2,'MU/23/0078','Fortune','Chamberlain','fortune.chamberlain@madukauniversity.edu.ng','Chibuikem','MU/23/0078','08012345678','NULL','2025-07-16 12:42:37','2025-09-13 08:42:43','student',0),(705,27,2,'MU/23/0077','Chiezie','Chinedu','emmanuel.chiezie@madukauniversity.edu.ng','Emmanuel','MU/23/0077','08012345678','NULL','2025-07-16 12:42:37','2025-09-13 08:42:43','student',0),(706,27,2,'MU/23/0076','Obikwelu','Emmanuella','emmanuella.obikwelu@madukauniversity.edu.ng','Chimdindu','MU/23/0076','08012345678','NULL','2025-07-16 12:42:37','2025-09-13 08:42:43','student',0),(707,27,2,'MU/23/0075','Favour','Nwuhuo','friday.nwuhuo@madukauniversity.edu.ng','Friday','MU/23/0075','08012345678','NULL','2025-07-16 12:42:37','2025-09-13 08:42:43','student',0),(708,27,2,'MU/23/0074','Chiziterem','NwosA','chiziterem.nwosa@madukauniversity.edu.ng','Claire','MU/23/0074','08012345678','NULL','2025-07-16 12:42:37','2025-09-13 08:42:43','student',0),(709,27,2,'MU/23/0073','CHIAMAKA','OKECHUKWU','chiamaka.okechukwu@madukauniversity.edu.ng','ESTHER','MU/23/0073','08012345678','NULL','2025-07-16 12:42:37','2025-09-13 08:42:43','student',0),(710,27,2,'MU/23/0072','ANITA','ABUCHI','anita.abuchi@madukauniversity.edu.ng','ADAEZE','MU/23/0072','08012345678','NULL','2025-07-16 12:42:37','2025-09-13 08:42:43','student',0),(711,27,2,'MU/23/0071','NMESOMA','EZUGO','nmesoma.ezugo@madukauniversity.edu.ng','REJOICE','MU/23/0071','08012345678','NULL','2025-07-16 12:42:37','2025-09-13 08:42:43','student',0),(712,27,2,'MU/23/0070','JESSE','EMERIBE','jesse.emeribe@madukauniversity.edu.ng','CHINECHEREM','MU/23/0070','08012345678','NULL','2025-07-16 12:42:37','2025-09-13 08:42:43','student',0),(713,27,2,'MU/23/0069','Obinna','Louis','obinna.louis@madukauniversity.edu.ng','Bede','MU/23/0069','08012345678','NULL','2025-07-16 12:42:37','2025-09-13 08:42:43','student',0),(714,27,2,'MU/23/0068','VICTORIA','ADEJOH','victoria.adejoh@madukauniversity.edu.ng','Enyoojo','MU/23/0068','08012345678','NULL','2025-07-16 12:42:37','2025-09-13 08:42:43','student',0),(715,27,2,'MU/23/0067','ONOJA','Claret','ojonide.onoja@madukauniversity.edu.ng','OJONIDE','MU/23/0067','08012345678','NULL','2025-07-16 12:42:37','2025-09-13 08:42:43','student',0),(716,19,2,'MU/23/0374','SOMTOCHUKWU','EZEUDO','somtochukwu.ezeudo@madukauniversity.edu.ng','SOMTOCHUKWU','MU/23/0374','08012345678','NULL','2025-07-16 12:42:37','2025-09-13 08:42:43','student',0),(717,19,2,'MU/23/0371','Oseremi','Michael','oseremi.micheal@madukauniversity.edu.ng','Oseremi','MU/23/0371','08012345678','NULL','2025-07-16 12:42:37','2025-09-13 08:42:43','student',0),(718,19,2,'MU/23/0369','GENESIS','ONOYIMA','genesis.onoyima@madukauniversity.edu.ng','GENESIS','MU/23/0369','08012345678','NULL','2025-07-16 12:42:37','2025-09-13 08:42:43','student',0),(719,19,2,'MU/23/0368','EMMANUEL','ONYEKACHI','emmanuel.onyekachi@madukauniversity.edu.ng','EMMANUEL','MU/23/0368','08012345678','NULL','2025-07-16 12:42:37','2025-09-13 08:42:43','student',0),(720,19,2,'MU/23/0363','CHUKWUEBUKA','NDUBUISI','victor.ndubuisi@madukauniversity.edu.ng','CHUKWUEBUKA','MU/23/0363','08012345678','NULL','2025-07-16 12:42:37','2025-09-13 08:42:43','student',0),(721,19,2,'MU/23/0362','Afeisume','PETER','peter.afeisume@madukauniversity.edu.ng','Afeisume','MU/23/0362','08012345678','NULL','2025-07-16 12:42:37','2025-09-13 08:42:43','student',0),(722,19,2,'MU/23/0367','CHIZUTEM','NWANKWO','chizutem.nwankwo@madukauniversity.edu.ng','CHIZUTEM','MU/23/0367','08012345678','NULL','2025-07-16 12:42:37','2025-09-13 08:42:43','student',0),(723,19,2,'MU/23/0365','Splendor','Udechukwu','splendor.udechukwu@madukauniversity.edu.ng','Splendor','MU/23/0365','08012345678','NULL','2025-07-16 12:42:37','2025-09-13 08:42:43','student',0),(724,19,2,'MU/23/0366','THADDAEUS','OTOBO','thaddaeus.otobo@madukauniversity.edu.ng','THADDAEUS','MU/23/0366','08012345678','NULL','2025-07-16 12:42:37','2025-09-13 08:42:43','student',0),(725,19,2,'MU/23/0360','Nadoo','Jooji','nadoo.jooji@madukauniversity.edu.ng','Nadoo','MU/23/0360','08012345678','NULL','2025-07-16 12:42:37','2025-09-13 08:42:43','student',0),(726,19,2,'MU/23/0361','Adrian','Dike','adrian.dike@madukauniversity.edu.ng','Adrian','MU/23/0361','08012345678','NULL','2025-07-16 12:42:37','2025-09-13 08:42:43','student',0),(727,19,2,'MU/23/0364','Alexander','Agboeze','alexander.agboeze@madukauniversity.edu.ng','Alexander','MU/23/0364','08012345678','NULL','2025-07-16 12:42:37','2025-09-13 08:42:43','student',0),(728,19,2,'MU/23/0370','God\'s Power','Chukwunedum','chukwunedum.godspower@madukauniversity.edu.ng','GodsPower','MU/23/0370','08012345678','NULL','2025-07-16 12:42:37','2025-09-13 08:42:43','student',0),(729,19,2,'MU/23/0359','Juanita','Adeola','adiola.divine@madukauniversity.edu.ng','Juanita','MU/23/0359','08012345678','NULL','2025-07-16 12:42:37','2025-09-13 08:42:43','student',0),(730,19,2,'MU/23/0357','IFEANYI','OKPALA-UKWU','ifeanyi.okpala-ukwu@madukauniversity.edu.ng','IFEANYI','MU/23/0357','08012345678','NULL','2025-07-16 12:42:37','2025-09-13 08:42:43','student',0),(731,19,2,'MU/23/0358','EDWARD','Patriach','patriach.edward@madukauniversity.edu.ng','EDWARD','MU/23/0358','08012345678','NULL','2025-07-16 12:42:37','2025-09-13 08:42:43','student',0),(732,19,2,'MU/23/0356','NANJUL','DANIEL','nanjul.daniel@madukauniversity.edu.ng','NANJUL','MU/23/0356','08012345678','NULL','2025-07-16 12:42:37','2025-09-13 08:42:43','student',0),(733,19,2,'MU/23/0372','TERNGU','UKE','uke.terngu@madukauniversity.edu.ng','TERNGU','MU/23/0372','08012345678','NULL','2025-07-16 12:42:37','2025-09-13 08:42:43','student',0),(734,19,2,'MU/23/0354','AMAEFULE','HENRY','amaefule.henry@madukauniversity.edu.ng','AMAEFULE','MU/23/0354','08012345678','NULL','2025-07-16 12:42:37','2025-09-13 08:42:43','student',0),(735,8,2,'MU/23/0436','Onoh','Chidiebere','benjamin.onoh@madukauniversity.edu.ng','Benjamin','MU/23/0436','08012345678','NULL','2025-07-16 12:42:37','2025-09-13 08:42:43','student',0),(736,8,2,'MU/23/0437','David','Oreoluwa','david.dina@madukauniversity.edu.ng','Dina','MU/23/0437','08012345678','NULL','2025-07-16 12:42:37','2025-09-13 08:42:43','student',0),(737,8,2,'MU/23/0435','Anikwe','Melvin','anikwe.melvin@madukauniversity.edu.ng','ANIKWE','MU/23/0435','08012345678','NULL','2025-07-16 12:42:37','2025-09-13 08:42:43','student',0),(738,6,2,'MU/23/0440','Madubuike','Emmanuel','madubuike.emmanuel@madukauniversity.edu.ng','Madubuike','MU/23/0440','08012345678','NULL','2025-07-16 12:42:37','2025-09-13 08:42:43','student',0),(739,6,2,'MU/23/0441','Agwu','Dominic','agwu.dominic@madukauniversity.edu.ng','Agwu','MU/23/0441','08012345678','NULL','2025-07-16 12:42:37','2025-09-13 08:42:43','student',0),(740,5,2,'MU/EN/24/0052','MORRIS','ENYI','enyi.morris@madukauniversity.edu.ng','UDEOGU','MU/EN/24/0052','08012345678','NULL','2025-07-16 12:42:37','2025-09-13 08:42:43','student',0),(741,5,2,'MU/23/0430','Parker','Nzubechi','parker.mark@madukauniversity.edu.ng','Parker','MU/23/0430','08012345678','NULL','2025-07-16 12:42:37','2025-09-13 08:42:43','student',0),(742,5,2,'MU/23/0431','UREDO','ADOMNAI EMMANUEL','emmanuel.adonai@madukauniversity.edu.ng','UREDO','MU/23/0431','08012345678','NULL','2025-07-16 12:42:37','2025-09-13 08:42:43','student',0),(743,15,2,'MU/23/0318','VICTOR','OPARA','victor.okpara@madukauniversity.edu.ng','VICTOR','MU/23/0318','08012345678','NULL','2025-07-16 12:42:37','2025-09-13 08:42:43','student',0),(744,15,2,'MU/23/0324','Onyedikachukwu','Agada','onyedikachukwu.agada@madukauniversity.edu.ng','Onyedikachukwu','MU/23/0324','08012345678','NULL','2025-07-16 12:42:37','2025-09-13 08:42:43','student',0),(745,15,2,'MU/23/0323','Thelma','Odoh','thelma.odoh@madukauniversity.edu.ng','Thelma','MU/23/0323','08012345678','NULL','2025-07-16 12:42:37','2025-09-13 08:42:43','student',0),(746,15,2,'MU/23/0322','Emmanuel','Kalu','emmanuel.kalu@madukauniversity.edu.ng','Emmanuel','MU/23/0322','08012345678','NULL','2025-07-16 12:42:37','2025-09-13 08:42:43','student',0),(747,15,2,'MU/23/0321','odoh','Oleka','oleka.odoh@madukauniversity.edu.ng','odoh','MU/23/0321','08012345678','NULL','2025-07-16 12:42:37','2025-09-13 08:42:43','student',0),(748,15,2,'MU/23/0326','Emmanuel ','Ugochinyere','nwazulu.emmanuel@madukauniversity.edu.ng','Nwazulu ','MU/23/0326','08012345678','NULL','2025-07-16 12:42:37','2025-09-13 08:42:43','student',0),(749,15,2,'MU/23/0319','Nnnamani','PrinceNoah','princenoah.nnamani@madukauniversity.edu.ng','Nnnamani','MU/23/0319','08012345678','NULL','2025-07-16 12:42:37','2025-09-13 08:42:43','student',0),(750,15,2,'MU/23/0317','Chinonso','Ezenma','chinonso.ezenma@madukauniversity.edu.ng','Chinonso','MU/23/0317','08012345678','NULL','2025-07-16 12:42:37','2025-09-13 08:42:43','student',0),(751,15,2,'MU/23/0316','Ikemefuna','Jude','ikemefuna.jude@madukauniversity.edu.ng','Ikemefuna','MU/23/0316','08012345678','NULL','2025-07-16 12:42:37','2025-09-13 08:42:43','student',0),(752,15,2,'MU/23/0315','Chinedu','Chinonso','chinonso.chinedu@madukauniversity.edu.ng','Chinedu','MU/23/0315','08012345678','NULL','2025-07-16 12:42:37','2025-09-13 08:42:43','student',0),(753,18,2,'MU/23/0351','SOCHIMA','CHUKWUEMEKA','emmanuella.sochima@madukauniversity.edu.ng','EMMANUELLA','MU/23/0351','08012345678','NULL','2025-07-16 12:42:37','2025-09-13 08:42:43','student',0),(754,18,2,'MU/23/0287','MMESOMA ','CHINYERE','dike.mmesoma@madukauniversity.edu.ng','DIKE ','MU/23/0287','08012345678','NULL','2025-07-16 12:42:37','2025-09-13 08:42:43','student',0),(755,18,2,'MU/23/0349','SOLOMON','ONYILO','solomon.daniel@madukauniversity.edu.ng','DANIEL','MU/23/0349','08012345678','NULL','2025-07-16 12:42:37','2025-09-13 08:42:43','student',0),(756,18,2,'MU/23/0348','Goodluck','Asogwa','goodluck.asogwa@madukauniversity.edu.ng','Kamsiyo','MU/23/0348','08012345678','NULL','2025-07-16 12:42:37','2025-09-13 08:42:43','student',0),(757,18,2,'MU/23/0347','CHIMUANYA','BENJAMIN','chimuanya.benjamin@madukauniversity.edu.ng','CALEB','MU/23/0347','08012345678','NULL','2025-07-16 12:42:37','2025-09-13 08:42:43','student',0),(758,18,2,'MU/23/0346','NNABUIKE','GABRIEL','gabriel.daniel@madukauniversity.edu.ng','DANIEL','MU/23/0346','08012345678','NULL','2025-07-16 12:42:37','2025-09-13 08:42:43','student',0),(759,18,2,'MU/23/0345','IKECHUKWU','MBEBIE','ikechukwu.mbebie@madukauniversity.edu.ng','EMMANUEL','MU/23/0345','08012345678','NULL','2025-07-16 12:42:38','2025-09-13 08:42:43','student',0),(760,18,2,'MU/23/0344','Amamchi','Ejike','amamchi.ejike@madukauniversity.edu.ng','Alexis','MU/23/0344','08012345678','NULL','2025-07-16 12:42:38','2025-09-13 08:42:43','student',0),(761,18,2,'MU/23/0343','UBONG','ISONGUYO','peter.ubong@madukauniversity.edu.ng','PETER','MU/23/0343','08012345678','NULL','2025-07-16 12:42:38','2025-09-13 08:42:43','student',0),(762,18,2,'MU/23/0342','Success','Chima','success.chima@madukauniversity.edu.ng','Kelechi','MU/23/0342','08012345678','NULL','2025-07-16 12:42:38','2025-09-13 08:42:43','student',0),(763,18,2,'MU/23/0341','Kolawole','Oluwatobi','mary.kolawole@madukauniversity.edu.ng','Mary','MU/23/0341','08012345678','NULL','2025-07-16 12:42:38','2025-09-13 08:42:43','student',0),(764,18,2,'MU/23/0340','CHIMAOBI MIRIAM','EZIKE','chimaobi.ezike@madukauniversity.edu.ng','CHIMAOBI MIRIAM','MU/23/0340','08012345678','NULL','2025-07-16 12:42:38','2025-09-13 08:42:43','student',0),(765,18,2,'MU/23/0339','FAVOUR','CHUKWU','favour.chukwu@madukauniversity.edu.ng','FAVOUR','MU/23/0339','08012345678','NULL','2025-07-16 12:42:38','2025-09-13 08:42:43','student',0),(766,18,2,'MU/23/0336','Clinton','Spino','clinton.spino@madukauniversity.edu.ng','Clinton','MU/23/0336','08012345678','NULL','2025-07-16 12:42:38','2025-09-13 08:42:43','student',0),(767,18,2,'MU/23/0338','KENECHUKIWU','AMOBI','kenechukwu.amobi@madukauniversity.edu.ng','KENECHUKIWU','MU/23/0338','08012345678','NULL','2025-07-16 12:42:38','2025-09-13 08:42:43','student',0),(768,18,2,'MU/23/0285','EBUBECHUKWU MUOKAMALU','OKAFOR','okafor.ebubechukwu@madukauniversity.edu.ng','EBUBECHUKWU MUOKAMALU','MU/23/0285','08012345678','NULL','2025-07-16 12:42:38','2025-09-13 08:42:43','student',0),(769,18,2,'MU/23/0306','COLLINS SOPURUCHUKWU','CHUKWUEMEKA','chukwuemeka.sopuruchukwu@madukauniversity.edu.ng','COLLINS SOPURUCHUKWU','MU/23/0306','08012345678','NULL','2025-07-16 12:42:38','2025-09-13 08:42:43','student',0),(770,18,2,'MU/23/0335','THEOPHILOUS','OGBONNA','oluchukwu.ogbonna@madukauniversity.edu.ng','THEOPHILOUS','MU/23/0335','08012345678','NULL','2025-07-16 12:42:38','2025-09-13 08:42:43','student',0),(771,18,2,'MU/23/0337','AMARACHI COLLINS','EJIKE','amarachi.ejike@madukauniversity.edu.ng','AMARACHI COLLINS','MU/23/0337','08012345678','NULL','2025-07-16 12:42:38','2025-09-13 08:42:43','student',0),(772,16,2,'MU/23/0295','kamsiyochukwu','Onu','onu.kamsiyochukwu@madukauniversity.edu.ng','kamsiyochukwu','MU/23/0295','08012345678','NULL','2025-07-16 12:42:38','2025-09-13 08:42:43','student',0),(773,16,2,'MU/23/0293','Uchechukwu','Duruji-Moses','duruji-moses.uchechukwu@madukauniversity.edu.ng','Uchechukwu','MU/23/0293','08012345678','NULL','2025-07-16 12:42:38','2025-09-13 08:42:43','student',0),(774,16,2,'MU/23/0292','DAVID MUNACHIMSO','CHINYEAKA','chinyeaka.david@madukauniversity.edu.ng','DAVIDMUNACHIMSO','MU/23/0292','08012345678','NULL','2025-07-16 12:42:38','2025-09-13 08:42:43','student',0),(775,16,2,'MU/23/0291','Linus','Emmanuel','linus.emmanuel@madukauniversity.edu.ng','Linus','MU/23/0291','08012345678','NULL','2025-07-16 12:42:38','2025-09-13 08:42:43','student',0),(776,16,2,'MU/23/0290','Odoh','Ejike','odoh.ejike@madukauniversity.edu.ng','Odoh','MU/23/0290','08012345678','NULL','2025-07-16 12:42:38','2025-09-13 08:42:43','student',0),(777,16,2,'MU/23/0289','Perpetual','Ugwu','ugwu.perpetual@madukauniversity.edu.ng','Perpetual','MU/23/0289','08012345678','NULL','2025-07-16 12:42:38','2025-09-13 08:42:43','student',0),(778,16,2,'MU/23/0288','Chizoba','Chijike','chijike.chizoba@madukauniversity.edu.ng','Chizoba','MU/23/0288','08012345678','NULL','2025-07-16 12:42:38','2025-09-13 08:42:43','student',0),(779,16,2,'MU/23/0445','NOAH ','NDERNEN','bon.madukauniversity.edu.ng','BON-IGBE ','MU/23/0445','08012345678','NULL','2025-07-16 12:42:38','2025-09-13 08:42:43','student',0),(780,16,2,'MU/23/0286','CHINORA','LARRISON-AGBO','larrison.agbo@madukauniversity.edu.ng','CHINORA','MU/23/0286','08012345678','NULL','2025-07-16 12:42:38','2025-09-13 08:42:43','student',0),(781,16,2,'MU/23/0284','VALENTINE','UGWU','ugwu.valentine@madukauniversity.edu.ng','VALENTINE','MU/23/0284','08012345678','NULL','2025-07-16 12:42:38','2025-09-13 08:42:43','student',0),(782,16,2,'MU/23/0283','DIVINE','OMOKOJE','omokoje.divine@madukauniversity.edu.ng','DIVINE','MU/23/0283','08012345678','NULL','2025-07-16 12:42:38','2025-09-13 08:42:43','student',0),(783,16,2,'MU/23/0282','Ubok-Obong','Akpan','ubokobong.raphael@madukauniversity.edu.ng','Ubok-Obong','MU/23/0282','08012345678','NULL','2025-07-16 12:42:38','2025-09-13 08:42:43','student',0),(784,16,2,'MU/23/0281','MICHEAL UZOCHI','ANI','ani.micheal@madukauniversity.edu.ng','MICHEAL UZOCHI','MU/23/0281','08012345678','NULL','2025-07-16 12:42:38','2025-09-13 08:42:43','student',0),(785,16,2,'MU/23/0280','Chimdindu','Obiorah-igweh','chindindu.obiorah@madukauniversity.edu.ng','Chimdindu','MU/23/0280','08012345678','NULL','2025-07-16 12:42:38','2025-09-13 08:42:43','student',0),(786,16,2,'MU/23/0296','LILIAN SOMTOCHUKWU','ONOH','liliansomtochukwu.onoh@madukauniversity.edu.ng','LILIAN SOMTOCHUKWU','MU/23/0296','08012345678','NULL','2025-07-16 12:42:38','2025-09-13 08:42:43','student',0),(787,3,2,'MU/23/0389','Emmanuel','Ndubuisi','ndubuisi@madukauniversity.edu.ng','Emmanuel','MU/23/0389','08012345678','NULL','2025-07-16 12:42:38','2025-09-13 08:42:43','student',0),(788,3,2,'MU/23/0388','OSASUMHEN','NOSA-IDIAHI','idiahi.nosa@madukauniversity.edu.ng','OSASUMHEN','MU/23/0388','08012345678','NULL','2025-07-16 12:42:38','2025-09-13 08:42:43','student',0),(789,3,2,'MU/23/0387','EBINGA','ISRAEL','israel.ebinga@madukauniversity.edu.ng','EBINGA','MU/23/0387','08012345678','NULL','2025-07-16 12:42:38','2025-09-13 08:42:43','student',0),(790,3,2,'MU/23/0386','GREAT','ADOYI','peter.great@madukauniversity.edu.ng','GREAT','MU/23/0386','08012345678','NULL','2025-07-16 12:42:38','2025-09-13 08:42:43','student',0),(791,3,2,'MU/23/0385','AJAYI','INALEGWU','inalegwu.ajayi@madukauniversity.edu.ng','AJAYI','MU/23/0385','08012345678','NULL','2025-07-16 12:42:38','2025-09-13 08:42:43','student',0),(792,3,2,'MU/23/0384','CHIBUIKE','ROYAL','royal.chibuike@madukauniversity.edu.ng','CHIBUIKE','MU/23/0384','08012345678','NULL','2025-07-16 12:42:38','2025-09-13 08:42:43','student',0),(793,3,2,'MU/23/0383','Victor','Ugwuanyi','Eloka.victor@madukauniversity.edu.ng','Victor','MU/23/0383','08012345678','NULL','2025-07-16 12:42:38','2025-09-13 08:42:43','student',0),(794,3,2,'MU/23/0382','Mmesomachi','Ikenna','mmesomachi.ikenna@madukauniversity.edu.ng','Mmesomachi','MU/23/0382','08012345678','NULL','2025-07-16 12:42:38','2025-09-13 08:42:43','student',0),(795,3,2,'MU/23/0381','CHISOM','OBIEZE','chisom.obieze@madukauniversity.edu.ng','CHISOM','MU/23/0381','08012345678','NULL','2025-07-16 12:42:38','2025-09-13 08:42:43','student',0),(796,3,2,'MU/23/0380','Chiesonu','Udoji','chiesonu.udoji@madukauniversity.edu.ng','Chiesonu','MU/23/0380','08012345678','NULL','2025-07-16 12:42:38','2025-09-13 08:42:43','student',0),(797,3,2,'MU/23/0379','Delight','Nze','delight.nze@madukauniversity.edu.ng','Nze','MU/23/0379','08012345678','NULL','2025-07-16 12:42:38','2025-09-13 08:42:43','student',0),(798,3,2,'MU/23/0378','Dominica','Agbedo','dominica.agbedo@madukauniversity.edu.ng','Dominica','MU/23/0378','08012345678','NULL','2025-07-16 12:42:38','2025-09-13 08:42:43','student',0),(799,3,2,'MU/23/0377','UZOMA','CLAIRE','claire.uzoma@madukauniversity.edu.ng','UZOMA','MU/23/0377','08012345678','NULL','2025-07-16 12:42:38','2025-09-13 08:42:43','student',0),(800,3,2,'MU/23/0376','Henry','Success','success.henry@madukauniversity.edu.ng','Henry','MU/23/0376','08012345678','NULL','2025-07-16 12:42:38','2025-09-13 08:42:43','student',0),(801,3,2,'MU/23/0375','Christabel','Izuwa','christabel.izuwa@madukauniversity.edu.ng','Christabel','MU/23/0375','08012345678','NULL','2025-07-16 12:42:38','2025-09-13 08:42:43','student',0),(802,3,2,'MU/23/0390','OZIOMA','NWOKORO','oziomachukwu.nwokoro@madukauniversity.edu.ng','OZIOMA','MU/23/0390','08012345678','NULL','2025-07-16 12:42:38','2025-09-13 08:42:43','student',0),(803,3,2,'MU/23/0062','Nelly','Kamsi','Ndukwe.nelly@madukauniversity.edu.ng','Nelly','MU/23/0062','08012345678','NULL','2025-07-16 12:42:38','2025-09-13 08:42:43','student',0),(804,3,2,'MU/23/0391','EKWUEME','chukwuemeka','ekwueme.chukwuemeka@madukauniversity.edu.ng','EKWUEME','MU/23/0391','08012345678','NULL','2025-07-16 12:42:38','2025-09-13 08:42:43','student',0),(805,11,2,'MU/23/0261','Uneke','Ogenna','ogenna.uneke@madukauniversity.edu.ng','Amaechi','MU/23/0261','08012345678','NULL','2025-07-16 12:42:38','2025-09-13 08:42:43','student',0),(806,11,2,'MU/23/0260','Nnamdi','Eke','victor.eke@madukauniversity.edu.ng','Victor','MU/23/0260','08012345678','NULL','2025-07-16 12:42:38','2025-09-13 08:42:43','student',0),(807,11,2,'MU/23/0259','SALEM','OLUWASOLA','oluwasola.rotipin@madukauniversity.edu.ng','ROTIPIN','MU/23/0259','08012345678','NULL','2025-07-16 12:42:38','2025-09-13 08:42:43','student',0),(808,11,2,'MU/23/0258','Onwutuebe','Theresa','theresa.onwutuebe@madukauniversity.edu.ng','Ngozi','MU/23/0258','08012345678','NULL','2025-07-16 12:42:38','2025-09-13 08:42:43','student',0),(809,11,2,'MU/23/0257','Davids','Ijeoma','ijeoma.davids@madukauniversity.edu.ng','Miracle','MU/23/0257','08012345678','NULL','2025-07-16 12:42:38','2025-09-13 08:42:43','student',0),(810,11,2,'MU/23/0256','Uche','Paul','uche.paul@madukauniversity.edu.ng','Victory','MU/23/0256','08012345678','NULL','2025-07-16 12:42:38','2025-09-13 08:42:43','student',0),(811,11,2,'MU/23/0255','Anyanwu','Miriamgoretti','miriamgoretti.anyanwu@madukauniversity.edu.ng','Chigaemezu','MU/23/0255','08012345678','NULL','2025-07-16 12:42:38','2025-09-13 08:42:43','student',0),(812,11,2,'MU/23/0251','Chinaza','Nwafor','jacinta.nwafor@madukauniversity.edu.ng','Jacinta','MU/23/0251','08012345678','NULL','2025-07-16 12:42:38','2025-09-13 08:42:43','student',0),(813,11,2,'MU/23/0222','Oge','Esther','esther.oge@madukauniversity.edu.ng','Ogochukwu','MU/23/0222','08012345678','NULL','2025-07-16 12:42:38','2025-09-13 08:42:43','student',0),(814,11,2,'MU/23/0263','IFEANYICHUKWU','JESSE','jesse.mmahi@madukauniversity.edu.ng','MMAHI','MU/23/0263','08012345678','NULL','2025-07-16 12:42:38','2025-09-13 08:42:43','student',0),(815,11,2,'MU/23/0262','OKEREKE','DIVINE','divine.okereke@madukauniversity.edu.ng','CHIMHURUMNAYA','MU/23/0262','08012345678','NULL','2025-07-16 12:42:38','2025-09-13 08:42:43','student',0),(816,11,2,'MU/23/0252','David','Pwanovi','pwanovi.david@madukauniversity.edu.ng','Gift','MU/23/0252','08012345678','NULL','2025-07-16 12:42:38','2025-09-13 08:42:43','student',0),(817,11,2,'MU/23/0585','Attama','Janefrances','janefrances.attama@madukauniversity.edu.ng','Onyinyechukwu','MU/23/0585','08012345678','NULL','2025-07-16 12:42:38','2025-09-13 08:42:43','student',0),(818,11,2,'MU/23/0171','Nnamani','hillary','nnamdi.hillary@madukauniversity.edu.ng','hillary','MU/23/0171','08012345678','NULL','2025-07-16 12:42:38','2025-09-13 08:42:43','student',0),(819,12,2,'MU/23/0208','William','Ameh','williams.ameh@madukauniversity.edu.ng','William','MU/23/0208','08012345678','NULL','2025-07-16 12:42:38','2025-09-13 08:42:43','student',0),(820,12,2,'MU/23/0207','ONYINYE','UGWUNSO','onyinye.ugwunso@madukauniversity.edu.ng','PRECIOUS','MU/23/0207','08012345678','NULL','2025-07-16 12:42:38','2025-09-13 08:42:43','student',0),(821,12,2,'MU/23/0206','UGBOR','PERPETUA','perpetua.ugbor@madukauniversity.edu.ng','CHISOM','MU/23/0206','08012345678','NULL','2025-07-16 12:42:38','2025-09-13 08:42:43','student',0),(822,12,2,'MU/23/0205','Okwudili','Favour','favour.okwudili@madukauniversity.edu.ng','Makuochukwu','MU/23/0205','08012345678','NULL','2025-07-16 12:42:38','2025-09-13 08:42:43','student',0),(823,12,2,'MU/23/0204','Oluchi','Ibe','oluchi.ibe@madukauniversity.edu.ng','Gift','MU/23/0204','08012345678','NULL','2025-07-16 12:42:38','2025-09-13 08:42:43','student',0),(824,12,2,'MU/23/0203','Dina','Esther','esther.dina@madukauniversity.edu.ng','Ibukunoluwa','MU/23/0203','08012345678','NULL','2025-07-16 12:42:38','2025-09-13 08:42:43','student',0),(825,12,2,'MU/23/0202','LOKO','ROSELINE','roseline.loko@madukauniversity.edu.ng','ININIFI','MU/23/0202','08012345678','NULL','2025-07-16 12:42:38','2025-09-13 08:42:43','student',0),(826,12,2,'MU/23/0200','Agbo','Hilda','hilda.agbo@madukauniversity.edu.ng','Ezichi','MU/23/0200','08012345678','NULL','2025-07-16 12:42:38','2025-09-13 08:42:43','student',0),(827,12,2,'MU/23/0504','Jennifer','Madu','nnenna.madu@madukauniversity.edu.ng','Nnenna','MU/23/0504','08012345678','NULL','2025-07-16 12:42:38','2025-09-13 08:42:43','student',0),(828,12,2,'MU/23/0545','Obieze','Benita','benita.obieze@madukauniversity.edu.ng','Chidiebele','MU/23/0545','08012345678','NULL','2025-07-16 12:42:38','2025-09-13 08:42:43','student',0),(829,12,2,'MU/23/0515','Uchechukwu','Divine Favour','divvine.uchechukwu@madukauniversity.edu.ng','Chikeremma','MU/23/0515','08012345678','NULL','2025-07-16 12:42:38','2025-09-13 08:42:43','student',0),(830,12,2,'MU/23/0224','OBASI','OLUEBUBE','maryann.obasi@madukauniversity.edu.ng','MARYANN','MU/23/0224','08012345678','NULL','2025-07-16 12:42:38','2025-09-13 08:42:43','student',0),(831,12,2,'MU/23/0217','UDEH','CHISOM','chrisom.udeh@madukauniverity.edu.ng','VICTORY','MU/23/0217','08012345678','NULL','2025-07-16 12:42:38','2025-09-13 08:42:43','student',0),(832,12,2,'MU/23/0220','UMEIZU','CHUKWUDALU','victor.umeizu@madukauniversity.edu.ng','VICTOR                            ','MU/23/0220','08012345678','NULL','2025-07-16 12:42:38','2025-09-13 08:42:43','student',0),(833,12,2,'MU/23/0223','ANGEL CHIDIOGO','NDUBUISI','angel.ndubuisi@madukauniversity.edu.ng','ANGEL','MU/23/0223','08012345678','NULL','2025-07-16 12:42:38','2025-09-13 08:42:43','student',0),(834,12,2,'MU/23/0213','Ozoeneh','Miracle','miracle.ozoeneh@madukauniversity.edu.ng','Miracle','MU/23/0213','08012345678','NULL','2025-07-16 12:42:38','2025-09-13 08:42:43','student',0),(835,12,2,'MU/23/0231','ABBA',' ECHE','wisdom.abba@madukauniversity.edu.ng','WISDOM','MU/23/0231','08012345678','NULL','2025-07-16 12:42:38','2025-09-13 08:42:43','student',0),(836,12,2,'MU/23/0211','IKEH','CHIDERA ','chidera.ike@madukauniversity.edu.ng','FAVOUR ','MU/23/0211','08012345678','NULL','2025-07-16 12:42:38','2025-09-13 08:42:43','student',0),(837,12,2,'MU/23/0567','Chinatu','John','john.chinatu@madukauniversity.edu.ng','Chizaram','MU/23/0567','08012345678','NULL','2025-07-16 12:42:38','2025-09-13 08:42:43','student',0),(838,12,2,'MU/23/0216','NNAMANI','EZINNE ','esther.nnamani@madukauniversity.edu.ng','ESTHER ','MU/23/0216','08012345678','NULL','2025-07-16 12:42:38','2025-09-13 08:42:43','student',0),(839,12,2,'MU/23/0235','CHUKWU ','OMALICHA ','omalicha.favour@madukauniversity.edu.ng','FAVOUR ','MU/23/0235','08012345678','NULL','2025-07-16 12:42:38','2025-09-13 08:42:43','student',0),(840,12,2,'MU/23/0225','ODOH','CHIDIMMA','chidimma.odoh@madukauniversity.edu.ng','IMMACULATA','MU/23/0225','08012345678','NULL','2025-07-16 12:42:38','2025-09-13 08:42:43','student',0),(841,12,2,'MU/23/0218','DIKE ','CHIHURUMNANYA','stephanie.dike@madukauniversity.edu.ng','STEPHANIE','MU/23/0218','08012345678','NULL','2025-07-16 12:42:38','2025-09-13 08:42:43','student',0),(842,12,2,'MU/23/0230','EZENMA','MMESOMA','mmesoma.ezenma@madukauniversity.edu.ng','BENEDICTA','MU/23/0230','08012345678','NULL','2025-07-16 12:42:38','2025-09-13 08:42:43','student',0),(843,12,2,'MU/23/0214','CHIMA','IKENNA','chima.ikenna@madukauniversity.edu.ng','FESTUS','MU/23/0214','08012345678','NULL','2025-07-16 12:42:38','2025-09-13 08:42:43','student',0),(844,12,2,'MU/23/0227','EMMAJOHN','IHUOMA','deborah.emmajohn@madukauniversity.edu.ng','DEBORAH','MU/23/0227','08012345678','NULL','2025-07-16 12:42:38','2025-09-13 08:42:43','student',0),(845,12,2,'MU/23/0228','OYEDIRAN','PRECIOUS','oyediranchristianah@madukauniversity.edu.ng','CHRISTIANAH','MU/23/0228','08012345678','NULL','2025-07-16 12:42:38','2025-09-13 08:42:43','student',0),(846,12,2,'MU/23/0215','CHILAKA','OKECHUKWU','chilaka.okechukwu@madukauniversity.edu.ng','VENITIUS ','MU/23/0215','08012345678','NULL','2025-07-16 12:42:39','2025-09-13 08:42:43','student',0),(847,12,2,'MU/23/0212','ODEY','EKALOWO','bridget.odey@madukauniversity.edu.ng','BRIDGET ','MU/23/0212','08012345678','NULL','2025-07-16 12:42:39','2025-09-13 08:42:43','student',0),(848,12,2,'MU/23/0221','AMBOSE-NNAJI','CHIEMEZIE','chiemezie.ambrose-nnaji@madukauniversity.edu.ng','CHIEMEZIE','MU/23/0221','08012345678','NULL','2025-07-16 12:42:39','2025-09-13 08:42:43','student',0),(849,12,2,'MU/23/0148','ONOH','NNENNA','onoh.nnenna@madukauniversity.edu.ng','LILIAN ','MU/23/0148','08012345678','NULL','2025-07-16 12:42:39','2025-09-13 08:42:43','student',0),(850,12,2,'MU/23/0219','EZEDE','IFEOMA','joy.ezede@madukauniversity.edu.ng','JOY','MU/23/0219','08012345678','NULL','2025-07-16 12:42:39','2025-09-13 08:42:43','student',0),(851,12,2,'MU/23/0476','OKEKEARU','UCHECHUKWU','uchechukwu.okekearu@madukauniversity.edu.ng','JENNIFER','MU/23/0476','08012345678','NULL','2025-07-16 12:42:39','2025-09-13 08:42:43','student',0),(852,12,2,'MU/23/0210','ADAYI','EWAOCHE','matthew.adayi@madukauniversity.edu.ng','MATTHEW','MU/23/0210','08012345678','NULL','2025-07-16 12:42:39','2025-09-13 08:42:43','student',0),(853,13,2,'MU/23/0481','OKPARA','VICTOR','okpara.victor@madukauniversity.edu.ng','CHIMDUKWU','MU/23/0481','08012345678','NULL','2025-07-16 12:42:39','2025-09-13 08:42:43','student',0),(854,13,2,'MU/23/0666','Chinaza','Chukwura','chinaza.chukwura@madukauniversity.edu.ng','Geraldine','MU/23/0666','08012345678','NULL','2025-07-16 12:42:39','2025-09-13 08:42:43','student',0),(855,13,2,'MU/23/0663','Oghenerouna','Victor','oghenerouna.ojameruaye@madukauniversity.edu.ng','Ojameruaye','MU/23/0663','08012345678','NULL','2025-07-16 12:42:39','2025-09-13 08:42:43','student',0),(856,13,2,'MU/23/0662','ANNABEL','ONUOHA','annabel.onuoha@madukauniversity.edu.ng','CHINWEMERI','MU/23/0662','08012345678','NULL','2025-07-16 12:42:39','2025-09-13 08:42:43','student',0),(857,13,2,'MU/23/0661','Asogwa','Emmanuella','mmesoma.asogwa@madukauniversity.edu.ng','Mmesoma','MU/23/0661','08012345678','NULL','2025-07-16 12:42:39','2025-09-13 08:42:43','student',0),(858,13,2,'MU/23/0660','Ujunwa','Nnaji','ujunwa.nnaji@madukauniversity.edu.ng','Esther','MU/23/0660','08012345678','NULL','2025-07-16 12:42:39','2025-09-13 08:42:43','student',0),(859,13,2,'MU/23/0659','CHIDERA','ASOGWA','chidera.asogwa@madukauniversity.edu.ng','EMMANUELLA','MU/23/0659','08012345678','NULL','2025-07-16 12:42:39','2025-09-13 08:42:43','student',0),(860,13,2,'MU/23/0658','FAVOUR','NDUKA','favour.nduka@madukauniversity.edu.ng','ADANNA','MU/23/0658','08012345678','NULL','2025-07-16 12:42:39','2025-09-13 08:42:43','student',0),(861,13,2,'MU/23/0657','okolo','otitodirichukwu','otitodirichukwu.okolo@madukauniversity.edu.ng','Deborah','MU/23/0657','08012345678','NULL','2025-07-16 12:42:39','2025-09-13 08:42:43','student',0),(862,13,2,'MU/23/0654','Precious','Okafor','precious.okafor@madukauniversity.edu.ng','Ebubechukwu','MU/23/0654','08012345678','NULL','2025-07-16 12:42:39','2025-09-13 08:42:43','student',0),(863,13,2,'MU/23/0653','Onyedikachukwu','Iroha','onyedikachukwu.iroha@madukauniversity.edu.ng','Michael','MU/23/0653','08012345678','NULL','2025-07-16 12:42:39','2025-09-13 08:42:43','student',0),(864,13,2,'MU/23/0652','Valentine','Omeje','valentine.omeje@madukauniversity.edu.ng','Chiedozie','MU/23/0652','08012345678','NULL','2025-07-16 12:42:39','2025-09-13 08:42:43','student',0),(865,13,2,'MU/23/0651','Precious','Obiora','precious.obiora@madukauniversity.edu.ng','Eziomume','MU/23/0651','08012345678','NULL','2025-07-16 12:42:39','2025-09-13 08:42:43','student',0),(866,13,2,'MU/23/0650','Chukwuemerie','Okoh','Chukwuemerie.okoh@madukauniversity.edu.ng','Jovial','MU/23/0650','08012345678','NULL','2025-07-16 12:42:39','2025-09-13 08:42:43','student',0),(867,13,2,'MU/23/0552','Michelle','Anikwe Joe','michelle.anikwe@madukauniversity.edu.ng','Chinenyenwa','MU/23/0552','08012345678','NULL','2025-07-16 12:42:39','2025-09-13 08:42:43','student',0),(868,13,2,'MU/23/0648','Ezeah','Emmanuel','chibuike.ezeah@madukauniversity.edu.ng','Chibuike','MU/23/0648','08012345678','NULL','2025-07-16 12:42:39','2025-09-13 08:42:43','student',0),(869,13,2,'MU/23/0647','Ujunwa','Asogwa','ujunwa.asogwa@madukauniversity.edu.ng','Paschaline','MU/23/0647','08012345678','NULL','2025-07-16 12:42:39','2025-09-13 08:42:43','student',0),(870,13,2,'MU/23/0644','Emmanuella','OKAFOR','kosisochukwu.okafor@madukauniversity.edu.ng','KOSISOCHUKWU','MU/23/0644','08012345678','NULL','2025-07-16 12:42:39','2025-09-13 08:42:43','student',0),(871,13,2,'MU/23/0643','Nancy','Isinwa','nancy.isinwa@madukauniversity.edu.ng','Chidera','MU/23/0643','08012345678','NULL','2025-07-16 12:42:39','2025-09-13 08:42:43','student',0),(872,13,2,'MU/23/0642','Happiness','Ogbulogo','happiness.ogbulogo@madukauniversity.edu.ng','Adaku','MU/23/0642','08012345678','NULL','2025-07-16 12:42:39','2025-09-13 08:42:43','student',0),(873,13,2,'MU/23/0641','CHIDERA','CHIJIOKE','silver.chijioke@madukauniversity.edu.ng','SILVER','MU/23/0641','08012345678','NULL','2025-07-16 12:42:39','2025-09-13 08:42:43','student',0),(874,13,2,'MU/23/0640','Emmanuel','Okoronkwo','emmanuel.okoronkwo@madukauniversity.edu.ng','Chukwuebuka','MU/23/0640','08012345678','NULL','2025-07-16 12:42:39','2025-09-13 08:42:43','student',0),(875,13,2,'MU/23/0639','Victory','Ogbu ','victory.ogbu@madukauniversity.edu.ng','Mmerichukwu','MU/23/0639','08012345678','NULL','2025-07-16 12:42:39','2025-09-13 08:42:43','student',0),(876,13,2,'MU/23/0637','Madonna','Nnanyere','madonna.nnanyere@madukauniversity.edu.ng','Chinonyerem','MU/23/0637','08012345678','NULL','2025-07-16 12:42:39','2025-09-13 08:42:43','student',0),(877,13,2,'MU/23/0636','Olaedo','Nwachukwu','olaedo.nwachukwu@madukauniversity.edu.ng','Faith','MU/23/0636','08012345678','NULL','2025-07-16 12:42:39','2025-09-13 08:42:43','student',0),(878,13,2,'MU/23/0635','EBUBE','CHIKE','ebube.chike@madukauniversity.edu.ng','CHIKE','MU/23/0635','08012345678','NULL','2025-07-16 12:42:39','2025-09-13 08:42:43','student',0),(879,13,2,'MU/23/0634','Favour','Anitche','favour.anitche@madukauniversity.edu.ng','Chinedu','MU/23/0634','08012345678','NULL','2025-07-16 12:42:39','2025-09-13 08:42:43','student',0),(880,13,2,'MU/23/0633','FAVOUR','AMOBI','favour.amobi@madukauniversity.edu.ng','ONYEDIKA','MU/23/0633','08012345678','NULL','2025-07-16 12:42:39','2025-09-13 08:42:43','student',0),(881,13,2,'MU/23/0632','CHIEMERIE','EZEKA','chiemerie.ezeka@madukauniversity.edu.ng','MERCY','MU/23/0632','08012345678','NULL','2025-07-16 12:42:39','2025-09-13 08:42:43','student',0),(882,13,2,'MU/23/0631','Ijeoma','Chukwu','ijeoma.chukwu@madukauniversity.edu.ng','Modupe','MU/23/0631','08012345678','NULL','2025-07-16 12:42:39','2025-09-13 08:42:43','student',0),(883,13,2,'MU/23/0630','MARYANN','NWACHUKWU','maryann.nwachukwu@madukauniversity.edu.ng','CHINAZA','MU/23/0630','08012345678','NULL','2025-07-16 12:42:39','2025-09-13 08:42:43','student',0),(884,13,2,'MU/23/0629','GLORY','CHUKWUDI','glory.chukwudi@madukauniversity.edu.ng','NMESOMA','MU/23/0629','08012345678','NULL','2025-07-16 12:42:39','2025-09-13 08:42:43','student',0),(885,13,2,'MU/23/0628','NWAKAEGO','AMAEFUNA','nwakaego.amaefuna@madukauniversity.edu.ng','MERCY','MU/23/0628','08012345678','NULL','2025-07-16 12:42:39','2025-09-13 08:42:43','student',0),(886,13,2,'MU/23/0627','SUNDAY','ODO','sunday.odo@madukauniversity.edu.ng','PRINCE','MU/23/0627','08012345678','NULL','2025-07-16 12:42:39','2025-09-13 08:42:43','student',0),(887,13,2,'MU/23/0626','Edwina','Akpan','edwina.akpan@madukauniversity.edu.ng','Aniefiok','MU/23/0626','08012345678','NULL','2025-07-16 12:42:39','2025-09-13 08:42:43','student',0),(888,13,2,'MU/23/0625','Destiny','Ogbonna','destiny.ogbonna@madukauniversity.edu.ng','Chihurumnanya','MU/23/0625','08012345678','NULL','2025-07-16 12:42:39','2025-09-13 08:42:43','student',0),(889,13,2,'MU/23/0624','MARY','ASOGWA','mary.asogwa@madukauniversity.edu.ng','NNEOMA','MU/23/0624','08012345678','NULL','2025-07-16 12:42:39','2025-09-13 08:42:43','student',0),(890,13,2,'MU/23/0623','Esther','Okonknwo','esther.okonkwo@madukauniversity.edu.ng','Oziomachukwu','MU/23/0623','08012345678','NULL','2025-07-16 12:42:39','2025-09-13 08:42:43','student',0),(891,13,2,'MU/23/0622','Paul','Annabel','annabel.paul@madukauniversity.edu.ng','Nmesoma','MU/23/0622','08012345678','NULL','2025-07-16 12:42:39','2025-09-13 08:42:43','student',0),(892,13,2,'MU/23/0621','Mmesoma','Ezekwe','mmesoma.ezekwe@madukauniversity.edu.ng','Ezekwe','MU/23/0621','08012345678','NULL','2025-07-16 12:42:39','2025-09-13 08:42:43','student',0),(893,13,2,'MU/23/0620','Sobechukwu','Nwokolo','evan.nwokolo@madukauniversity.edu.ng','Evan','MU/23/0620','08012345678','NULL','2025-07-16 12:42:39','2025-09-13 08:42:43','student',0),(894,13,2,'MU/23/0619','PRECIOUS','NMOR','precious.nmor@madukauniversity.edu.ng','NWAKAEGO','MU/23/0619','08012345678','NULL','2025-07-16 12:42:39','2025-09-13 08:42:43','student',0),(895,13,2,'MU/23/0618','Chibueze','Nnadi','emmanuel.nnadi@madukauniversity.edu.ng','Emmanuel','MU/23/0618','08012345678','NULL','2025-07-16 12:42:39','2025-09-13 08:42:43','student',0),(896,13,2,'MU/23/0617','samuel','ugochukwu','samuel.ugochukwu@madukauniversity.edu.ng','chigweyaru','MU/23/0617','08012345678','NULL','2025-07-16 12:42:39','2025-09-13 08:42:43','student',0),(897,13,2,'MU/23/0616','Goodness','Chukwudalu','goodness.onyebuchi@madukauniversity.edu.ng','Onyebuchi','MU/23/0616','08012345678','NULL','2025-07-16 12:42:39','2025-09-13 08:42:43','student',0),(898,13,2,'MU/23/0615','KAMDILI','UZOWULU','kamdili.uzowulu@madukauniversity.edu.ng','STEPHANIE','MU/23/0615','08012345678','NULL','2025-07-16 12:42:39','2025-09-13 08:42:43','student',0),(899,13,2,'MU/23/0614','Malife','Somtochukwu','somtochukwu.malife@madukauniversity.edu.ng','Cynthia','MU/23/0614','08012345678','NULL','2025-07-16 12:42:39','2025-09-13 08:42:43','student',0),(900,13,2,'MU/23/0613','Ukala','Maryjane','maryjane.ukala@madukauniversity.edu.ng','Ijeoma','MU/23/0613','08012345678','NULL','2025-07-16 12:42:39','2025-09-13 08:42:43','student',0),(901,13,2,'MU/23/0612','Emmanuel','Ezioma','emmanuel.ezioma@madukauniversity.edu.ng','Caesar','MU/23/0612','08012345678','NULL','2025-07-16 12:42:39','2025-09-13 08:42:43','student',0),(902,13,2,'MU/23/0611','Chioma','Okpala','chioma.okpala@madukauniversity.edu.ng','Jennifer','MU/23/0611','08012345678','NULL','2025-07-16 12:42:39','2025-09-13 08:42:43','student',0),(903,13,2,'MU/23/0610','PERPETUAL','ANYA','perpetual.anya@madukauniversity.edu.ng','Ogechukwu','MU/23/0610','08012345678','NULL','2025-07-16 12:42:39','2025-09-13 08:42:43','student',0),(904,13,2,'MU/23/0609','Joyce','Ereaku','joyce.ereaku@madukauniversity.edu.ng','Onyinyechi','MU/23/0609','08012345678','NULL','2025-07-16 12:42:39','2025-09-13 08:42:43','student',0),(905,13,2,'MU/23/0608','ZITA','EBOH','zita.eboh@madukauniversity.edu.ng','CHINECHEREM','MU/23/0608','08012345678','NULL','2025-07-16 12:42:39','2025-09-13 08:42:43','student',0),(906,13,2,'MU/23/0607','Victory','Ogbodo','victory.ogbodo@madukauniversity.edu.ng','Chisimdi','MU/23/0607','08012345678','NULL','2025-07-16 12:42:39','2025-09-13 08:42:43','student',0),(907,13,2,'MU/23/0606','Saint','Omodiagbe','saint.omodiagbe@madukauniversity.edu.ng','Efua','MU/23/0606','08012345678','NULL','2025-07-16 12:42:39','2025-09-13 08:42:43','student',0),(908,13,2,'MU/23/0605','Ebube','Ndukwe','ebube.ndukwe@madukauniversity.edu.ng','Answer','MU/23/0605','08012345678','NULL','2025-07-16 12:42:39','2025-09-13 08:42:43','student',0),(909,13,2,'MU/23/0604','Chidera','Obule','chidera.obule@madukauniversity.edu.ng','Prince-kennedy','MU/23/0604','08012345678','NULL','2025-07-16 12:42:39','2025-09-13 08:42:43','student',0),(910,13,2,'MU/23/0603','BRIGHT','UDEH','bright.udeh@madukauniversity.edu.ng','UDEH','MU/23/0603','08012345678','NULL','2025-07-16 12:42:39','2025-09-13 08:42:43','student',0),(911,13,2,'MU/23/0602','Ijeoma','Ibekwe','ijeoma.ibekwe@madukauniversity.edu.ng','Nmesoma','MU/23/0602','08012345678','NULL','2025-07-16 12:42:39','2025-09-13 08:42:43','student',0),(912,13,2,'MU/23/0601','Rita','Muojiokwu','rita.muojiokwu@madukauniversity.edu.ng','Udoka','MU/23/0601','08012345678','NULL','2025-07-16 12:42:39','2025-09-13 08:42:43','student',0),(913,13,2,'MU/23/0600','Praise','Akabuo','praise.akabuo@madukauniversity.edu.ng','Chinemerem','MU/23/0600','08012345678','NULL','2025-07-16 12:42:39','2025-09-13 08:42:43','student',0),(914,13,2,'MU/23/0598','Alice','Igoche','alice.igoche@madukauniversity.edu.ng','Aladi','MU/23/0598','08012345678','NULL','2025-07-16 12:42:39','2025-09-13 08:42:43','student',0),(915,13,2,'MU/23/0597','Toluwani','Ajisegiri','toluwani.ajisegiri@madukauniversity.edu.ng','Promise','MU/23/0597','08012345678','NULL','2025-07-16 12:42:39','2025-09-13 08:42:43','student',0),(916,13,2,'MU/23/0596','Peace','Duru','peace.duru@madukauniversity.edu.ng','Chikadibia','MU/23/0596','08012345678','NULL','2025-07-16 12:42:39','2025-09-13 08:42:43','student',0),(917,13,2,'MU/23/0595','Princess','Arowosola','princess.mofeoluwa@madukauniversity.edu.ng','Mofeoluwa','MU/23/0595','08012345678','NULL','2025-07-16 12:42:39','2025-09-13 08:42:43','student',0),(918,13,2,'MU/23/0594','FAVOUR','ENEMCHUKWU','favour.enemchukwu@madukauniversity.edu.ng','CHIAMAKA','MU/23/0594','08012345678','NULL','2025-07-16 12:42:39','2025-09-13 08:42:43','student',0),(919,13,2,'MU/23/0593','Nnaji','Samuel','onyekwere.nnaji@madukauniversity.edu.ng','Onyekwere','MU/23/0593','08012345678','NULL','2025-07-16 12:42:39','2025-09-13 08:42:43','student',0),(920,13,2,'MU/23/0592','Favour','Iloabuchi','favour.iloabuchi@madukauniversity.edu.ng','Chinemerem','MU/23/0592','08012345678','NULL','2025-07-16 12:42:39','2025-09-13 08:42:43','student',0),(921,13,2,'MU/23/0591','Benedick','Daniel','daniel.benedick@madukauniversity.edu.ng','Ogaranya','MU/23/0591','08012345678','NULL','2025-07-16 12:42:39','2025-09-13 08:42:43','student',0),(922,13,2,'MU/23/0590','Chizitere','Njoku-Ibe','chizitere.njoku-ibe@madukauniversity.edu.ng','Fiona','MU/23/0590','08012345678','NULL','2025-07-16 12:42:39','2025-09-13 08:42:43','student',0),(923,13,2,'MU/23/0589','JESSICA','EMERIBE','jessica.emeribe@madukauniversity.edu.ng','CHINAZA','MU/23/0589','08012345678','NULL','2025-07-16 12:42:39','2025-09-13 08:42:43','student',0),(924,13,2,'MU/23/0588','Jesururo','Oghoverhere','jesururo.oghouerhere@madukauniversity.edu.ng','Melody','MU/23/0588','08012345678','NULL','2025-07-16 12:42:39','2025-09-13 08:42:43','student',0),(925,13,2,'MU/23/0587','Jessica','Abattam','jessica.abattam@madukauniversity.edu.ng','Udoka','MU/23/0587','08012345678','NULL','2025-07-16 12:42:39','2025-09-13 08:42:43','student',0),(926,13,2,'MU/23/0586','SOBECHUKWU','OKEREKE','sobechukwu.okereke@madukauniversity.edu.ng','PEACE','MU/23/0586','08012345678','NULL','2025-07-16 12:42:39','2025-09-13 08:42:43','student',0),(927,13,2,'MU/23/0583','Minny','Ndom','minny.ndom@madukauniversity.edu.ng','Jordanelle','MU/23/0583','08012345678','NULL','2025-07-16 12:42:39','2025-09-13 08:42:43','student',0),(928,13,2,'MU/23/0582','Desire','Ogedegbe','desire.ogedegbe@madukauniversity.edu.ng','Osato','MU/23/0582','08012345678','NULL','2025-07-16 12:42:39','2025-09-13 08:42:43','student',0),(929,13,2,'MU/23/0581','Sandra','Ogwuche','sandra.ogwuche@madukauniversity.edu.ng','Ogechi','MU/23/0581','08012345678','NULL','2025-07-16 12:42:39','2025-09-13 08:42:43','student',0),(930,13,2,'MU/23/0580','Precious','Adegbite','precious.adegbite@madukauniversity.edu.ng','Adebisi','MU/23/0580','08012345678','NULL','2025-07-16 12:42:39','2025-09-13 08:42:43','student',0),(931,13,2,'MU/23/0579','Rejoice','Olokpa','rejoice.olokpa@madukauniversity.edu.ng','Oghenekevwe','MU/23/0579','08012345678','NULL','2025-07-16 12:42:39','2025-09-13 08:42:43','student',0),(932,13,2,'MU/23/0578','Ifeanyi','Victor','victor.onah@madukauniversity.edu.ng','Onah','MU/23/0578','08012345678','NULL','2025-07-16 12:42:39','2025-09-13 08:42:43','student',0),(933,13,2,'MU/23/0577','Eniola','Akinwande','eniola.akinwande@madukauniversity.edu.ng','Iyanuoluwa','MU/23/0577','08012345678','NULL','2025-07-16 12:42:39','2025-09-13 08:42:43','student',0),(934,13,2,'MU/23/0576','Jessica','Ezenekwe','jessica.ezenekwe@madukauniversity.edu.ng','Isioma','MU/23/0576','08012345678','NULL','2025-07-16 12:42:39','2025-09-13 08:42:43','student',0),(935,13,2,'MU/23/0575','Confidence','Igben','confidence.igben@madukauniversity.edu.ng','Adesua','MU/23/0575','08012345678','NULL','2025-07-16 12:42:39','2025-09-13 08:42:43','student',0),(936,13,2,'MU/23/0574','Nkemelu','Chioma','chioma.nkemelu@madukauniversity.edu.ng','Favour','MU/23/0574','08012345678','NULL','2025-07-16 12:42:39','2025-09-13 08:42:43','student',0),(937,13,2,'MU/23/0573','Nissi','Ahuose','nissi.imogirie@madukauniversity.edu.ng','Imogirie','MU/23/0573','08012345678','NULL','2025-07-16 12:42:39','2025-09-13 08:42:43','student',0),(938,13,2,'MU/23/0572','Enemuo','Chinecherem','chinecherem.enemuo@madukauniversity.edu.ng','Kenneth','MU/23/0572','08012345678','NULL','2025-07-16 12:42:39','2025-09-13 08:42:43','student',0),(939,13,2,'MU/23/0571','EPHRAIM','OMEKE','ephraim.omeke@madukauniversity.edu.ng','OLUCHUKWU','MU/23/0571','08012345678','NULL','2025-07-16 12:42:39','2025-09-13 08:42:43','student',0),(940,13,2,'MU/23/0570','Ihechi','Igbani','ihechi.igbani@madukauniversity.edu.ng','Akuabata','MU/23/0570','08012345678','NULL','2025-07-16 12:42:39','2025-09-13 08:42:43','student',0),(941,13,2,'MU/23/0569','Iwuanyanwu','Chinaza','olive.iwuanyanwu@madukauniversity.edu.ng','Olive','MU/23/0569','08012345678','NULL','2025-07-16 12:42:39','2025-09-13 08:42:43','student',0),(942,13,2,'MU/23/0568','DEMILADE','ADEBUSUYI','demilade.adebusuyi@madukauniversity.edu.ng','Esther','MU/23/0568','08012345678','NULL','2025-07-16 12:42:39','2025-09-13 08:42:43','student',0),(943,13,2,'MU/23/0566','MARY','JATAU','mary.jatau@madukauniversity.edu.ng','PHILIP','MU/23/0566','08012345678','NULL','2025-07-16 12:42:39','2025-09-13 08:42:43','student',0),(944,13,2,'MU/23/0565','Omuvwie','Onome','onome.omuvwie@madukauniversity.edu.ng','Mabel','MU/23/0565','08012345678','NULL','2025-07-16 12:42:39','2025-09-13 08:42:43','student',0),(945,13,2,'MU/23/0564','PEACE','OKPARA','peace.okpara@madukauniversity.edu.ng','ONYINYECHUKWU','MU/23/0564','08012345678','NULL','2025-07-16 12:42:39','2025-09-13 08:42:43','student',0),(946,13,2,'MU/23/0563','Precious','Ojonugwa','precious.ojonugwa@madukauniversity.edu.ng','Ojone','MU/23/0563','08012345678','NULL','2025-07-16 12:42:40','2025-09-13 08:42:43','student',0),(947,13,2,'MU/23/0562','Maryjane','Odo','maryjane.odo@madukauniversity.edu.ng','Nmesoma','MU/23/0562','08012345678','NULL','2025-07-16 12:42:40','2025-09-13 08:42:43','student',0),(948,13,2,'MU/23/0561','Nancy','Uduma','nancy.uduma@madukauniversity.edu.ng','Chiemela','MU/23/0561','08012345678','NULL','2025-07-16 12:42:40','2025-09-13 08:42:43','student',0),(949,13,2,'MU/23/0560','Samuel','Babarere','samuel.babarere@madukauniversity.edu.ng','Oluwashina','MU/23/0560','08012345678','NULL','2025-07-16 12:42:40','2025-09-13 08:42:43','student',0),(950,13,2,'MU/23/0559','AMBLESSED','NNAKWE','amblessed.nnakwe@madukauniversity.edu.ng','CHIAMAKA','MU/23/0559','08012345678','NULL','2025-07-16 12:42:40','2025-09-13 08:42:43','student',0),(951,13,2,'MU/23/0557','Ekenechukwu','Odikaesieme','ekene.odikaesieme@madukauniversity.edu.ng','Mary Anthony','MU/23/0557','08012345678','NULL','2025-07-16 12:42:40','2025-09-13 08:42:43','student',0),(952,13,2,'MU/23/0556','Millicent','Okonkwo','millicent.okonkwo@madukauniversity.edu.ng','Ngozi','MU/23/0556','08012345678','NULL','2025-07-16 12:42:40','2025-09-13 08:42:43','student',0),(953,13,2,'MU/23/0555','Onyinyechi','Linus','onyinyechi.linus@madukauniversity.edu.ng','Gloria','MU/23/0555','08012345678','NULL','2025-07-16 12:42:40','2025-09-13 08:42:43','student',0),(954,13,2,'MU/23/0554','MARVELLOUS','BASSEY','marvellous.bassey@madukauniversity.edu.ng','UTIBE','MU/23/0554','08012345678','NULL','2025-07-16 12:42:40','2025-09-13 08:42:43','student',0),(955,13,2,'MU/23/0551','MIRABEL','CHUKWUJEKWU','chinenye.chukwuyekwu@madukauniversity.edu.ng','CHINENYE ','MU/23/0551','08012345678','NULL','2025-07-16 12:42:40','2025-09-13 08:42:43','student',0),(956,13,2,'MU/23/0550','Nworu','Onyinyechi','onyinyechi.nworu@madukauniversity.edu.ng','Nwankwo','MU/23/0550','08012345678','NULL','2025-07-16 12:42:40','2025-09-13 08:42:43','student',0),(957,13,2,'MU/23/0549','Chiamaka','Agu','chiamaka.agu@madukauniversity.edu.ng','Anastesia','MU/23/0549','08012345678','NULL','2025-07-16 12:42:40','2025-09-13 08:42:43','student',0),(958,13,2,'MU/23/0548','PRECIOUS','OSUOHA','precious.osuoha@madukauniversity.edu.ng','CHINEMEREM','MU/23/0548','08012345678','NULL','2025-07-16 12:42:40','2025-09-13 08:42:43','student',0),(959,13,2,'MU/23/0547','Ogechi','Okwamma','ogechi.okwamma@madukauniversity.edu.ng','Glory','MU/23/0547','08012345678','NULL','2025-07-16 12:42:40','2025-09-13 08:42:43','student',0),(960,13,2,'MU/23/0546','CHINWEKENE','EZE','chinwekene.eze@madukauniversity.edu.ng','MARYANN','MU/23/0546','08012345678','NULL','2025-07-16 12:42:40','2025-09-13 08:42:43','student',0),(961,13,2,'MU/23/0544','CYNTHIA','UGWU','cynthia.ugwu@madukauniversity.edu.ng','UGWU','MU/23/0544','08012345678','NULL','2025-07-16 12:42:40','2025-09-13 08:42:43','student',0),(962,13,2,'MU/23/0543','Bright','Okorocha','bright.okorocha@madukauniversity.edu.ng','Uzoma','MU/23/0543','08012345678','NULL','2025-07-16 12:42:40','2025-09-13 08:42:43','student',0),(963,13,2,'MU/23/0542','Nnyaba','Abiodun','munachimso.nnyaba@madukauniversity.edu.ng','Munachimso','MU/23/0542','08012345678','NULL','2025-07-16 12:42:40','2025-09-13 08:42:43','student',0),(964,13,2,'MU/23/0541','Nancy','Okonkwo','nancy.okonkwo@madukauniversity.edu.ng','Mmesoma','MU/23/0541','08012345678','NULL','2025-07-16 12:42:40','2025-09-13 08:42:43','student',0),(965,13,2,'MU/23/0540','Adaobi','Okwuosa','adaobi.okwuosa@madukauniversity.edu.ng','Shekinaglory','MU/23/0540','08012345678','NULL','2025-07-16 12:42:40','2025-09-13 08:42:43','student',0),(966,13,2,'MU/23/0538','Joan','Aikhuele','joan.aikhuele@madukauniversity.edu.ng','Aikhuele','MU/23/0538','08012345678','NULL','2025-07-16 12:42:40','2025-09-13 08:42:43','student',0),(967,13,2,'MU/23/0537','Itoro','Joseph','itoro.joseph@madukauniversity.edu.ng','Kelechi','MU/23/0537','08012345678','NULL','2025-07-16 12:42:40','2025-09-13 08:42:43','student',0),(968,13,2,'MU/23/0536','Queen','Mathew','queen.mathew@madukauniversity.edu.ng','Ori','MU/23/0536','08012345678','NULL','2025-07-16 12:42:40','2025-09-13 08:42:43','student',0),(969,13,2,'MU/23/0535','amarachi','Sunday','amarachi.sunday@madukauniversity.edu.ng','Nancy','MU/23/0535','08012345678','NULL','2025-07-16 12:42:40','2025-09-13 08:42:43','student',0),(970,13,2,'MU/23/0534','Ugwu','Jessica','jessica.ugwu@madukauniversity.edu.ng','Ezinne','MU/23/0534','08012345678','NULL','2025-07-16 12:42:40','2025-09-13 08:42:43','student',0),(971,13,2,'MU/23/0533','DIVINE','EMMANUEL','divine.emmanuel@madukauniversity.edu.ng','Joy','MU/23/0533','08012345678','NULL','2025-07-16 12:42:40','2025-09-13 08:42:43','student',0),(972,13,2,'MU/23/0532','Miracle','Ugwuanyi','miracle.ugwuanyi@madukauniversity.edu.ng','Ebube','MU/23/0532','08012345678','NULL','2025-07-16 12:42:40','2025-09-13 08:42:43','student',0),(973,13,2,'MU/23/0530','Faith','Akam','faith.akam@madukauniversity.edu.ng','Chidera','MU/23/0530','08012345678','NULL','2025-07-16 12:42:40','2025-09-13 08:42:43','student',0),(974,13,2,'MU/23/0529','Favour','Uche','favour.uche@madukauniversity.edu.ng','Ifeanyichukwu','MU/23/0529','08012345678','NULL','2025-07-16 12:42:40','2025-09-13 08:42:43','student',0),(975,13,2,'MU/23/0527','Makuochukwu','Anyaorah','makuochukwu.anyaorah@madukauniversity.edu.ng','Favour oluchi','MU/23/0527','08012345678','NULL','2025-07-16 12:42:40','2025-09-13 08:42:43','student',0),(976,13,2,'MU/23/0524','Chidera','Bernard','bernard.chiemenem@madukauniversity.edu.ng','Chiemenem','MU/23/0524','08012345678','NULL','2025-07-16 12:42:40','2025-09-13 08:42:43','student',0),(977,13,2,'MU/23/0523','Ezeh','Kosisochukwu','precious.ezeh@madukauniversity.edu.ng','precious','MU/23/0523','08012345678','NULL','2025-07-16 12:42:40','2025-09-13 08:42:43','student',0),(978,13,2,'MU/23/0522','Adaeze','THOMAS','adaeze.thomas@madukauniversity.edu.ng','ESTHER','MU/23/0522','08012345678','NULL','2025-07-16 12:42:40','2025-09-13 08:42:43','student',0),(979,13,2,'MU/23/0521','CYNTHIA','UDE','cynthia.ude@madukauniversity.edu.ng','CHINWEOKE','MU/23/0521','08012345678','NULL','2025-07-16 12:42:40','2025-09-13 08:42:43','student',0),(980,13,2,'MU/23/0520','FRANCES','ANYADIKE','frances.anyadike@madukauniversity.edu.ng','CHIGOZIRIM','MU/23/0520','08012345678','NULL','2025-07-16 12:42:40','2025-09-13 08:42:43','student',0),(981,13,2,'MU/23/0519','Chidimma','Akabunwa','chidimma.akabunwa@madukauniversity.edu.ng','Divine Favour','MU/23/0519','08012345678','NULL','2025-07-16 12:42:40','2025-09-13 08:42:43','student',0),(982,13,2,'MU/23/0517','Deborah','Anaelechi','deborah.anaelechi@madukauniversity.edu.ng','Chiehiura','MU/23/0517','08012345678','NULL','2025-07-16 12:42:40','2025-09-13 08:42:43','student',0),(983,13,2,'MU/23/0584','Precious','Edeh','precious.edeh@madukauniversity.edu.ng','Ogechukwu','MU/23/0584','08012345678','NULL','2025-07-16 12:42:40','2025-09-13 08:42:43','student',0),(984,13,2,'MU/23/0514','Precious','Erege','precious.erege@madukauniversity.edu.ng','Udochukwu','MU/23/0514','08012345678','NULL','2025-07-16 12:42:40','2025-09-13 08:42:43','student',0),(985,13,2,'MU/23/0513','CHIAMAKA','EJEABUKWA','chiamaka.ejeabukwa@madukauniversity.edu.ng','MERIT','MU/23/0513','08012345678','NULL','2025-07-16 12:42:40','2025-09-13 08:42:43','student',0),(986,13,2,'MU/23/0512','Obioma','Ugwueze','obioma.ugwueze@madukauniversity.edu.ng','Ukamaka','MU/23/0512','08012345678','NULL','2025-07-16 12:42:40','2025-09-13 08:42:43','student',0),(987,13,2,'MU/23/0511','AWELE','CHUKWUEMEKE','awele.chukwuemeke@madukauniversity.edu.ng','REJOICE','MU/23/0511','08012345678','NULL','2025-07-16 12:42:40','2025-09-13 08:42:43','student',0),(988,13,2,'MU/23/0510','Nmesoma','Ogamba','nmesoma.ogamba@madukauniversity.edu.ng','Geraldine','MU/23/0510','08012345678','','2025-07-16 12:42:40','2025-09-13 08:42:43','student',0),(989,13,2,'MU/23/0509','CHINAZA','OZOKECHI','chinaza.ozokechi@madukauniversity.edu.ng','EMMANUELLA','MU/23/0509','08012345678','NULL','2025-07-16 12:42:40','2025-09-13 08:42:43','student',0),(990,13,2,'MU/23/0508','CHIOMA','CHINWUKO','chioma.chinwuko@madukauniversity.edu.ng','JOY','MU/23/0508','08012345678','NULL','2025-07-16 12:42:40','2025-09-13 08:42:43','student',0),(991,13,2,'MU/23/0507','Chiamaka','Eze','chiamaka.eze@madukauniversity.edu.ng','Emmanuella','MU/23/0507','08012345678','NULL','2025-07-16 12:42:40','2025-09-13 08:42:43','student',0),(992,13,2,'MU/23/0506','Faithful','Chima','odichimike.chima@madukauniversity.edu.ng','Odichimike','MU/23/0506','08012345678','NULL','2025-07-16 12:42:40','2025-09-13 08:42:43','student',0),(993,13,2,'MU/23/0505','Imoiseme','Odion','imoiseme.odion@madukauniversity.edu.ng','Abigail','MU/23/0505','08012345678','NULL','2025-07-16 12:42:40','2025-09-13 08:42:43','student',0),(994,13,2,'MU/23/0502','JOYCE','OGBU','joyce.ogbu@madukauniversity.edu.ng','CHIAMAKA','MU/23/0502','08012345678','NULL','2025-07-16 12:42:40','2025-09-13 08:42:43','student',0),(995,13,2,'MU/23/O501','Covenant','Aigbe-oven','covenant.aigbe-ovenlwinosa@madukauniversity.edu.ng','iwinosa','MU/23/O501','08012345678','NULL','2025-07-16 12:42:40','2025-09-13 08:42:43','student',0),(996,13,2,'MU/23/0500','JOYCEE','EDEH','joycee.edeh@madukauniversity.edu.ng','OLUCHI','MU/23/0500','08012345678','NULL','2025-07-16 12:42:40','2025-09-13 08:42:43','student',0),(997,13,2,'MU/23/0499','Nafisatu','Sani','nafisatu.sani@madukauniversity.edu.ng','Greatness','MU/23/0499','08012345678','NULL','2025-07-16 12:42:40','2025-09-13 08:42:43','student',0),(998,13,2,'MU/23/0498','Clarine','Mmadu','clarine.mmadu@madukauniversity.edu.ng','Chidimma','MU/23/0498','08012345678','NULL','2025-07-16 12:42:40','2025-09-13 08:42:43','student',0),(999,13,2,'MU/23/0497','JOSEPHINE','BASSEY','josephine.bassey@madukauniversity.edu.ng','EDET','MU/23/0497','08012345678','NULL','2025-07-16 12:42:40','2025-09-13 08:42:43','student',0),(1000,13,2,'MU/23/0496','Faith','Obiabo','faith.obiabo@madukauniversity.edu.ng','Igbe','MU/23/0496','08012345678','NULL','2025-07-16 12:42:40','2025-09-13 08:42:43','student',0),(1001,13,2,'MU/23/0495','Natasha','Aikhuele','natasha.aikhuele@madukauniversity.edu.ng','Ejashahagie','MU/23/0495','08012345678','NULL','2025-07-16 12:42:40','2025-09-13 08:42:43','student',0),(1002,13,2,'MU/23/0494','BEST','ODIPE','best.odipe@madukauniversity.edu.ng','OPEYEMI','MU/23/0494','08012345678','NULL','2025-07-16 12:42:40','2025-09-13 08:42:43','student',0),(1003,13,2,'MU/23/0493','WINNER','OMALE','enoche.omale@madukauniversity.edu.ng','ENOCHE','MU/23/0493','08012345678','NULL','2025-07-16 12:42:40','2025-09-13 08:42:43','student',0),(1004,13,2,'MU/23/0492','Marvellous','Obinna','marvelous.obinna@madukauniversity.edu.ng','Ijeoma','MU/23/0492','08012345678','NULL','2025-07-16 12:42:40','2025-09-13 08:42:43','student',0),(1005,13,2,'MU/23/O491','Princess','Akpe','ada.akpe@madukauniversity.edu.ng','Ada','MU/23/O491','08012345678','NULL','2025-07-16 12:42:40','2025-09-13 08:42:43','student',0),(1006,13,2,'MU/23/0490','Eneje','Ann','ijeamasi.eneje@madukauniversity.edu.ng','Ijeamasi','MU/23/0490','08012345678','NULL','2025-07-16 12:42:40','2025-09-13 08:42:43','student',0),(1007,13,2,'MU/23/0489','Victory','Chukwu','victory.chukwu@madukauniversity.edu.ng','Chukwuasoka','MU/23/0489','08012345678','NULL','2025-07-16 12:42:40','2025-09-13 08:42:43','student',0),(1008,13,2,'MU/23/0488','Ifeanyi ogodo','onyedikachi','sarah.ifeanyi-ogodo@madukauniversity.edu.ng','sarah','MU/23/0488','08012345678','NULL','2025-07-16 12:42:40','2025-09-13 08:42:43','student',0),(1009,13,2,'MU/23/0487','Jessica','Onyeneke','jessica.onyeneke@madukauniversity.edu.ng','Ezinne','MU/23/0487','08012345678','NULL','2025-07-16 12:42:40','2025-09-13 08:42:43','student',0),(1010,13,2,'MU/23/0486','CHIAMAKA','BRENDAN','chiamaka.brendan@madukauniversity.edu.ng','GIFT','MU/23/0486','08012345678','NULL','2025-07-16 12:42:40','2025-09-13 08:42:43','student',0),(1011,13,2,'MU/23/0485','RACHAEL','OKERINDE','rachael.okerinde@madukauniversity.edu.ng','ODUNAYO','MU/23/0485','08012345678','NULL','2025-07-16 12:42:40','2025-09-13 08:42:43','student',0),(1012,13,2,'MU/23/0484','Emitayo','Oshioreamhe','emitayo.oshioreamhe@madukauniversity.edu.ng','Enobong','MU/23/0484','08012345678','NULL','2025-07-16 12:42:40','2025-09-13 08:42:43','student',0),(1013,13,2,'MU/23/0483','KOSISOCHUKWU','ANUMBA','kosisochukwu.anumba@madukauniversity.edu.ng','MIRACLE','MU/23/0483','08012345678','NULL','2025-07-16 12:42:40','2025-09-13 08:42:43','student',0),(1014,13,2,'MU/23/0482','Prisca','Odoemena','ngozika.odoemena@madukauniversity.edu.ng','Ngozika','MU/23/0482','08012345678','NULL','2025-07-16 12:42:40','2025-09-13 08:42:43','student',0),(1015,13,2,'MU/23/0480','HELLEN','UKWUEZE','hellen.ukwueze@madukauniversity.edu.ng','CHIDIMMA','MU/23/0480','08012345678','NULL','2025-07-16 12:42:40','2025-09-13 08:42:43','student',0),(1016,13,2,'MU/23/0478','Ajiboye','Hannah','oluwasemilore.ajiboye@madukauniversity.edu.ng','Oluwasemilore','MU/23/0478','08012345678','NULL','2025-07-16 12:42:40','2025-09-13 08:42:43','student',0),(1017,13,2,'MU/23/0477','KOSISOCHUKWU','AKASIONYE','kosisochukwu.akasionye@madukauniversity.edu.ng','ESTHER','MU/23/0477','08012345678','NULL','2025-07-16 12:42:40','2025-09-13 08:42:43','student',0),(1018,13,2,'MU/23/0475','CONFIDENCE','NGOZI','confidence.ngozi@madukauniversity.edu.ng','CHIZARAM','MU/23/0475','08012345678','NULL','2025-07-16 12:42:40','2025-09-13 08:42:43','student',0),(1019,13,2,'MU/23/0474','Onyinyechi','Onuigwe','onyinyechi.onuigwe@madukauniversity.edu.ng','Assumpta','MU/23/0474','08012345678','NULL','2025-07-16 12:42:40','2025-09-13 08:42:43','student',0),(1020,13,2,'MU/23/0473','PROMISE','AKO','promise.ako@madukauniversity.edu.ng','CHIOMA','MU/23/0473','08012345678','NULL','2025-07-16 12:42:40','2025-09-13 08:42:43','student',0),(1021,13,2,'MU/23/0472','Onyetu','Chiamaka','chiamaka.onyetu@madukauniversity.edu.ng','Rita','MU/23/0472','08012345678','NULL','2025-07-16 12:42:40','2025-09-13 08:42:43','student',0),(1022,13,2,'MU/23/0471','Aliko','Odu','roseline.aliko@madukauniversity.edu.ng','Roseline','MU/23/0471','08012345678','NULL','2025-07-16 12:42:40','2025-09-13 08:42:43','student',0),(1023,13,2,'MU/23/0470','IFEOMA','AJAGU','ifeoma.ajagu@madukauniversity.edu.ng','JOY','MU/23/0470','08012345678','NULL','2025-07-16 12:42:40','2025-09-13 08:42:43','student',0),(1024,13,2,'MU/23/0469','OGOCHUKWU','NNAMANI','emylian.nnamani@madukauniversity.edu.ng','EMYLIAN','MU/23/0469','08012345678','NULL','2025-07-16 12:42:40','2025-09-13 08:42:43','student',0),(1025,13,2,'MU/23/0467','Ikechukwu','Promise','promise.ikechukwu@madukauniversity.edu.ng','Chinemerem','MU/23/0467','08012345678','NULL','2025-07-16 12:42:40','2025-09-13 08:42:43','student',0),(1026,13,2,'MU/23/0466','REJOICE','DOMINIC','rejoice.dominic@madukauniversity.edu.ng','IHUNANYACHI','MU/23/0466','08012345678','NULL','2025-07-16 12:42:40','2025-09-13 08:42:43','student',0),(1027,13,2,'MU/23/0465','Chidinma','Ugwu','chidinma.ugwu@madukauniversity.edu.ng','Roseline','MU/23/0465','08012345678','NULL','2025-07-16 12:42:40','2025-09-13 08:42:43','student',0),(1028,13,2,'MU/23/0464','Calista','Nwosu','calista.nwosu@madukauniversity.edu.ng','Chinasa','MU/23/0464','08012345678','NULL','2025-07-16 12:42:40','2025-09-13 08:42:43','student',0),(1029,13,2,'MU/23/0463','Loveth','Ugwuanyi','loveth.ugwuanyi@madukauniversity.edu.ng','Ogechi','MU/23/0463','08012345678','NULL','2025-07-16 12:42:40','2025-09-13 08:42:43','student',0),(1030,13,2,'MU/23/0462','Rejoice','Ukaegbu','rejoice.ukaegbu@madukauniversity.edu.ng','Chiamaka','MU/23/0462','08012345678','NULL','2025-07-16 12:42:40','2025-09-13 08:42:43','student',0),(1031,13,2,'MU/23/0460','Chinemerem','Nnaji','chinemerem.nnaji@madukauniversity.edu.ng','Excel','MU/23/0460','08012345678','NULL','2025-07-16 12:42:40','2025-09-13 08:42:43','student',0),(1032,13,2,'MU/23/0459','Latifa','Kadiri','gift.kadiri@madukauniversity.edu.ng','Gift','MU/23/0459','08012345678','NULL','2025-07-16 12:42:40','2025-09-13 08:42:43','student',0),(1033,13,2,'MU/23/0458','favour','Friday','favour.friday@madukauniversity.edu.ng','Eneh','MU/23/0458','08012345678','NULL','2025-07-16 12:42:40','2025-09-13 08:42:43','student',0),(1034,13,2,'MU/23/0457','Immaculata','Ugwu','immaculata.ugwu@madukauniversity.edu.ng','Nneoma','MU/23/0457','08012345678','NULL','2025-07-16 12:42:40','2025-09-13 08:42:43','student',0),(1035,13,2,'MU/23/0456','LUCY','OBASI','lucy.obasi@madukauniversity.edu.ng','NKECHI','MU/23/0456','08012345678','NULL','2025-07-16 12:42:40','2025-09-13 08:42:43','student',0),(1036,13,2,'MU/23/0455','BLESSING','Afeisume','blessing.afeisume@madukauniversity.edu.ng','Ifeoma','MU/23/0455','08012345678','NULL','2025-07-16 12:42:40','2025-09-13 08:42:43','student',0),(1037,13,2,'MU/23/0454','ONYEDIKACHI','NWATU','onyedikachi.nwatu@madukauniversity.edu.ng','GIFT','MU/23/0454','08012345678','NULL','2025-07-16 12:42:40','2025-09-13 08:42:43','student',0),(1038,13,2,'MU/23/0453','Destiny','Obiefule','destiny.obiefule@madukauniversity.edu.ng','Chiedozie','MU/23/0453','08012345678','NULL','2025-07-16 12:42:40','2025-09-13 08:42:43','student',0),(1039,13,2,'MU/23/0452','ANTHONIA','EDEBEATU','anthonia.edebeatu@madukauniversity.edu.ng','CHIDIOGO','MU/23/0452','08012345678','NULL','2025-07-16 12:42:40','2025-09-13 08:42:43','student',0),(1040,13,2,'MU/23/0451','IJEOMA','NNABUNDO','ijeoma.nnabundo@madukauniversity.edu.ng','GLADYS','MU/23/0451','08012345678','NULL','2025-07-16 12:42:40','2025-09-13 08:42:43','student',0),(1041,13,2,'MU/23/0450','Judith','Edebeatu','judith.edebeatu@madukauniversity.edu.ng','Chidinma','MU/23/0450','08012345678','NULL','2025-07-16 12:42:40','2025-09-13 08:42:43','student',0),(1042,13,2,'MU/23/0449','Gabriel','Divine','ojimaojo.gabriel@madukauniversity.edu.ng','Ojimaojo','MU/23/0449','08012345678','NULL','2025-07-16 12:42:40','2025-09-13 08:42:43','student',0),(1043,13,2,'MU/23/0448','FATIMA','UMAR','fatima.umar@madukauniversity.edu.ng','SHUAIBU','MU/23/0448','08012345678','NULL','2025-07-16 12:42:40','2025-09-13 08:42:43','student',0),(1044,13,2,'MU/23/0447','Chinaza','Ugwu','chinaza.ugwu@madukauniversity.edu.ng','Jennifer','MU/23/0447','08012345678','NULL','2025-07-16 12:42:40','2025-09-13 08:42:43','student',0),(1045,13,2,'MU/23/0446','MOSES','UGOH','moses.ugoh@madukauniversity.edu.ng','CHUKWUNYEREM','MU/23/0446','08012345678','NULL','2025-07-16 12:42:40','2025-09-13 08:42:43','student',0),(1046,13,2,'MU/23/0649','CHUKWUMA','FAVOUR','chukwuma.favour@madukauniversity.edu.ng','CHIDIMMA','MU/23/0649','08012345678','NULL','2025-07-16 12:42:40','2025-09-13 08:42:43','student',0),(1047,13,2,'MU/23/0501','AIGBE-OVENLWINOSA','COVENANT','aigbe-ovenlwinosa@madukauniversity.edu.ng','COVENANT','MU/23/0501','08012345678','NULL','2025-07-16 12:42:40','2025-09-13 08:42:43','student',0),(1048,13,2,'MU/23/0491','ADA','AKPE','akpe.ada@madukauniversity.edu.ng','PRINCESS','MU/23/0491','08012345678','NULL','2025-07-16 12:42:40','2025-09-13 08:42:43','student',0),(1049,13,2,'MU/23/0481','VICTOR','OKPARA','okpara.victor1@madukauniversity.edu.ng','CHIMDUKWU','MU/23/0481','08012345678','NULL','2025-07-16 12:42:40','2025-09-13 08:42:43','student',0),(1050,13,2,'MU/23/0645','Mercy','Ibezim','Mercy.ibezim@madukauniversity.edu.ng','Chinaza','MU/23/0645','08012345678','NULL','2025-07-16 12:42:40','2025-09-13 08:42:43','student',0),(1051,13,2,'MU/23/0580','PRECIOUS','ADEGBITE','precious.adegbite1@madukauniversity.edu.ng','ADEBISI','MU/23/0580','08012345678','NULL','2025-07-16 12:42:40','2025-09-13 08:42:43','student',0),(1052,13,2,'MU/23/0226','LILIAN','OKEKE ','lilian.okeke@madukauniversity.edu.ng','CHIZOBA','MU/23/0226','08012345678','NULL','2025-07-16 12:42:40','2025-09-13 08:42:43','student',0),(1053,14,2,'MU/23/0154','Ojo','Abdul-Salam','bdulsalam.ojo@madukauniversity.edu.ng','Adekola','MU/23/0154','08012345678','NULL','2025-07-16 12:42:40','2025-09-13 08:42:43','student',0),(1054,14,2,'MU/23/0229','Chidozie','Rehoboth','rehoboth.chidozie@madukauniversity.edu.ng','Chimdumaga','MU/23/0229','08012345678','NULL','2025-07-16 12:42:40','2025-09-13 08:42:43','student',0),(1055,14,2,'MU/23/0646','Clifford','Doris','clifford.doris@madukauniversity.edu.ng','nnemdi','MU/23/0646','08012345678','NULL','2025-07-16 12:42:40','2025-09-13 08:42:43','student',0),(1056,14,2,'Mu/23/0193','okwume','Benita','okwume.benita@madukauniversity.edu.ng','Mmesoma','Mu/23/0193','08012345678','NULL','2025-07-16 12:42:41','2025-09-13 08:42:43','student',0),(1057,14,2,'MU/23/0147','Nnaji','Samuel','akachukwu.nnaji@madukauniversity.edu.ng','Akachukwu','MU/23/0147','08012345678','NULL','2025-07-16 12:42:41','2025-09-13 08:42:43','student',0),(1058,14,2,'MU/23/0516','Ihiesinachi','Herbert','ihiesinachi.herbert@madukauniversity.edu.ng','Izundu','MU/23/0516','08012345678','NULL','2025-07-16 12:42:41','2025-09-13 08:42:43','student',0),(1059,14,2,'MU/23/0558','Goodness','Abah','goodness.abah@madukauniversity.edu.ng','Ebiegan','MU/23/0558','08012345678','NULL','2025-07-16 12:42:41','2025-09-13 08:42:43','student',0),(1060,14,2,'Mu/23/0175','Chisom','Enyibuaku','enyibuaku.chisom@madukauniversity.edu.ng','Samuel','Mu/23/0175','08012345678','NULL','2025-07-16 12:42:41','2025-09-13 08:42:43','student',0),(1061,14,2,'MU/23/0174','Ereaku','Emmanuel','ereaku.emmanuel@madukauniversity.edu.ng','Emmanuel','MU/23/0174','08012345678','NULL','2025-07-16 12:42:41','2025-09-13 08:42:43','student',0),(1062,14,2,'MU/23/0144','Solomon','Akwue','solomon.akwue@madukauniversity.edu.ng','Somto','MU/23/0144','08012345678','NULL','2025-07-16 12:42:41','2025-09-13 08:42:43','student',0),(1063,14,2,'MU/23/0195','Augusta','Okorafor','chiamaka.okorafor@madukauniversity.edu.ng','Chiamaka','MU/23/0195','08012345678','NULL','2025-07-16 12:42:41','2025-09-13 08:42:43','student',0),(1064,14,2,'MU/23/0151','Ezeugwu','Felix','chisom.ezeugwu@madukauniversity.edu.ng','Chisom','MU/23/0151','08012345678','NULL','2025-07-16 12:42:41','2025-09-13 08:42:43','student',0),(1065,14,2,'MU/23/0162','Kingdavid','Somto','kingdavid.ogbodo@madukauniversity.edu.ng','Ogbodo','MU/23/0162','08012345678','NULL','2025-07-16 12:42:41','2025-09-13 08:42:43','student',0),(1066,14,2,'MU/23/0181','Favour','Egwuonwu','favour.egwuonwu@madukauniversity.edu.ng','Ifebubechukwu','MU/23/0181','08012345678','NULL','2025-07-16 12:42:41','2025-09-13 08:42:43','student',0),(1067,14,2,'MU/23/0183','FAVOUR','ANADU','favour.anadu@madukauniversity.edu.ng','CHIADIKA','MU/23/0183','08012345678','NULL','2025-07-16 12:42:41','2025-09-13 08:42:43','student',0),(1068,14,2,'MU/23/0182','Ebube','Eze','ebube.eze@madukauniversity.edu.ng','Chiadikamma','MU/23/0182','08012345678','NULL','2025-07-16 12:42:41','2025-09-13 08:42:43','student',0),(1069,14,2,'MU/23/0155','Daniel','Ilesanmi','daniel.ilesanmi@madukauniversity.edu.ng','Temilade','MU/23/0155','08012345678','NULL','2025-07-16 12:42:41','2025-09-13 08:42:43','student',0),(1070,14,2,'MU/23/0115','OGBUAGU','UCHE','uche.ogbuagu@madukauniversity.edu.ng','KELECHI','MU/23/0115','08012345678','NULL','2025-07-16 12:42:41','2025-09-13 08:42:43','student',0),(1071,14,2,'MU/23/0114','OGOCHUKWU','MUOKA','ogochukwu.muoka@madukauniversity.edu.ng','MARYLUCY','MU/23/0114','08012345678','NULL','2025-07-16 12:42:41','2025-09-13 08:42:43','student',0),(1072,14,2,'MU/23/0113','Chiderah','Uzochukwu','chiderah.uzochukwu@madukauniversity.edu.ng','Sharon','MU/23/0113','08012345678','NULL','2025-07-16 12:42:41','2025-09-13 08:42:43','student',0),(1073,14,2,'MU/23/0112','DAVID','UGO-ERESIMADU','david.ugoeresimadu@madukauniversity.edu.ng','CHIGOZIRIM','MU/23/0112','08012345678','NULL','2025-07-16 12:42:41','2025-09-13 08:42:43','student',0),(1074,14,2,'MU/23/0111','CYNTHIA','ODUMEGWU','cynthia.odumegwu@madukauniversity.edu.ng','CHIDIMMA','MU/23/0111','08012345678','NULL','2025-07-16 12:42:41','2025-09-13 08:42:43','student',0),(1075,14,2,'MU/23/0110','DAVID','IROBI','david.irobi@madukauniversity.edu.ng','CHIKEZIRI','MU/23/0110','08012345678','NULL','2025-07-16 12:42:41','2025-09-13 08:42:43','student',0),(1076,14,2,'MU/23/0109','EDWARD','AROH','edward.aroh@madukauniversity.edu.ng','CHIKEZIE','MU/23/0109','08012345678','NULL','2025-07-16 12:42:41','2025-09-13 08:42:43','student',0),(1077,14,2,'MU/23/0108','MMESOMA','UCHEGBU','mmesoma.uchegbu@madukauniversity.edu.ng','EUNICE','MU/23/0108','08012345678','NULL','2025-07-16 12:42:41','2025-09-13 08:42:43','student',0),(1078,14,2,'MU/23/0107','Anthony','Edward','edward.anthony@madukauniversity.edu.ng','Chukwubuike','MU/23/0107','08012345678','NULL','2025-07-16 12:42:41','2025-09-13 08:42:43','student',0),(1079,14,2,'MU/23/0106','Marvellous','Nkemakolam','marvellous.nkemakolam@madukauniversity.edu.ng','Amarachi','MU/23/0106','08012345678','NULL','2025-07-16 12:42:41','2025-09-13 08:42:43','student',0),(1080,14,2,'MU/23/0105','ANTHONY','OBIDIKE','chinede.obidike@madukauniversity.edu.ng','CHINEDU','MU/23/0105','08012345678','NULL','2025-07-16 12:42:41','2025-09-13 08:42:43','student',0),(1081,14,2,'MU/23/0104','Sophie','Emiemokumo','sophie.emiemokumo@madukauniversity.edu.ng','Adenike','MU/23/0104','08012345678','NULL','2025-07-16 12:42:41','2025-09-13 08:42:43','student',0),(1082,14,2,'MU/23/0103','KYRIAN','EMENIKE','kyrian.collins@madukauniversity.edu.ng','COLLINS','MU/23/0103','08012345678','NULL','2025-07-16 12:42:41','2025-09-13 08:42:43','student',0),(1083,14,2,'MU/23/0102','Emmanuel','Okiki','emmanuel.uduimoh@madukauniversity.edu.ng','Uduimoh','MU/23/0102','08012345678','NULL','2025-07-16 12:42:41','2025-09-13 08:42:43','student',0),(1084,14,2,'MU/23/0101','Peculiar','Akpe','peculiar.akpe@madukauniversity.edu.ng','Onyekachi','MU/23/0101','08012345678','NULL','2025-07-16 12:42:41','2025-09-13 08:42:43','student',0),(1085,14,2,'MU/23/0100','KOSISOCHUKWU FAVOUR','OKABE','kosisochukwu.okabe@madukauniversity.edu.ng','OGBA','MU/23/0100','08012345678','NULL','2025-07-16 12:42:41','2025-09-13 08:42:43','student',0),(1086,14,2,'MU/23/0168','EMMANUEL','OKEILE','emmanuel.okeile@madukauniversity.edu.ng','ONYEDIKACHI','MU/23/0168','08012345678','NULL','2025-07-16 12:42:41','2025-09-13 08:42:43','student',0),(1087,14,2,'MU/23/0166','Nnenna','Mgbenwelu','nnenna.sophia@madukauniversity.edu.ng','Sophia','MU/23/0166','08012345678','NULL','2025-07-16 12:42:41','2025-09-13 08:42:43','student',0),(1088,14,2,'MU/23/0131','Kennedy','Ugwu','chidubem.ugwu@madukauniversity.edu.ng','Chidubem','MU/23/0131','08012345678','NULL','2025-07-16 12:42:41','2025-09-13 08:42:43','student',0),(1089,14,2,'MU/23/0126','Alice','Silas','alice.silas@madukauniversity.edu.ng','chiamaka','MU/23/0126','08012345678','NULL','2025-07-16 12:42:41','2025-09-13 08:42:43','student',0),(1090,14,2,'MU/23/0143','RAY','OSCAR','oscar.ray@madukauniversity.edu.ng','EDET','MU/23/0143','08012345678','NULL','2025-07-16 12:42:41','2025-09-13 08:42:43','student',0),(1091,14,2,'MU/23/0133','Chidubem','Onyeukwu','chidubem.onyeukwu@madukauniversity.edu.ng','Blessing','MU/23/0133','08012345678','NULL','2025-07-16 12:42:41','2025-09-13 08:42:43','student',0),(1092,14,2,'MU/23/0127','Excel','Onyeka','excel.onyeka@madukauniversity.edu.ng','Chioma','MU/23/0127','08012345678','NULL','2025-07-16 12:42:41','2025-09-13 08:42:43','student',0),(1093,14,2,'MU/23/0130','Onaga','Thelma','akachukwu.onaga@madukauniversity.edu.ng','Akachukwu','MU/23/0130','08012345678','NULL','2025-07-16 12:42:41','2025-09-13 08:42:43','student',0),(1094,14,2,'MU/23/0137','Chinedu','Okorie','precious.okorie@madukauniversity.edu.ng','Precious','MU/23/0137','08012345678','NULL','2025-07-16 12:42:41','2025-09-13 08:42:43','student',0),(1095,14,2,'MU/23/0140','Johnpaul','Chukwuemeka','johnpaul.ogbonna@madukauniversity.edu.ng','Ogbonna','MU/23/0140','08012345678','NULL','2025-07-16 12:42:41','2025-09-13 08:42:43','student',0),(1096,14,2,'MU/23/0117','OBUTE','OGOCHUKWU','ogochukwu.obute@madukauniversity.edu.ng','PATIENCE','MU/23/0117','08012345678','NULL','2025-07-16 12:42:41','2025-09-13 08:42:43','student',0),(1097,14,2,'MU/23/0124','Chigozie','Obinwa','chigozie.obinwa@madukauniversity.edu.ng','Precious','MU/23/0124','08012345678','NULL','2025-07-16 12:42:41','2025-09-13 08:42:43','student',0),(1098,14,2,'MU/23/0119','Confidence','Nwokedi','confidence.nwokedi@madukauniversity.edu.ng','Ebubechukwu','MU/23/0119','08012345678','NULL','2025-07-16 12:42:41','2025-09-13 08:42:43','student',0),(1099,14,2,'MU/23/0142','NNONA','DAVID','nnona.david@madukauniversity.edu.ng','Chimaobi','MU/23/0142','08012345678','NULL','2025-07-16 12:42:41','2025-09-13 08:42:43','student',0),(1100,14,2,'MU/23/0116','Helen','Nnadiukwu','chinenye.nnadiukwu@madukauniversity.edu.ng','Chinenye','MU/23/0116','08012345678','NULL','2025-07-16 12:42:41','2025-09-13 08:42:43','student',0),(1101,14,2,'MU/23/0136','Mgbemena','Chiamaka','precious.chiamaka@madukauniversity.edu.ng','Precious','MU/23/0136','08012345678','NULL','2025-07-16 12:42:41','2025-09-13 08:42:43','student',0),(1102,14,2,'MU/23/0129','JONATHAN','EZEKIEL','ezekiel.jonathan@madukauniversity.edu.ng','NNAMDI','MU/23/0129','08012345678','NULL','2025-07-16 12:42:41','2025-09-13 08:42:43','student',0),(1103,14,2,'MU/23/0122','Divine','Jonah','divine.jonah.@madukauniversity.edu.ng','Ekwere','MU/23/0122','08012345678','NULL','2025-07-16 12:42:41','2025-09-13 08:42:43','student',0),(1104,14,2,'MU/23/0139','Isaac','Okwuchukwu','isaac.ugochukwu@madukauniversity.edu.ng','Ugochukwu','MU/23/0139','08012345678','NULL','2025-07-16 12:42:41','2025-09-13 08:42:43','student',0),(1105,14,2,'MU/23/0141','Dumebi','Nwankwor','dumebi.nwankwor@madukauniversity.edu.ng','Zephrinus','MU/23/0141','08012345678','NULL','2025-07-16 12:42:41','2025-09-13 08:42:43','student',0),(1106,14,2,'MU/23/0132','Conqueror','Abba','conqueror.abba@madukauniversity.edu.ng','Ameh','MU/23/0132','08012345678','NULL','2025-07-16 12:42:41','2025-09-13 08:42:43','student',0),(1107,14,2,'MU/23/0125','GARBA','ANTHONY','nanjwanmun.garba@madukauniversity.edu.ng','NANJWANMUN','MU/23/0125','08012345678','NULL','2025-07-16 12:42:41','2025-09-13 08:42:43','student',0),(1108,14,2,'MU/23/0112','David','Ugo-Eresimadu','eresimadu.ugo@madukauniversity.edu.ng','Chigozirim','MU/23/0112','08012345678','NULL','2025-07-16 12:42:41','2025-09-13 08:42:43','student',0),(1109,14,2,'MU/23/0187','Ozor','Adanna','lucy.ozor@madukauniversity.edu.ng','Lucy','MU/23/0187','08012345678','NULL','2025-07-16 12:42:41','2025-09-13 08:42:43','student',0),(1110,14,2,'MU/23/0184','Delight','John','delight.john@madukauniversity.edu.ng','Chimela','MU/23/0184','08012345678','NULL','2025-07-16 12:42:41','2025-09-13 08:42:43','student',0),(1111,14,2,'MU/23/0176','Chukwuma','Williams','chukwuma.williams@madukauniversity.edu.ng','Chinecherem','MU/23/0176','08012345678','NULL','2025-07-16 12:42:41','2025-09-13 08:42:43','student',0),(1112,14,2,'MU/23/0163','Goodness','Baba','goodness.baba@madukauniversity.edu.ng','Ojone','MU/23/0163','08012345678','NULL','2025-07-16 12:42:41','2025-09-13 08:42:43','student',0),(1113,14,2,'MU/23/0185','Chiamaka','Ogbonna','chiamaka.ogbonna@madukauniversity.edu.ng','Pretty-Gift','MU/23/0185','08012345678','NULL','2025-07-16 12:42:41','2025-09-13 08:42:43','student',0),(1114,14,2,'MU/23/0173','Blessing','Sunday','blessing.sunday@madukauniversity.edu.ng','Ngozi','MU/23/0173','08012345678','NULL','2025-07-16 12:42:41','2025-09-13 08:42:43','student',0),(1115,14,2,'MU/23/0186','Nchekwube','Lydia','nchekwube.lydia@madukauniversity.edu.ng','Chisimdiri','MU/23/0186','08012345678','NULL','2025-07-16 12:42:41','2025-09-13 08:42:43','student',0),(1116,14,2,'MU/23/0189','COMFORT','ANIAKOR','comfort.aniakor@madukauniversity.edu.ng','IKEDIYE','MU/23/0189','08012345678','NULL','2025-07-16 12:42:41','2025-09-13 08:42:43','student',0),(1117,14,2,'MU/23/0191','Victor','Ekeh','victor.ekeh@madukauniversity.edu.ng','Onyedika','MU/23/0191','08012345678','NULL','2025-07-16 12:42:41','2025-09-13 08:42:43','student',0),(1118,14,2,'MU/23/0164','ONUH','AMARACHUKWU','onuh.eunice@madukauniversity.edu.ng','EUNICE','MU/23/0164','08012345678','NULL','2025-07-16 12:42:41','2025-09-13 08:42:43','student',0),(1119,14,2,'MU/23/0138','MARY-DANIELLA','CHINYEAKA','mary-daniella.chinyeaka@madukauniversity.edu.ng','CHIZORAM','MU/23/0138','08012345678','NULL','2025-07-16 12:42:41','2025-09-13 08:42:43','student',0),(1120,14,2,'MU/23/0123','Chinwendu','Ayogu','chinwendu.ayogu@madukauniversity.edu.ng','Anthony','MU/23/0123','08012345678','NULL','2025-07-16 12:42:41','2025-09-13 08:42:43','student',0),(1121,14,2,'MU/23/0135','THANKGOD','FELIX','thankgod.asuquo@madukauniversity.edu.ng','ASUQUO','MU/23/0135','08012345678','NULL','2025-07-16 12:42:41','2025-09-13 08:42:43','student',0),(1122,14,2,'MU/23/0134','Ifechukwu','Alor','ifechukwu.aior@madukauniversity.edu.ng','Abraham','MU/23/0134','08012345678','NULL','2025-07-16 12:42:41','2025-09-13 08:42:43','student',0),(1123,14,2,'MU/23/0120','Merry','Adikwu','merry.adikwu@madukauniversity.edu.ng','Ehi','MU/23/0120','08012345678','NULL','2025-07-16 12:42:41','2025-09-13 08:42:43','student',0),(1124,14,2,'MU/23/0161','Arinze','Odoh','arinze.odoh@madukauniversity.edu.ng','James','MU/23/0161','08012345678','NULL','2025-07-16 12:42:41','2025-09-13 08:42:43','student',0),(1125,14,2,'MU/23/0158','Wilfred','Agada','agada.wilfred@madukauniversity.edu.ng','Ikechukwu','MU/23/0158','08012345678','NULL','2025-07-16 12:42:41','2025-09-13 08:42:43','student',0),(1126,14,2,'MU/23/0190','Ikpa','Loveth','loveth.ikpa@madukauniversity.edu.ng','Obiageli','MU/23/0190','08012345678','NULL','2025-07-16 12:42:41','2025-09-13 08:42:43','student',0),(1127,14,2,'MU/23/0154','ABDULSALAM','OJO','abdulsalam.ojo@madukauniversity.edu.ng','ADEKOLA','MU/23/0154','08012345678','NULL','2025-07-16 12:42:41','2025-09-13 08:42:43','student',0),(1128,14,2,'MU/23/0146','CHUKWUIEKWUTE','THANKGOD','chukwuiekwute.thankgod@madukauniversity.edu.ng','THANKGOD','MU/23/0146','08012345678','NULL','2025-07-16 12:42:41','2025-09-13 08:42:43','student',0),(1129,14,2,'MU/23/0196','Auta','Nelson','auta.nelson@madukauniversity.edu.ng','Akuyiche','MU/23/0196','08012345678','NULL','2025-07-16 12:42:41','2025-09-13 08:42:43','student',0),(1130,14,2,'MU/23/0159','DOMINIC','UMORU','dominic.umoru@madukauniversity.edu.ng','ENEBOJOJO','MU/23/0159','08012345678','NULL','2025-07-16 12:42:41','2025-09-13 08:42:43','student',0),(1131,14,2,'MU/23/0153','Ogbu','Owelle','owelle.ogbu@madukauniversity.edu.ng','Azaria','MU/23/0153','08012345678','NULL','2025-07-16 12:42:41','2025-09-13 08:42:43','student',0),(1132,14,2,'MU/23/0201','PEACE','CHINWEUBA','chidiebere.chinweuba@madukauniversity.edu.ng','CHIDIEBERE','MU/23/0201','08012345678','NULL','2025-07-16 12:42:41','2025-09-13 08:42:43','student',0),(1133,14,2,'MU/23/0150','EZINNE','NWEKE','ezinne.nweke@madukauniversity.edu.ng','JANE','MU/23/0150','08012345678','NULL','2025-07-16 12:42:41','2025-09-13 08:42:43','student',0),(1134,14,2,'MU/23/0167','EBUBECHUKWU','UGWUOKE','genevieve.ugwuoke@madukauniversity.edu.ng','GENEVIEVE','MU/23/0167','08012345678','NULL','2025-07-16 12:42:41','2025-09-13 08:42:43','student',0),(1135,14,2,'MU/23/0149','Odion','peace','odion.agbonmerepeace@madukauniversity.edu.ng','agbonmere','MU/23/0149','08012345678','NULL','2025-07-16 12:42:41','2025-09-13 08:42:43','student',0),(1136,14,2,'MU/23/0156','Divine','Bassey','divine.bassey@madukauniversity.edu.ng','Charles','MU/23/0156','08012345678','NULL','2025-07-16 12:42:41','2025-09-13 08:42:43','student',0),(1137,14,2,'MU/23/0177','DAVID','OTABA','david.otaba@madukauniversity.edu.ng','EBUBECHUKWU','MU/23/0177','08012345678','NULL','2025-07-16 12:42:41','2025-09-13 08:42:43','student',0),(1138,14,2,'MU/23/0178','VICTOR','UKWUEZE','ukwueze.victor@madukauniversity.edu.ng','CHIMUANYA','MU/23/0178','08012345678','NULL','2025-07-16 12:42:41','2025-09-13 08:42:43','student',0),(1139,14,2,'MU/23/0531','Onyegbulem','Janet','janet.onyegbulem@madukauniversity.edu.ng','Chiamaka','MU/23/0531','08012345678','NULL','2025-07-16 12:42:41','2025-09-13 08:42:43','student',0),(1140,14,2,'MU/23/0553','Eze','Emmanuella','chidera.eze@madukauniversity.edu.ng','Chidera','MU/23/0553','08012345678','NULL','2025-07-16 12:42:41','2025-09-13 08:42:43','student',0),(1141,14,2,'MU/23/0170','Mercy','Ifechukwu','mercy.okafor@madukauniversity.edu.ng','Okafor','MU/23/0170','08012345678','NULL','2025-07-16 12:42:41','2025-09-13 08:42:43','student',0),(1142,14,2,'MU/23/0646','Ojo','Abdul-razaq','abdul-razaq.ojo@madukauniversity.edu.ng','Adewale','MU/23/0646','08012345678','NULL','2025-07-16 12:42:41','2025-09-13 08:42:43','student',0),(1143,14,2,'MU/23/0209','VICTOR','ALEX','victor.alex@madukauniversity.edu.ng','ANIEKAN','MU/23/0209','08012345678','NULL','2025-07-16 12:42:41','2025-09-13 08:42:43','student',0),(1144,14,2,'MU/23/0234','MUNACHI','NWAGBARA DANIELS','munachi.nwagbara-daniels@madukauniversity.edu.ng','MUNACHI','MU/23/0234','08012345678','NULL','2025-07-16 12:42:41','2025-09-13 08:42:43','student',0),(1145,14,2,'MU/23/0179','ELUAGU','KELECHUKWU VICTOR','victor.eluagukelechukwu@madukaumiversity.edu.ng','VICTOR','MU/23/0179','08012345678','NULL','2025-07-16 12:42:42','2025-09-13 08:42:43','student',0),(1146,14,2,'MU/23/0229','Chidozie','Rehoboth','chidozie.rehoboth@madukauniversity.edu.ng','chidozie','MU/23/0229','08012345678','NULL','2025-07-16 12:42:42','2025-09-13 08:42:43','student',0),(1147,14,2,'MU/23/0180','Deborah','Sule','deborah.sule@madukauniversity.edu.ng','deborah','MU/23/0180','08012345678','NULL','2025-07-16 12:42:42','2025-09-13 08:42:43','student',0),(1148,14,2,'MU/23/0165','Chizaram','Okpara','chizaram.okpara@madukauniversity.edu.ng','chizaram','MU/23/0165','08012345678','NULL','2025-07-16 12:42:42','2025-09-13 08:42:43','student',0),(1149,14,2,'MU/23/0152','Doris','Clifford','doris.clifford@madukauniversity.edu.ng','dorisclifford','MU/23/0152','08012345678','NULL','2025-07-16 12:42:42','2025-09-13 08:42:43','student',0),(1150,14,2,'MU/23/0121','Victor','Chukwuka','victor.chukwuka@madukauniversity.edu.ng','victor','MU/23/0121','08012345678','NULL','2025-07-16 12:42:42','2025-09-13 08:42:43','student',0),(1151,14,2,'MU/23/0118','Chiamaka','Elom','elom.chiamakacynthia@madukauniversity.edu.ng','elomchiamaka','MU/23/0118','08012345678','NULL','2025-07-16 12:42:42','2025-09-13 08:42:43','student',0),(1152,14,2,'MU/23/0169','Esomchukwu','Chinweze','esomchukwu.chinweze@madukauniversity.edu.ng','esomchukwu','MU/23/0169','08012345678','NULL','2025-07-16 12:42:42','2025-09-13 08:42:43','student',0),(1153,14,2,'MU/23/0157','Mercy','Fakas','mercy.fakas@madukauniversity.edu.ng','mercy','MU/23/0157','08012345678','NULL','2025-07-16 12:42:42','2025-09-13 08:42:43','student',0),(1154,14,2,'MU/23/0188','Blessing','Ugwueze','blessing.ugwueze@madukauniversity.edu.ng','blessing','MU/23/0188','08012345678','NULL','2025-07-16 12:42:42','2025-09-13 08:42:43','student',0),(1155,14,2,'MU/23/0145','Paul','Afeisume','paul.afeisume@madukauniversity.edu.ng','paul','MU/23/0145','08012345678','NULL','2025-07-16 12:42:42','2025-09-13 08:42:43','student',0),(1156,14,2,'MU/23/0160','Chigoziem','Ntosi','chigoziem.ntosi@madukauniversity.edu.ng','chigoziem','MU/23/0160','08012345678','NULL','2025-07-16 12:42:42','2025-09-13 08:42:43','student',0),(1157,14,2,'MU/23/0194','Alfred','Kelvin','alfred.kelvin@madukauniversity.edu.ng','alfredkelvin','MU/23/0194','08012345678','NULL','2025-07-16 12:42:42','2025-09-13 08:42:43','student',0),(1158,14,2,'MU/23/0172','Kamsi','Nnamchi','kamsi.nnamchi@madukauniversity.edu.ng','kamsi','MU/23/0172','08012345678','NULL','2025-07-16 12:42:42','2025-09-13 08:42:43','student',0),(1159,14,2,'MU/23/0128','Precious','Inalegwu','precious.inalegwu@madukauniversity.edu.ng','inalegwu','MU/23/0128','08012345678','NULL','2025-07-16 12:42:42','2025-09-13 08:42:43','student',0),(1160,13,2,'MU/HS/24/0223','EMERIBE','IJEOMA','emeribe.ijeoma@madukauniversity.edu.ng','EUNICE','MU/HS/24/0223','08012345678','NULL','2025-07-16 12:42:42','2025-09-13 08:42:43','student',0),(1161,13,2,'MU/HS/24/0224','NWANKWO','CHISOM','nwankwo.chisom@madukauniversity.edu.ng','PRECIOUS','MU/HS/24/0224','08012345678','NULL','2025-07-16 12:42:42','2025-09-13 08:42:43','student',0),(1162,13,2,'MU/HS/24/0225','OBAJI','ABIGAIL','obaji.abigail@madukauniversity.edu.ng','NNEOMA','MU/HS/24/0225','08012345678','NULL','2025-07-16 12:42:42','2025-09-13 08:42:43','student',0),(1163,13,2,'MU/HS/24/0226','ELOIKE','CHINECHEREM','eloike.chinecherem@madukauniversity.edu.ng','SANDRA','MU/HS/24/0226','08012345678','NULL','2025-07-16 12:42:42','2025-09-13 08:42:43','student',0),(1164,13,2,'MU/HS/24/0227','OYIFIODA','FAVOUR','oyifioda.favour@madukauniversity.edu.ng','AMINA','MU/HS/24/0227','08012345678','NULL','2025-07-16 12:42:42','2025-09-13 08:42:43','student',0),(1165,13,2,'MU/HS/24/0228','OGBODO','CHISOM','ogbodo.chisom@madukauniversity.edu.ng','ROSELINE','MU/HS/24/0228','08012345678','NULL','2025-07-16 12:42:42','2025-09-13 08:42:43','student',0),(1166,13,2,'MU/HS/24/0229','CHUKWU','CHIAMAKA','chukwu.chiamaka@madukauniversity.edu.ng','GLORIA','MU/HS/24/0229','08012345678','NULL','2025-07-16 12:42:42','2025-09-13 08:42:43','student',0),(1167,13,2,'MU/HS/24/0230','EGHAGHA','OGHENENYEROVWHO','eghagha.oghenenyerovwho@madukauniversity.edu.ng','EVANGEL','MU/HS/24/0230','08012345678','NULL','2025-07-16 12:42:42','2025-09-13 08:42:43','student',0),(1168,13,2,'MU/HS/24/0231','UBAH','MMESOMA','ubah.mmesoma@madukauniversity.edu.ng','STEPHANIE','MU/HS/24/0231','08012345678','NULL','2025-07-16 12:42:42','2025-09-13 08:42:43','student',0),(1169,13,2,'MU/HS/24/0232','UBAH','MARYFLORA','ubah.maryflora@madukauniversity.edu.ng','UCHECHUKWU','MU/HS/24/0232','08012345678','NULL','2025-07-16 12:42:42','2025-09-13 08:42:43','student',0),(1170,12,2,'MU/HS/24/0233','IBEH','EWOMAZINO','ibeh.ewomazino@madukauniversity.edu.ng','VICTORIA','MU/HS/24/0233','08012345678','NULL','2025-07-16 12:42:42','2025-09-13 08:42:43','student',0),(1171,12,2,'MU/HS/24/0234','IKENNA','FAVOUR','ikenna.favour@madukauniversity.edu.ng','ONYINYECHI','MU/HS/24/0234','08012345678','NULL','2025-07-16 12:42:42','2025-09-13 08:42:43','student',0),(1172,12,2,'MU/HS/24/0235','NWAJIAGU','JOSHUA','nwajiagu.joshua@madukauniversity.edu.ng','CHUKWUEMELIE','MU/HS/24/0235','08012345678','NULL','2025-07-16 12:42:42','2025-09-13 08:42:43','student',0),(1173,12,2,'MU/HS/24/0236','EMECHETA','OZIOMA','emecheta.ozioma@madukauniversity.edu.ng','EMMANUELLA','MU/HS/24/0236','08012345678','NULL','2025-07-16 12:42:42','2025-09-13 08:42:43','student',0),(1174,12,2,'MU/HS/24/0244','OKAFOR ','QUEENSLEY','okafor.queensley@madukauniversity.edu.ng','MMESOMA','MU/HS/24/0244','08012345678','NULL','2025-07-16 12:42:42','2025-09-13 08:42:43','student',0),(1175,12,2,'MU/HS/24/0261','OGBA','ESTHER','ogba.esther@madukauniversity.edu.ng','OGAYI','MU/HS/24/0261','08012345678','NULL','2025-07-16 12:42:42','2025-09-13 08:42:43','student',0),(1176,14,2,'MU/PH/24/0068','ENYI','HENRIETTA','enyi.henrietta@madukauniversity.edu.ng','NNEOMA','MU/PH/24/0068','08012345678','NULL','2025-07-16 12:42:42','2025-09-13 08:42:43','student',0),(1177,14,2,'MU/PH/24/0069','NWEREM','PROMISE','nwerem.promise@madukauniversity.edu.ng','UCHENNA','MU/PH/24/0069','08012345678','NULL','2025-07-16 12:42:42','2025-09-13 08:42:43','student',0),(1178,14,2,'MU/PH/24/0070','BENEDICT','WISDOM','benedict.wisdom@madukauniversity.edu.ng','CHINONSO','MU/PH/24/0070','08012345678','NULL','2025-07-16 12:42:42','2025-09-13 08:42:43','student',0),(1179,14,2,'MU/PH/24/0072','EZE','HENRY','eze.henry@madukauniversity.edu.ng','ODINACHUKWU','MU/PH/24/0072','08012345678','NULL','2025-07-16 12:42:42','2025-09-13 08:42:43','student',0),(1180,14,2,'MU/PH/24/0073','NWAGBOO','CHIDUBEM','nwagboo.chidubem@madukauniversity.edu.ng','AKATOBI','MU/PH/24/0073','08012345678','NULL','2025-07-16 12:42:42','2025-09-13 08:42:43','student',0),(1181,14,2,'MU/PH/24/0074','DOMINIC','JOHNSON','dominic.johnson@madukauniversity.edu.ng','CHINECHEREM','MU/PH/24/0074','08012345678','NULL','2025-07-16 12:42:42','2025-09-13 08:42:43','student',0),(1182,27,2,'MU/LW/24/0074','MICHAEL','MMESOMA','michael.mmesoma@madukauniversity.edu.ng','GRACE','MU/LW/24/0074','08012345678','NULL','2025-07-16 12:42:42','2025-09-13 08:42:43','student',0),(1183,27,2,'MU/LW/24/0075','AMUJIOGU','PURITY','amujiogu.purity@madukauniversity.edu.ng','CHIDIMMA','MU/LW/24/0075','08012345678','NULL','2025-07-16 12:42:42','2025-09-13 08:42:43','student',0),(1184,19,2,'MU/CO/24/0039','ENYI','KINGSLEY','enyi.kingsley@madukauniversity.edu.ng','NNANNA','MU/CO/24/0039','08012345678','NULL','2025-07-16 12:42:42','2025-09-13 08:42:43','student',0),(1185,11,2,'MU/HS/24/0237','AJAYI','ADEOLA','ajayi.adeola@madukauniversity.edu.ng','DEBORAH','MU/HS/24/0237','08012345678','NULL','2025-07-16 12:42:42','2025-09-13 08:42:43','student',0),(1186,3,2,'MU/BS/24/0031','OHIRI','DESMOND','ohiri.desmond@madukauniversity.edu.ng','KENECHUKWU','MU/BS/24/0031','08012345678','NULL','2025-07-16 12:42:42','2025-09-13 08:42:43','student',0),(1187,19,2,'MU/23/0368','Emmanuel','Onyekachi','emmanul.onyekachi@maukauniversity.edu.ng','Onyekachi','MU/23/0368','08012345678','','2025-07-16 18:56:05','2025-09-13 08:42:43','student',0),(1188,14,1,'MU/CE/2000','TEST','STUDENT','test@mail.com','akjesus','MU/CE/2000','08012345678','','2025-07-17 06:07:20','2025-09-13 08:42:43','student',0),(1189,15,1,'MU/23/0325','OKONKWO','TIMOTHY','okonkwo.timothy@madukauniversity.edu.ng','OKONKWO','MU/23/0325','08012345678','','2025-07-25 07:44:42','2025-09-13 08:42:43','student',0),(1190,3,1,'MU/BS/24/0035','Onuorah','Emmanuel','onuorah.emmanuel@madukauniversity.edu.ng','Onuorah','MU/BS/24/0035','08012345678','','2025-07-28 08:00:58','2025-09-13 08:42:43','student',0);
/*!40000 ALTER TABLE `students` ENABLE KEYS */;
UNLOCK TABLES;
/*!40103 SET TIME_ZONE=@OLD_TIME_ZONE */;

/*!40101 SET SQL_MODE=@OLD_SQL_MODE */;
/*!40014 SET FOREIGN_KEY_CHECKS=@OLD_FOREIGN_KEY_CHECKS */;
/*!40014 SET UNIQUE_CHECKS=@OLD_UNIQUE_CHECKS */;
/*!40101 SET CHARACTER_SET_CLIENT=@OLD_CHARACTER_SET_CLIENT */;
/*!40101 SET CHARACTER_SET_RESULTS=@OLD_CHARACTER_SET_RESULTS */;
/*!40101 SET COLLATION_CONNECTION=@OLD_COLLATION_CONNECTION */;
/*!40111 SET SQL_NOTES=@OLD_SQL_NOTES */;

-- Dump completed on 2025-09-22 19:34:53
